kind,M,nu,t,H32,H16
noneq,9,0.0,0,0.80633836,0.72545553
noneq,9,0.0,0.1,0.7841108,0.69671703
noneq,9,0.0,0.2,0.77786764,0.68498368
noneq,9,0.0,0.3,0.77804802,0.69289371
noneq,9,0.0,0.4,0.7654794,0.68861401
noneq,9,0.0,0.5,0.74093306,0.66212089
noneq,9,0.0,0.6,0.71462645,0.60996437
noneq,9,0.0,0.7,0.68217098,0.57162499
noneq,9,0.0,0.8,0.6663245,0.53424029
noneq,9,0.0,0.9,0.65186154,0.51833478
noneq,9,0.0,1,0.62598729,0.49191884
noneq,9,0.0,1.1,0.59840296,0.48390135
noneq,9,0.0,1.2,0.58738075,0.45549621
noneq,9,0.0,1.3,0.57116509,0.44192206
noneq,9,0.0,1.4,0.57386578,0.42273248
noneq,9,0.0,1.5,0.58561517,0.43500761
noneq,9,0.0,1.6,0.57361716,0.43467383
noneq,9,0.0,1.7,0.56082631,0.40534453
noneq,9,0.0,1.8,0.55152696,0.40305102
noneq,9,0.0,1.9,0.550284,0.41100027
noneq,9,0.0,2,0.56155019,0.405287
noneq,9,0.0,2.1,0.57391319,0.43643951
noneq,9,0.0,2.2,0.59292845,0.43639448
noneq,9,0.0,2.3,0.56820982,0.4486984
noneq,9,0.0,2.4,0.57123515,0.4518135
noneq,9,0.0,2.5,0.56484525,0.43788088
noneq,9,0.0,2.6,0.54835586,0.41119687
noneq,9,0.0,2.7,0.5353352,0.40556358
noneq,9,0.0,2.8,0.53544283,0.40040727
noneq,9,0.0,2.9,0.51298366,0.37523497
noneq,9,0.0,3,0.51684328,0.37475722
noneq,9,0.0,3.1,0.53071664,0.39570975
noneq,9,0.0,3.2,0.53516846,0.39016959
noneq,9,0.0,3.3,0.5157595,0.3887421
noneq,9,0.0,3.4,0.52202043,0.38159382
noneq,9,0.0,3.5,0.50983513,0.36499976
noneq,9,0.0,3.6,0.50930672,0.36658418
noneq,9,0.0,3.7,0.52011155,0.38523149
noneq,9,0.0,3.8,0.53155713,0.3978456
noneq,9,0.0,3.9,0.54556905,0.43037028
noneq,9,0.0,4,0.53615875,0.41572254
noneq,9,0.0,4.1,0.53485561,0.4078387
noneq,9,0.0,4.2,0.51133104,0.36765783
noneq,9,0.0,4.3,0.51850519,0.38123652
noneq,9,0.0,4.4,0.50067861,0.36060838
noneq,9,0.0,4.5,0.4842453,0.34563994
noneq,9,0.0,4.6,0.4726324,0.34344072
noneq,9,0.0,4.7,0.47301341,0.32237516
noneq,9,0.0,4.8,0.46135958,0.32038851
noneq,9,0.0,4.9,0.45878634,0.30522956
noneq,9,0.0,5,0.44020288,0.30653539
noneq,9,0.0,5.1,0.44078513,0.32095476
noneq,9,0.0,5.2,0.43392307,0.3158495
noneq,9,0.0,5.3,0.45246999,0.32741377
noneq,9,0.0,5.4,0.44927165,0.32261608
noneq,9,0.0,5.5,0.43232801,0.29445994
noneq,9,0.0,5.6,0.41843761,0.29769954
noneq,9,0.0,5.7,0.40844756,0.2917973
noneq,9,0.0,5.8,0.41525719,0.28041309
noneq,9,0.0,5.9,0.40147923,0.27756626
noneq,9,0.0,6,0.39592301,0.29352319
noneq,9,0.0,6.1,0.39703031,0.28164003
noneq,9,0.0,6.2,0.40036256,0.28275025
noneq,9,0.0,6.3,0.40434526,0.28014768
noneq,9,0.0,6.4,0.41365851,0.29104367
noneq,9,0.0,6.5,0.40184165,0.27962601
noneq,9,0.0,6.6,0.39751812,0.2793526
noneq,9,0.0,6.7,0.40318255,0.2816749
noneq,9,0.0,6.8,0.41246949,0.28309343
noneq,9,0.0,6.9,0.41482116,0.28592818
noneq,9,0.0,7,0.42174853,0.30383844
noneq,9,0.0,7.1,0.44132208,0.30269046
noneq,9,0.0,7.2,0.41992497,0.28036363
noneq,9,0.0,7.3,0.40515679,0.27721751
noneq,9,0.0,7.4,0.40014631,0.27198357
noneq,9,0.0,7.5,0.37888997,0.27347805
noneq,9,0.0,7.6,0.37260846,0.25857854
noneq,9,0.0,7.7,0.37319914,0.24391376
noneq,9,0.0,7.8,0.37836578,0.25843217
noneq,9,0.0,7.9,0.36024029,0.24579826
noneq,9,0.0,8,0.35072614,0.21857098
noneq,9,0.0,8.1,0.35092928,0.20744012
noneq,9,0.0,8.2,0.35208085,0.2041136
noneq,9,0.0,8.3,0.34273562,0.20214846
noneq,9,0.0,8.4,0.35560612,0.22835207
noneq,9,0.0,8.5,0.35519408,0.24517914
noneq,9,0.0,8.6,0.35425094,0.23617205
noneq,9,0.0,8.7,0.35346899,0.2490462
noneq,9,0.0,8.8,0.36541388,0.24812222
noneq,9,0.0,8.9,0.35957364,0.23072096
noneq,9,0.0,9,0.35434003,0.24606527
noneq,9,0.0,9.1,0.34742328,0.22629498
noneq,9,0.0,9.2,0.33274959,0.21265084
noneq,9,0.0,9.3,0.32763054,0.21414712
noneq,9,0.0,9.4,0.32462655,0.21810483
noneq,9,0.0,9.5,0.31422729,0.21118552
noneq,9,0.0,9.6,0.31353019,0.21598408
noneq,9,0.0,9.7,0.30443872,0.20831776
noneq,9,0.0,9.8,0.30291252,0.19201143
noneq,9,0.0,9.9,0.30693076,0.20615621
noneq,9,0.0,10,0.3013292,0.20698207
noneq,9,0.0,10.1,0.31669709,0.20781572
noneq,9,0.0,10.2,0.29994065,0.20573562
noneq,9,0.0,10.3,0.29918809,0.19729598
noneq,9,0.0,10.4,0.28012969,0.1864475
noneq,9,0.0,10.5,0.2857636,0.18820308
noneq,9,0.0,10.6,0.27473386,0.18180502
noneq,9,0.0,10.7,0.27089577,0.17515386
noneq,9,0.0,10.8,0.2587228,0.16206444
noneq,9,0.0,10.9,0.25404607,0.16839349
noneq,9,0.0,11,0.25347257,0.16757826
noneq,9,0.0,11.1,0.25964372,0.16585184
noneq,9,0.0,11.2,0.24658282,0.16393241
noneq,9,0.0,11.3,0.24388425,0.15853632
noneq,9,0.0,11.4,0.24132448,0.15894972
noneq,9,0.0,11.5,0.25072246,0.16253446
noneq,9,0.0,11.6,0.25118616,0.16237318
noneq,9,0.0,11.7,0.25904581,0.16792759
noneq,9,0.0,11.8,0.25483355,0.17015625
noneq,9,0.0,11.9,0.25265236,0.16734895
noneq,9,0.0,12,0.24374187,0.16726612
noneq,9,0.0,12.1,0.24413225,0.16012409
noneq,9,0.0,12.2,0.23764768,0.1521006
noneq,9,0.0,12.3,0.23277741,0.15801628
noneq,9,0.0,12.4,0.23195317,0.15717124
noneq,9,0.0,12.5,0.23452175,0.15097666
noneq,9,0.0,12.5664,0.23760668,0.15121476
ctrl,9,0.0,0,0.052194223,
ctrl,9,0.0,0.1,0.050355559,
ctrl,9,0.0,0.2,0.049855871,
ctrl,9,0.0,0.3,0.052127808,
ctrl,9,0.0,0.4,0.050098703,
ctrl,9,0.0,0.5,0.052680689,
ctrl,9,0.0,0.6,0.050970692,
ctrl,9,0.0,0.7,0.052611043,
ctrl,9,0.0,0.8,0.051452878,
ctrl,9,0.0,0.9,0.050197066,
ctrl,9,0.0,1,0.046928868,
ctrl,9,0.0,1.1,0.051530619,
ctrl,9,0.0,1.2,0.047457039,
ctrl,9,0.0,1.3,0.047678001,
ctrl,9,0.0,1.4,0.048287822,
ctrl,9,0.0,1.5,0.052301323,
ctrl,9,0.0,1.6,0.05363449,
ctrl,9,0.0,1.7,0.053479406,
ctrl,9,0.0,1.8,0.053389956,
ctrl,9,0.0,1.9,0.055312313,
ctrl,9,0.0,2,0.052465978,
ctrl,9,0.0,2.1,0.051995106,
ctrl,9,0.0,2.2,0.051613979,
ctrl,9,0.0,2.3,0.052359353,
ctrl,9,0.0,2.4,0.053033013,
ctrl,9,0.0,2.5,0.053839728,
ctrl,9,0.0,2.6,0.051935861,
ctrl,9,0.0,2.7,0.049781611,
ctrl,9,0.0,2.8,0.052658285,
ctrl,9,0.0,2.9,0.053570998,
ctrl,9,0.0,3,0.052996683,
ctrl,9,0.0,3.1,0.052880887,
ctrl,9,0.0,3.2,0.053235158,
ctrl,9,0.0,3.3,0.056263482,
ctrl,9,0.0,3.4,0.053455706,
ctrl,9,0.0,3.5,0.054681102,
ctrl,9,0.0,3.6,0.053885868,
ctrl,9,0.0,3.7,0.057314832,
ctrl,9,0.0,3.8,0.052421406,
ctrl,9,0.0,3.9,0.056256235,
ctrl,9,0.0,4,0.054691793,
ctrl,9,0.0,4.1,0.054882398,
ctrl,9,0.0,4.2,0.051587212,
ctrl,9,0.0,4.3,0.051596363,
ctrl,9,0.0,4.4,0.050737304,
ctrl,9,0.0,4.5,0.051666424,
ctrl,9,0.0,4.6,0.05275678,
ctrl,9,0.0,4.7,0.052355445,
ctrl,9,0.0,4.8,0.052614238,
ctrl,9,0.0,4.9,0.051911391,
ctrl,9,0.0,5,0.051117076,
ctrl,9,0.0,5.1,0.051651738,
ctrl,9,0.0,5.2,0.052665074,
ctrl,9,0.0,5.3,0.053682999,
ctrl,9,0.0,5.4,0.05352714,
ctrl,9,0.0,5.5,0.050529303,
ctrl,9,0.0,5.6,0.049828894,
ctrl,9,0.0,5.7,0.053970323,
ctrl,9,0.0,5.8,0.050101689,
ctrl,9,0.0,5.9,0.049709875,
ctrl,9,0.0,6,0.055877368,
ctrl,9,0.0,6.1,0.054098293,
ctrl,9,0.0,6.2,0.051595976,
ctrl,9,0.0,6.3,0.056629886,
ctrl,9,0.0,6.4,0.05473722,
ctrl,9,0.0,6.5,0.052949592,
ctrl,9,0.0,6.6,0.050698342,
ctrl,9,0.0,6.7,0.055344656,
ctrl,9,0.0,6.8,0.051825211,
ctrl,9,0.0,6.9,0.053520742,
ctrl,9,0.0,7,0.051019173,
ctrl,9,0.0,7.1,0.05186619,
ctrl,9,0.0,7.2,0.053497347,
ctrl,9,0.0,7.3,0.05270834,
ctrl,9,0.0,7.4,0.05009234,
ctrl,9,0.0,7.5,0.050371939,
ctrl,9,0.0,7.6,0.050119693,
ctrl,9,0.0,7.7,0.052462089,
ctrl,9,0.0,7.8,0.05071876,
ctrl,9,0.0,7.9,0.05000038,
ctrl,9,0.0,8,0.050089146,
ctrl,9,0.0,8.1,0.050980368,
ctrl,9,0.0,8.2,0.047307161,
ctrl,9,0.0,8.3,0.047127362,
ctrl,9,0.0,8.4,0.047913185,
ctrl,9,0.0,8.5,0.050750505,
ctrl,9,0.0,8.6,0.051398805,
ctrl,9,0.0,8.7,0.048040222,
ctrl,9,0.0,8.8,0.047806395,
ctrl,9,0.0,8.9,0.048666188,
ctrl,9,0.0,9,0.049844742,
ctrl,9,0.0,9.1,0.046058249,
ctrl,9,0.0,9.2,0.048205484,
ctrl,9,0.0,9.3,0.054010219,
ctrl,9,0.0,9.4,0.054970677,
ctrl,9,0.0,9.5,0.054611425,
ctrl,9,0.0,9.6,0.054722647,
ctrl,9,0.0,9.7,0.049976573,
ctrl,9,0.0,9.8,0.049634238,
ctrl,9,0.0,9.9,0.05056516,
ctrl,9,0.0,10,0.055962371,
ctrl,9,0.0,10.1,0.056146637,
ctrl,9,0.0,10.2,0.052824923,
ctrl,9,0.0,10.3,0.052464027,
ctrl,9,0.0,10.4,0.050378875,
ctrl,9,0.0,10.5,0.051753984,
ctrl,9,0.0,10.6,0.050416113,
ctrl,9,0.0,10.7,0.050915578,
ctrl,9,0.0,10.8,0.049102091,
ctrl,9,0.0,10.9,0.054093505,
ctrl,9,0.0,11,0.052568567,
ctrl,9,0.0,11.1,0.054753521,
ctrl,9,0.0,11.2,0.049432107,
ctrl,9,0.0,11.3,0.04812478,
ctrl,9,0.0,11.4,0.048286721,
ctrl,9,0.0,11.5,0.050220044,
ctrl,9,0.0,11.6,0.051576548,
ctrl,9,0.0,11.7,0.052376895,
ctrl,9,0.0,11.8,0.05463149,
ctrl,9,0.0,11.9,0.05101892,
ctrl,9,0.0,12,0.052486881,
ctrl,9,0.0,12.1,0.049769662,
ctrl,9,0.0,12.2,0.050384715,
ctrl,9,0.0,12.3,0.049314662,
ctrl,9,0.0,12.4,0.049378882,
ctrl,9,0.0,12.5,0.049553588,
ctrl,9,0.0,12.5664,0.050813309,
noneq,9,0.1,0,0.80633836,0.72545553
noneq,9,0.1,0.05,0.64175999,0.58620618
noneq,9,0.1,0.1,0.54782551,0.49268915
noneq,9,0.1,0.15,0.47796497,0.43057132
noneq,9,0.1,0.2,0.42930961,0.38510833
noneq,9,0.1,0.25,0.38996078,0.34517262
noneq,9,0.1,0.3,0.36195584,0.31697486
noneq,9,0.1,0.35,0.33480247,0.29422911
noneq,9,0.1,0.4,0.31638954,0.27541663
noneq,9,0.1,0.45,0.29864296,0.25839795
noneq,9,0.1,0.5,0.28668415,0.24835835
noneq,9,0.1,0.55,0.27644868,0.23774499
noneq,9,0.1,0.6,0.26824249,0.22943021
noneq,9,0.1,0.65,0.25310841,0.21590467
noneq,9,0.1,0.7,0.24300269,0.20575654
noneq,9,0.1,0.75,0.23336128,0.19631977
noneq,9,0.1,0.8,0.22911277,0.19061052
noneq,9,0.1,0.85,0.2233987,0.18460905
noneq,9,0.1,0.9,0.21515343,0.17622464
noneq,9,0.1,0.95,0.20819528,0.17007393
noneq,9,0.1,1,0.19991334,0.16076527
noneq,9,0.1,1.05,0.19062552,0.15222325
noneq,9,0.1,1.1,0.18366129,0.14746312
noneq,9,0.1,1.15,0.17499807,0.14104847
noneq,9,0.1,1.2,0.16808146,0.13138419
noneq,9,0.1,1.25,0.160308,0.1238571
noneq,9,0.1,1.3,0.15382201,0.1177048
noneq,9,0.1,1.35,0.14807621,0.11229586
noneq,9,0.1,1.4,0.14129668,0.10655051
noneq,9,0.1,1.45,0.13308028,0.10020246
noneq,9,0.1,1.5,0.13382346,0.095104965
noneq,9,0.1,1.55,0.1322518,0.095229756
noneq,9,0.1,1.6,0.12725422,0.091088197
noneq,9,0.1,1.65,0.12320658,0.088840377
noneq,9,0.1,1.7,0.12469784,0.087918929
noneq,9,0.1,1.75,0.11979212,0.084022033
noneq,9,0.1,1.8,0.11685189,0.081269379
noneq,9,0.1,1.85,0.11650296,0.078843338
noneq,9,0.1,1.9,0.11501697,0.077959955
noneq,9,0.1,1.95,0.11147814,0.075297977
noneq,9,0.1,2,0.11374684,0.074822083
noneq,9,0.1,2.05,0.10860779,0.074467727
noneq,9,0.1,2.1,0.11135441,0.070874331
noneq,9,0.1,2.15,0.10961166,0.070577022
noneq,9,0.1,2.2,0.1075731,0.07004605
noneq,9,0.1,2.25,0.11341882,0.071052432
noneq,9,0.1,2.3,0.10487774,0.070253703
noneq,9,0.1,2.35,0.10489052,0.065981082
noneq,9,0.1,2.4,0.10025264,0.065146768
noneq,9,0.1,2.45,0.099117455,0.064300402
noneq,9,0.1,2.5,0.098256563,0.06016932
noneq,9,0.1,2.55,0.097331804,0.059390636
noneq,9,0.1,2.6,0.09104381,0.055850721
noneq,9,0.1,2.65,0.088326573,0.051729192
noneq,9,0.1,2.7,0.089083246,0.050207667
noneq,9,0.1,2.75,0.084335393,0.046655312
noneq,9,0.1,2.8,0.082052309,0.042653276
noneq,9,0.1,2.85,0.077159893,0.04155446
noneq,9,0.1,2.9,0.077401723,0.039924608
noneq,9,0.1,2.95,0.077990865,0.038951359
noneq,9,0.1,3,0.074486337,0.036367315
noneq,9,0.1,3.05,0.070080362,0.034279909
noneq,9,0.1,3.1,0.070283146,0.035530815
noneq,9,0.1,3.15,0.069223973,0.032888931
noneq,9,0.1,3.2,0.074537858,0.031863456
noneq,9,0.1,3.25,0.071514617,0.032255924
noneq,9,0.1,3.3,0.068323912,0.029611104
noneq,9,0.1,3.35,0.070043889,0.029056431
noneq,9,0.1,3.4,0.065508068,0.027842775
noneq,9,0.1,3.45,0.067222462,0.030314651
noneq,9,0.1,3.5,0.070040138,0.029884544
noneq,9,0.1,3.55,0.067288731,0.028798812
noneq,9,0.1,3.6,0.066382188,0.028360304
noneq,9,0.1,3.65,0.065200676,0.02772691
noneq,9,0.1,3.7,0.066517425,0.027713877
noneq,9,0.1,3.75,0.069004288,0.025757358
noneq,9,0.1,3.8,0.062363827,0.027626233
noneq,9,0.1,3.85,0.060050455,0.024483285
noneq,9,0.1,3.9,0.060519068,0.025099297
noneq,9,0.1,3.95,0.063871766,0.026599217
noneq,9,0.1,4,0.064525927,0.025025553
noneq,9,0.1,4.05,0.064623149,0.026400193
noneq,9,0.1,4.1,0.061983746,0.024320417
noneq,9,0.1,4.15,0.06518244,0.026041928
noneq,9,0.1,4.2,0.057356081,0.023466744
noneq,9,0.1,4.25,0.0614577,0.023707592
noneq,9,0.1,4.3,0.061429582,0.024277223
noneq,9,0.1,4.35,0.061763742,0.021728606
noneq,9,0.1,4.4,0.063832462,0.02393483
noneq,9,0.1,4.45,0.05458107,0.019416464
noneq,9,0.1,4.5,0.05884243,0.020553783
noneq,9,0.1,4.55,0.056707126,0.019247745
noneq,9,0.1,4.6,0.057498643,0.018210031
noneq,9,0.1,4.65,0.053234962,0.018596024
noneq,9,0.1,4.7,0.05363715,0.016634828
noneq,9,0.1,4.75,0.058031997,0.016714504
noneq,9,0.1,4.8,0.053771436,0.016422895
noneq,9,0.1,4.85,0.054879031,0.016065151
noneq,9,0.1,4.9,0.052914849,0.016062523
noneq,9,0.1,4.95,0.052796885,0.013833031
noneq,9,0.1,5,0.053025145,0.015743853
noneq,9,0.1,5.05,0.05180049,0.014978918
noneq,9,0.1,5.1,0.052349403,0.013033428
noneq,9,0.1,5.15,0.05237668,0.015091435
noneq,9,0.1,5.2,0.048626783,0.013509644
noneq,9,0.1,5.25,0.050351395,0.014244632
noneq,9,0.1,5.3,0.052625906,0.014833381
noneq,9,0.1,5.35,0.050840526,0.013172306
noneq,9,0.1,5.4,0.04834862,0.013422664
noneq,9,0.1,5.45,0.056699672,0.014554807
noneq,9,0.1,5.5,0.056085404,0.01581991
noneq,9,0.1,5.55,0.053445956,0.015619475
noneq,9,0.1,5.6,0.048792844,0.012663354
noneq,9,0.1,5.65,0.049372065,0.011745164
noneq,9,0.1,5.7,0.052756595,0.013959996
noneq,9,0.1,5.75,0.053553927,0.014023506
noneq,9,0.1,5.8,0.055810808,0.01428322
noneq,9,0.1,5.85,0.054518715,0.015898154
noneq,9,0.1,5.9,0.050610808,0.013647361
noneq,9,0.1,5.95,0.049129936,0.014270791
noneq,9,0.1,6,0.052480636,0.012741877
noneq,9,0.1,6.05,0.051930276,0.013891193
noneq,9,0.1,6.1,0.053423188,0.014647876
noneq,9,0.1,6.15,0.051743875,0.015709777
noneq,9,0.1,6.2,0.050736554,0.013686572
noneq,9,0.1,6.25,0.054167618,0.014323538
noneq,9,0.1,6.3,0.053569744,0.013405114
noneq,9,0.1,6.35,0.047721206,0.011917363
noneq,9,0.1,6.4,0.050800661,0.013701954
noneq,9,0.1,6.45,0.04976383,0.013512316
noneq,9,0.1,6.5,0.052690164,0.013871861
noneq,9,0.1,6.55,0.048685841,0.011947482
noneq,9,0.1,6.6,0.051202817,0.014554174
noneq,9,0.1,6.65,0.051845707,0.011586524
noneq,9,0.1,6.7,0.051707006,0.015193234
noneq,9,0.1,6.75,0.053940119,0.015622516
noneq,9,0.1,6.8,0.051429858,0.013406947
noneq,9,0.1,6.85,0.051362552,0.013515838
noneq,9,0.1,6.9,0.050900368,0.013263446
noneq,9,0.1,6.95,0.053469106,0.013481017
noneq,9,0.1,7,0.050438161,0.015447196
noneq,9,0.1,7.05,0.052023287,0.012871185
noneq,9,0.1,7.1,0.051915158,0.014428985
noneq,9,0.1,7.15,0.054374053,0.01495091
noneq,9,0.1,7.2,0.053932326,0.01360108
noneq,9,0.1,7.25,0.051895785,0.012847296
noneq,9,0.1,7.3,0.052203028,0.013358663
noneq,9,0.1,7.35,0.049713069,0.013654805
noneq,9,0.1,7.4,0.05043199,0.013312707
noneq,9,0.1,7.45,0.050255038,0.012862481
noneq,9,0.1,7.5,0.050890754,0.014564091
noneq,9,0.1,7.55,0.049223966,0.012191202
noneq,9,0.1,7.6,0.052963772,0.013786627
noneq,9,0.1,7.65,0.049890114,0.013844286
noneq,9,0.1,7.7,0.052183523,0.013994916
noneq,9,0.1,7.75,0.051143752,0.013700533
noneq,9,0.1,7.8,0.051676603,0.014194008
noneq,9,0.1,7.85,0.053356557,0.013141469
noneq,9,0.1,7.9,0.051408551,0.012495624
noneq,9,0.1,7.95,0.053046315,0.01360976
noneq,9,0.1,8,0.05234092,0.01164959
noneq,9,0.1,8.05,0.052456842,0.010963875
noneq,9,0.1,8.1,0.049527372,0.012798275
noneq,9,0.1,8.15,0.050753652,0.013470994
noneq,9,0.1,8.2,0.048103477,0.012339772
noneq,9,0.1,8.25,0.051784915,0.011952284
noneq,9,0.1,8.3,0.04937233,0.011788608
noneq,9,0.1,8.35,0.05173829,0.014822182
noneq,9,0.1,8.4,0.048294646,0.01101538
noneq,9,0.1,8.45,0.053218669,0.014427304
noneq,9,0.1,8.5,0.05128755,0.014248497
noneq,9,0.1,8.55,0.049425338,0.014376321
noneq,9,0.1,8.6,0.054390639,0.012701818
noneq,9,0.1,8.65,0.052183906,0.012539187
noneq,9,0.1,8.7,0.047964363,0.012685566
noneq,9,0.1,8.75,0.0464375,0.010213237
noneq,9,0.1,8.8,0.050365014,0.012665329
noneq,9,0.1,8.85,0.048867458,0.012691082
noneq,9,0.1,8.9,0.047733869,0.012500319
noneq,9,0.1,8.95,0.051186298,0.012653009
noneq,9,0.1,9,0.048249891,0.011567558
noneq,9,0.1,9.05,0.048018706,0.012207258
noneq,9,0.1,9.1,0.053021143,0.013541576
noneq,9,0.1,9.15,0.048846802,0.012297349
noneq,9,0.1,9.2,0.048012753,0.012708706
noneq,9,0.1,9.25,0.052460982,0.012909922
noneq,9,0.1,9.3,0.050448728,0.012395029
noneq,9,0.1,9.35,0.050109473,0.012453629
noneq,9,0.1,9.4,0.050041614,0.013366725
noneq,9,0.1,9.45,0.04766036,0.011199702
noneq,9,0.1,9.5,0.053214434,0.014080203
noneq,9,0.1,9.55,0.049255812,0.01371486
noneq,9,0.1,9.6,0.050980298,0.012817386
noneq,9,0.1,9.65,0.050135782,0.012937966
noneq,9,0.1,9.7,0.052396038,0.01210707
noneq,9,0.1,9.75,0.052461111,0.013924404
noneq,9,0.1,9.8,0.053914579,0.013155312
noneq,9,0.1,9.85,0.046716081,0.011773214
noneq,9,0.1,9.9,0.051070542,0.013744215
noneq,9,0.1,9.95,0.049371987,0.014357924
noneq,9,0.1,10,0.049449284,0.012854438
noneq,9,0.1,10.05,0.048750157,0.010570854
noneq,9,0.1,10.1,0.05052688,0.01220674
noneq,9,0.1,10.15,0.054782153,0.012651303
noneq,9,0.1,10.2,0.049760281,0.012700555
noneq,9,0.1,10.25,0.051979372,0.012547331
noneq,9,0.1,10.3,0.047693294,0.012341951
noneq,9,0.1,10.35,0.045786604,0.012064893
noneq,9,0.1,10.4,0.04983121,0.012753095
noneq,9,0.1,10.45,0.047710243,0.011630676
noneq,9,0.1,10.5,0.054123242,0.013564713
noneq,9,0.1,10.55,0.051601904,0.012665267
noneq,9,0.1,10.6,0.050431835,0.012734182
noneq,9,0.1,10.65,0.049954214,0.013770606
noneq,9,0.1,10.7,0.045320304,0.012595951
noneq,9,0.1,10.75,0.049302793,0.012066248
noneq,9,0.1,10.8,0.048904984,0.01377293
noneq,9,0.1,10.85,0.053673989,0.01370497
noneq,9,0.1,10.9,0.050358996,0.012458983
noneq,9,0.1,10.95,0.051282967,0.011602256
noneq,9,0.1,11,0.050241242,0.012549187
noneq,9,0.1,11.05,0.053040282,0.013857858
noneq,9,0.1,11.1,0.051927478,0.013292613
noneq,9,0.1,11.15,0.048879849,0.013510171
noneq,9,0.1,11.2,0.051197459,0.013994594
noneq,9,0.1,11.25,0.048777457,0.015491445
noneq,9,0.1,11.3,0.049164213,0.013300921
noneq,9,0.1,11.35,0.050496462,0.012164855
noneq,9,0.1,11.4,0.05466794,0.015090288
noneq,9,0.1,11.45,0.047827648,0.013262798
noneq,9,0.1,11.5,0.050925341,0.013515135
noneq,9,0.1,11.55,0.051195169,0.012814863
noneq,9,0.1,11.6,0.055862515,0.01398221
noneq,9,0.1,11.65,0.050807905,0.013910092
noneq,9,0.1,11.7,0.047047635,0.013554886
noneq,9,0.1,11.75,0.051786096,0.011845299
noneq,9,0.1,11.8,0.05196851,0.014230271
noneq,9,0.1,11.85,0.048476634,0.014000978
noneq,9,0.1,11.9,0.052943136,0.011217197
noneq,9,0.1,11.95,0.046739643,0.011110752
noneq,9,0.1,12,0.049404132,0.012440174
noneq,9,0.1,12.05,0.051596867,0.015308503
noneq,9,0.1,12.1,0.048857599,0.014491595
noneq,9,0.1,12.15,0.049097495,0.012741653
noneq,9,0.1,12.2,0.048264045,0.012486427
noneq,9,0.1,12.25,0.046692412,0.011069812
noneq,9,0.1,12.3,0.050159582,0.012023326
noneq,9,0.1,12.35,0.050843372,0.014892634
noneq,9,0.1,12.4,0.050199212,0.01282256
noneq,9,0.1,12.45,0.046766275,0.012170576
noneq,9,0.1,12.5,0.050851713,0.012703187
noneq,9,0.1,12.55,0.048985757,0.01117303
noneq,9,0.1,12.5664,0.049597748,0.011196743
ctrl,9,0.1,0,0.052194223,
ctrl,9,0.1,0.05,0.049108121,
ctrl,9,0.1,0.1,0.050619136,
ctrl,9,0.1,0.15,0.049697637,
ctrl,9,0.1,0.2,0.048530209,
ctrl,9,0.1,0.25,0.049012443,
ctrl,9,0.1,0.3,0.045640114,
ctrl,9,0.1,0.35,0.048996569,
ctrl,9,0.1,0.4,0.052015957,
ctrl,9,0.1,0.45,0.051048421,
ctrl,9,0.1,0.5,0.049893858,
ctrl,9,0.1,0.55,0.048077349,
ctrl,9,0.1,0.6,0.049863801,
ctrl,9,0.1,0.65,0.047588548,
ctrl,9,0.1,0.7,0.045771642,
ctrl,9,0.1,0.75,0.053872662,
ctrl,9,0.1,0.8,0.049838803,
ctrl,9,0.1,0.85,0.05431105,
ctrl,9,0.1,0.9,0.051756055,
ctrl,9,0.1,0.95,0.049450207,
ctrl,9,0.1,1,0.045767359,
ctrl,9,0.1,1.05,0.05007206,
ctrl,9,0.1,1.1,0.04938166,
ctrl,9,0.1,1.15,0.049954023,
ctrl,9,0.1,1.2,0.048276094,
ctrl,9,0.1,1.25,0.051508513,
ctrl,9,0.1,1.3,0.048635319,
ctrl,9,0.1,1.35,0.045924274,
ctrl,9,0.1,1.4,0.049927052,
ctrl,9,0.1,1.45,0.047912053,
ctrl,9,0.1,1.5,0.051599641,
ctrl,9,0.1,1.55,0.051632761,
ctrl,9,0.1,1.6,0.053630037,
ctrl,9,0.1,1.65,0.053178185,
ctrl,9,0.1,1.7,0.053995532,
ctrl,9,0.1,1.75,0.047500468,
ctrl,9,0.1,1.8,0.054830339,
ctrl,9,0.1,1.85,0.051261274,
ctrl,9,0.1,1.9,0.049529637,
ctrl,9,0.1,1.95,0.049478835,
ctrl,9,0.1,2,0.048586816,
ctrl,9,0.1,2.05,0.05745918,
ctrl,9,0.1,2.1,0.055646358,
ctrl,9,0.1,2.15,0.054803862,
ctrl,9,0.1,2.2,0.051675701,
ctrl,9,0.1,2.25,0.053968377,
ctrl,9,0.1,2.3,0.051081553,
ctrl,9,0.1,2.35,0.048805231,
ctrl,9,0.1,2.4,0.052825664,
ctrl,9,0.1,2.45,0.050557685,
ctrl,9,0.1,2.5,0.048793166,
ctrl,9,0.1,2.55,0.046680642,
ctrl,9,0.1,2.6,0.053280572,
ctrl,9,0.1,2.65,0.048885294,
ctrl,9,0.1,2.7,0.051481199,
ctrl,9,0.1,2.75,0.049271801,
ctrl,9,0.1,2.8,0.048625697,
ctrl,9,0.1,2.85,0.049834602,
ctrl,9,0.1,2.9,0.049079226,
ctrl,9,0.1,2.95,0.049045842,
ctrl,9,0.1,3,0.049950755,
ctrl,9,0.1,3.05,0.051515418,
ctrl,9,0.1,3.1,0.052978171,
ctrl,9,0.1,3.15,0.054775509,
ctrl,9,0.1,3.2,0.053418607,
ctrl,9,0.1,3.25,0.053001225,
ctrl,9,0.1,3.3,0.052394587,
ctrl,9,0.1,3.35,0.054148554,
ctrl,9,0.1,3.4,0.057462804,
ctrl,9,0.1,3.45,0.053165073,
ctrl,9,0.1,3.5,0.051049522,
ctrl,9,0.1,3.55,0.053211122,
ctrl,9,0.1,3.6,0.051864343,
ctrl,9,0.1,3.65,0.048797023,
ctrl,9,0.1,3.7,0.053980975,
ctrl,9,0.1,3.75,0.050232927,
ctrl,9,0.1,3.8,0.047725848,
ctrl,9,0.1,3.85,0.048537427,
ctrl,9,0.1,3.9,0.050985649,
ctrl,9,0.1,3.95,0.0505999,
ctrl,9,0.1,4,0.054928502,
ctrl,9,0.1,4.05,0.050718868,
ctrl,9,0.1,4.1,0.048201356,
ctrl,9,0.1,4.15,0.051031064,
ctrl,9,0.1,4.2,0.053015841,
ctrl,9,0.1,4.25,0.052986868,
ctrl,9,0.1,4.3,0.049298306,
ctrl,9,0.1,4.35,0.045842923,
ctrl,9,0.1,4.4,0.049267554,
ctrl,9,0.1,4.45,0.050265185,
ctrl,9,0.1,4.5,0.050931689,
ctrl,9,0.1,4.55,0.049699405,
ctrl,9,0.1,4.6,0.050332643,
ctrl,9,0.1,4.65,0.051378385,
ctrl,9,0.1,4.7,0.050701803,
ctrl,9,0.1,4.75,0.054444734,
ctrl,9,0.1,4.8,0.050952044,
ctrl,9,0.1,4.85,0.053432737,
ctrl,9,0.1,4.9,0.051477679,
ctrl,9,0.1,4.95,0.048494456,
ctrl,9,0.1,5,0.051114423,
ctrl,9,0.1,5.05,0.049768411,
ctrl,9,0.1,5.1,0.051596552,
ctrl,9,0.1,5.15,0.049890755,
ctrl,9,0.1,5.2,0.050708784,
ctrl,9,0.1,5.25,0.054689141,
ctrl,9,0.1,5.3,0.052951199,
ctrl,9,0.1,5.35,0.051065383,
ctrl,9,0.1,5.4,0.050749256,
ctrl,9,0.1,5.45,0.052976179,
ctrl,9,0.1,5.5,0.05542766,
ctrl,9,0.1,5.55,0.052798826,
ctrl,9,0.1,5.6,0.050028694,
ctrl,9,0.1,5.65,0.048505143,
ctrl,9,0.1,5.7,0.047780322,
ctrl,9,0.1,5.75,0.051060844,
ctrl,9,0.1,5.8,0.050693455,
ctrl,9,0.1,5.85,0.048305273,
ctrl,9,0.1,5.9,0.049358926,
ctrl,9,0.1,5.95,0.047652941,
ctrl,9,0.1,6,0.050324183,
ctrl,9,0.1,6.05,0.048507949,
ctrl,9,0.1,6.1,0.052881653,
ctrl,9,0.1,6.15,0.049661083,
ctrl,9,0.1,6.2,0.0508799,
ctrl,9,0.1,6.25,0.052882327,
ctrl,9,0.1,6.3,0.049663015,
ctrl,9,0.1,6.35,0.047014674,
ctrl,9,0.1,6.4,0.051068436,
ctrl,9,0.1,6.45,0.048781266,
ctrl,9,0.1,6.5,0.052668604,
ctrl,9,0.1,6.55,0.052038027,
ctrl,9,0.1,6.6,0.051094195,
ctrl,9,0.1,6.65,0.049422141,
ctrl,9,0.1,6.7,0.052913903,
ctrl,9,0.1,6.75,0.053469878,
ctrl,9,0.1,6.8,0.050988099,
ctrl,9,0.1,6.85,0.049556977,
ctrl,9,0.1,6.9,0.05151477,
ctrl,9,0.1,6.95,0.051284058,
ctrl,9,0.1,7,0.047969837,
ctrl,9,0.1,7.05,0.050624542,
ctrl,9,0.1,7.1,0.05024325,
ctrl,9,0.1,7.15,0.053639277,
ctrl,9,0.1,7.2,0.049327852,
ctrl,9,0.1,7.25,0.053666657,
ctrl,9,0.1,7.3,0.052156099,
ctrl,9,0.1,7.35,0.051358368,
ctrl,9,0.1,7.4,0.053890093,
ctrl,9,0.1,7.45,0.052270475,
ctrl,9,0.1,7.5,0.048103895,
ctrl,9,0.1,7.55,0.05051718,
ctrl,9,0.1,7.6,0.046995688,
ctrl,9,0.1,7.65,0.046254941,
ctrl,9,0.1,7.7,0.051054638,
ctrl,9,0.1,7.75,0.051848948,
ctrl,9,0.1,7.8,0.052290895,
ctrl,9,0.1,7.85,0.052946351,
ctrl,9,0.1,7.9,0.050759191,
ctrl,9,0.1,7.95,0.049041648,
ctrl,9,0.1,8,0.047300235,
ctrl,9,0.1,8.05,0.051742364,
ctrl,9,0.1,8.1,0.045132973,
ctrl,9,0.1,8.15,0.051790068,
ctrl,9,0.1,8.2,0.050420638,
ctrl,9,0.1,8.25,0.051416953,
ctrl,9,0.1,8.3,0.046948719,
ctrl,9,0.1,8.35,0.049535395,
ctrl,9,0.1,8.4,0.050830769,
ctrl,9,0.1,8.45,0.047869177,
ctrl,9,0.1,8.5,0.052763691,
ctrl,9,0.1,8.55,0.0508173,
ctrl,9,0.1,8.6,0.050494247,
ctrl,9,0.1,8.65,0.047789927,
ctrl,9,0.1,8.7,0.051965691,
ctrl,9,0.1,8.75,0.04961126,
ctrl,9,0.1,8.8,0.048032724,
ctrl,9,0.1,8.85,0.049155141,
ctrl,9,0.1,8.9,0.052922332,
ctrl,9,0.1,8.95,0.046010137,
ctrl,9,0.1,9,0.047802566,
ctrl,9,0.1,9.05,0.050563318,
ctrl,9,0.1,9.1,0.048760318,
ctrl,9,0.1,9.15,0.045767937,
ctrl,9,0.1,9.2,0.04799007,
ctrl,9,0.1,9.25,0.049888033,
ctrl,9,0.1,9.3,0.050772179,
ctrl,9,0.1,9.35,0.055828086,
ctrl,9,0.1,9.4,0.049733726,
ctrl,9,0.1,9.45,0.051242222,
ctrl,9,0.1,9.5,0.052410032,
ctrl,9,0.1,9.55,0.053680904,
ctrl,9,0.1,9.6,0.054753539,
ctrl,9,0.1,9.65,0.054371677,
ctrl,9,0.1,9.7,0.048330306,
ctrl,9,0.1,9.75,0.054271472,
ctrl,9,0.1,9.8,0.049686426,
ctrl,9,0.1,9.85,0.051580083,
ctrl,9,0.1,9.9,0.047628007,
ctrl,9,0.1,9.95,0.051598196,
ctrl,9,0.1,10,0.051054904,
ctrl,9,0.1,10.05,0.049382208,
ctrl,9,0.1,10.1,0.049138398,
ctrl,9,0.1,10.15,0.048730098,
ctrl,9,0.1,10.2,0.047956073,
ctrl,9,0.1,10.25,0.049896901,
ctrl,9,0.1,10.3,0.051060095,
ctrl,9,0.1,10.35,0.052673304,
ctrl,9,0.1,10.4,0.051159571,
ctrl,9,0.1,10.45,0.054159225,
ctrl,9,0.1,10.5,0.049119419,
ctrl,9,0.1,10.55,0.050857307,
ctrl,9,0.1,10.6,0.0564235,
ctrl,9,0.1,10.65,0.049472713,
ctrl,9,0.1,10.7,0.049468941,
ctrl,9,0.1,10.75,0.051349502,
ctrl,9,0.1,10.8,0.050118028,
ctrl,9,0.1,10.85,0.050224443,
ctrl,9,0.1,10.9,0.050858147,
ctrl,9,0.1,10.95,0.047672833,
ctrl,9,0.1,11,0.051078965,
ctrl,9,0.1,11.05,0.051376897,
ctrl,9,0.1,11.1,0.050404975,
ctrl,9,0.1,11.15,0.047635508,
ctrl,9,0.1,11.2,0.052852202,
ctrl,9,0.1,11.25,0.046143963,
ctrl,9,0.1,11.3,0.052620021,
ctrl,9,0.1,11.35,0.052476132,
ctrl,9,0.1,11.4,0.052481683,
ctrl,9,0.1,11.45,0.053625083,
ctrl,9,0.1,11.5,0.052346587,
ctrl,9,0.1,11.55,0.048132585,
ctrl,9,0.1,11.6,0.053039905,
ctrl,9,0.1,11.65,0.05099132,
ctrl,9,0.1,11.7,0.049631564,
ctrl,9,0.1,11.75,0.051662853,
ctrl,9,0.1,11.8,0.048965846,
ctrl,9,0.1,11.85,0.049629251,
ctrl,9,0.1,11.9,0.054330278,
ctrl,9,0.1,11.95,0.052545499,
ctrl,9,0.1,12,0.050780544,
ctrl,9,0.1,12.05,0.052807064,
ctrl,9,0.1,12.1,0.054590329,
ctrl,9,0.1,12.15,0.048846088,
ctrl,9,0.1,12.2,0.050887645,
ctrl,9,0.1,12.25,0.048418671,
ctrl,9,0.1,12.3,0.049434083,
ctrl,9,0.1,12.35,0.045565404,
ctrl,9,0.1,12.4,0.046994976,
ctrl,9,0.1,12.45,0.051998201,
ctrl,9,0.1,12.5,0.051937709,
ctrl,9,0.1,12.55,0.048074968,
ctrl,9,0.1,12.5664,0.050427664,
noneq,9,0.5,0,0.80633836,0.72545553
noneq,9,0.5,0.02,0.58170834,0.5323022
noneq,9,0.5,0.04,0.48216969,0.43578995
noneq,9,0.5,0.06,0.41437355,0.36987805
noneq,9,0.5,0.08,0.35598762,0.32010617
noneq,9,0.5,0.1,0.31851376,0.27821084
noneq,9,0.5,0.12,0.28841586,0.25134222
noneq,9,0.5,0.14,0.26725648,0.22802159
noneq,9,0.5,0.16,0.2451012,0.20478572
noneq,9,0.5,0.18,0.23316541,0.19200955
noneq,9,0.5,0.2,0.21291406,0.17893744
noneq,9,0.5,0.22,0.20558377,0.16630723
noneq,9,0.5,0.24,0.19103151,0.15509098
noneq,9,0.5,0.26,0.1821297,0.14311765
noneq,9,0.5,0.28,0.17664155,0.13592606
noneq,9,0.5,0.3,0.16927037,0.13017125
noneq,9,0.5,0.32,0.16466098,0.12625054
noneq,9,0.5,0.34,0.15828967,0.11947692
noneq,9,0.5,0.36,0.15368019,0.1150711
noneq,9,0.5,0.38,0.1481062,0.11167209
noneq,9,0.5,0.4,0.14927795,0.11095613
noneq,9,0.5,0.42,0.14802423,0.10838473
noneq,9,0.5,0.44,0.14094791,0.10357776
noneq,9,0.5,0.46,0.14285443,0.10329846
noneq,9,0.5,0.48,0.13728602,0.099305203
noneq,9,0.5,0.5,0.1390871,0.099090437
noneq,9,0.5,0.52,0.13159158,0.093210591
noneq,9,0.5,0.54,0.13017203,0.092634912
noneq,9,0.5,0.56,0.1288803,0.091463825
noneq,9,0.5,0.58,0.13112189,0.089516948
noneq,9,0.5,0.6,0.13013105,0.090869318
noneq,9,0.5,0.62,0.12289292,0.087221455
noneq,9,0.5,0.64,0.1252074,0.084485296
noneq,9,0.5,0.66,0.1258983,0.086546147
noneq,9,0.5,0.68,0.1184985,0.084257477
noneq,9,0.5,0.7,0.11890568,0.080615005
noneq,9,0.5,0.72,0.11843545,0.078242668
noneq,9,0.5,0.74,0.11599198,0.078870764
noneq,9,0.5,0.76,0.11335449,0.076192965
noneq,9,0.5,0.78,0.11293724,0.074443364
noneq,9,0.5,0.8,0.11112708,0.073012277
noneq,9,0.5,0.82,0.11232162,0.072117575
noneq,9,0.5,0.84,0.10639531,0.070723182
noneq,9,0.5,0.86,0.10688732,0.069784339
noneq,9,0.5,0.88,0.10366783,0.0654813
noneq,9,0.5,0.9,0.10299209,0.06467186
noneq,9,0.5,0.92,0.098063715,0.06407365
noneq,9,0.5,0.94,0.099369756,0.062038471
noneq,9,0.5,0.96,0.10020545,0.06019421
noneq,9,0.5,0.98,0.093944118,0.05731088
noneq,9,0.5,1,0.092588446,0.056877622
noneq,9,0.5,1.02,0.090797275,0.056267324
noneq,9,0.5,1.04,0.090643001,0.051634729
noneq,9,0.5,1.06,0.089409453,0.051689628
noneq,9,0.5,1.08,0.085445413,0.049217523
noneq,9,0.5,1.1,0.08360602,0.047785921
noneq,9,0.5,1.12,0.085521956,0.045773771
noneq,9,0.5,1.14,0.081850072,0.04541629
noneq,9,0.5,1.16,0.078186675,0.042703733
noneq,9,0.5,1.18,0.077814405,0.039735315
noneq,9,0.5,1.2,0.074005442,0.040300323
noneq,9,0.5,1.22,0.072424559,0.03688318
noneq,9,0.5,1.24,0.072451434,0.035577176
noneq,9,0.5,1.26,0.067207462,0.032630261
noneq,9,0.5,1.28,0.068187621,0.03292662
noneq,9,0.5,1.3,0.07083914,0.033289488
noneq,9,0.5,1.32,0.068974095,0.031314182
noneq,9,0.5,1.34,0.062069112,0.027902223
noneq,9,0.5,1.36,0.061876907,0.027095921
noneq,9,0.5,1.38,0.065530094,0.029174669
noneq,9,0.5,1.4,0.061404152,0.027354145
noneq,9,0.5,1.42,0.063673867,0.028274631
noneq,9,0.5,1.44,0.067493671,0.026281489
noneq,9,0.5,1.46,0.058050028,0.021607528
noneq,9,0.5,1.48,0.062158207,0.025443199
noneq,9,0.5,1.5,0.063109217,0.022061549
noneq,9,0.5,1.52,0.062486971,0.022505088
noneq,9,0.5,1.54,0.061495178,0.022385568
noneq,9,0.5,1.56,0.059205971,0.021984915
noneq,9,0.5,1.58,0.060859859,0.022356955
noneq,9,0.5,1.6,0.062232798,0.022581666
noneq,9,0.5,1.62,0.060220779,0.020562146
noneq,9,0.5,1.64,0.059746688,0.022644125
noneq,9,0.5,1.66,0.056488511,0.019246669
noneq,9,0.5,1.68,0.058818557,0.019576526
noneq,9,0.5,1.7,0.056904697,0.019009686
noneq,9,0.5,1.72,0.055597787,0.018870941
noneq,9,0.5,1.74,0.051040179,0.01973034
noneq,9,0.5,1.76,0.056688223,0.019577968
noneq,9,0.5,1.78,0.054750193,0.017553144
noneq,9,0.5,1.8,0.053838061,0.018174001
noneq,9,0.5,1.82,0.057040178,0.01961872
noneq,9,0.5,1.84,0.056714869,0.0202898
noneq,9,0.5,1.86,0.056352202,0.020262191
noneq,9,0.5,1.88,0.057877512,0.018084829
noneq,9,0.5,1.9,0.05516839,0.016922832
noneq,9,0.5,1.92,0.056228793,0.017932829
noneq,9,0.5,1.94,0.053037228,0.017429384
noneq,9,0.5,1.96,0.056173212,0.017564816
noneq,9,0.5,1.98,0.057999264,0.018941866
noneq,9,0.5,2,0.054242241,0.016362036
noneq,9,0.5,2.02,0.056580275,0.01711131
noneq,9,0.5,2.04,0.054692003,0.017374586
noneq,9,0.5,2.06,0.052921986,0.016402238
noneq,9,0.5,2.08,0.059025093,0.018677926
noneq,9,0.5,2.1,0.058730059,0.01682955
noneq,9,0.5,2.12,0.053978565,0.017872588
noneq,9,0.5,2.14,0.053706458,0.017535423
noneq,9,0.5,2.16,0.054615758,0.017725605
noneq,9,0.5,2.18,0.057998872,0.017746461
noneq,9,0.5,2.2,0.051951432,0.016040189
noneq,9,0.5,2.22,0.058768282,0.019373421
noneq,9,0.5,2.24,0.056353577,0.016278331
noneq,9,0.5,2.26,0.054138115,0.016621081
noneq,9,0.5,2.28,0.052349095,0.014894085
noneq,9,0.5,2.3,0.052616202,0.016801322
noneq,9,0.5,2.32,0.055967403,0.0164848
noneq,9,0.5,2.34,0.050544023,0.014649109
noneq,9,0.5,2.36,0.051682802,0.014775184
noneq,9,0.5,2.38,0.05111675,0.015319823
noneq,9,0.5,2.4,0.056590644,0.017709622
noneq,9,0.5,2.42,0.054741829,0.017043915
noneq,9,0.5,2.44,0.051722607,0.016852966
noneq,9,0.5,2.46,0.050015784,0.014630828
noneq,9,0.5,2.48,0.051246941,0.016355774
noneq,9,0.5,2.5,0.055454932,0.016696774
noneq,9,0.5,2.52,0.049957733,0.014867891
noneq,9,0.5,2.54,0.05062365,0.014757438
noneq,9,0.5,2.56,0.051047642,0.013282583
noneq,9,0.5,2.58,0.056643393,0.015691369
noneq,9,0.5,2.6,0.054151541,0.015167688
noneq,9,0.5,2.62,0.054330374,0.015319742
noneq,9,0.5,2.64,0.051487039,0.014574016
noneq,9,0.5,2.66,0.048079422,0.014795647
noneq,9,0.5,2.68,0.053963071,0.013249004
noneq,9,0.5,2.7,0.051645431,0.013921604
noneq,9,0.5,2.72,0.052478908,0.014052366
noneq,9,0.5,2.74,0.046123084,0.013524892
noneq,9,0.5,2.76,0.049985987,0.01344507
noneq,9,0.5,2.78,0.048637692,0.013738362
noneq,9,0.5,2.8,0.052604838,0.013437777
noneq,9,0.5,2.82,0.050479871,0.01467252
noneq,9,0.5,2.84,0.051720543,0.013248176
noneq,9,0.5,2.86,0.047425246,0.013790312
noneq,9,0.5,2.88,0.047699701,0.013562934
noneq,9,0.5,2.9,0.052042228,0.013233296
noneq,9,0.5,2.92,0.047795609,0.01112399
noneq,9,0.5,2.94,0.04996025,0.015328416
noneq,9,0.5,2.96,0.049909687,0.014240663
noneq,9,0.5,2.98,0.052694584,0.012989137
noneq,9,0.5,3,0.051658663,0.012926629
noneq,9,0.5,3.02,0.046972757,0.011983421
noneq,9,0.5,3.04,0.048311236,0.012497088
noneq,9,0.5,3.06,0.052962749,0.014926475
noneq,9,0.5,3.08,0.052576945,0.013602238
noneq,9,0.5,3.1,0.048391735,0.012678483
noneq,9,0.5,3.12,0.052949333,0.014334315
noneq,9,0.5,3.14,0.049805436,0.014887718
noneq,9,0.5,3.16,0.050375381,0.012133098
noneq,9,0.5,3.18,0.051877339,0.014083533
noneq,9,0.5,3.2,0.048975743,0.011785435
noneq,9,0.5,3.22,0.048207025,0.011788652
noneq,9,0.5,3.24,0.052957029,0.01434684
noneq,9,0.5,3.26,0.049922693,0.010628213
noneq,9,0.5,3.28,0.05177751,0.012273989
noneq,9,0.5,3.3,0.053089971,0.013517895
noneq,9,0.5,3.32,0.04850847,0.011530313
noneq,9,0.5,3.34,0.056009703,0.016111919
noneq,9,0.5,3.36,0.050704824,0.01148056
noneq,9,0.5,3.38,0.052490856,0.012921067
noneq,9,0.5,3.4,0.053295233,0.014003208
noneq,9,0.5,3.42,0.051419407,0.012122859
noneq,9,0.5,3.44,0.051936814,0.012416675
noneq,9,0.5,3.46,0.050148699,0.011572091
noneq,9,0.5,3.48,0.053131261,0.012992755
noneq,9,0.5,3.5,0.050186282,0.011635334
noneq,9,0.5,3.52,0.05088607,0.01496408
noneq,9,0.5,3.54,0.053632383,0.01338078
noneq,9,0.5,3.56,0.052453504,0.014027213
noneq,9,0.5,3.58,0.052882703,0.012796868
noneq,9,0.5,3.6,0.048576476,0.013634858
noneq,9,0.5,3.62,0.048757797,0.011529532
noneq,9,0.5,3.64,0.052445612,0.012293599
noneq,9,0.5,3.66,0.051408263,0.011862783
noneq,9,0.5,3.68,0.054310742,0.012704045
noneq,9,0.5,3.7,0.054228077,0.013831109
noneq,9,0.5,3.72,0.048548969,0.012203755
noneq,9,0.5,3.74,0.05137608,0.011971609
noneq,9,0.5,3.76,0.05264813,0.01368652
noneq,9,0.5,3.78,0.052812224,0.012533154
noneq,9,0.5,3.8,0.049059519,0.011342907
noneq,9,0.5,3.82,0.047090998,0.012089765
noneq,9,0.5,3.84,0.048556641,0.011252152
noneq,9,0.5,3.86,0.054170209,0.011901342
noneq,9,0.5,3.88,0.047722803,0.012084964
noneq,9,0.5,3.9,0.05160444,0.013846241
noneq,9,0.5,3.92,0.053945505,0.012554075
noneq,9,0.5,3.94,0.048442951,0.011306812
noneq,9,0.5,3.96,0.048293557,0.012488472
noneq,9,0.5,3.98,0.04978327,0.012821899
noneq,9,0.5,4,0.04935527,0.011324756
noneq,9,0.5,4.02,0.052086741,0.013361814
noneq,9,0.5,4.04,0.050810766,0.014055472
noneq,9,0.5,4.06,0.047012023,0.012106745
noneq,9,0.5,4.08,0.051054268,0.011113724
noneq,9,0.5,4.1,0.051328424,0.01196792
noneq,9,0.5,4.12,0.050269754,0.012846404
noneq,9,0.5,4.14,0.050859156,0.014099906
noneq,9,0.5,4.16,0.055434545,0.012748352
noneq,9,0.5,4.18,0.049416288,0.012727772
noneq,9,0.5,4.2,0.048950114,0.0131623
noneq,9,0.5,4.22,0.052304644,0.01250075
noneq,9,0.5,4.24,0.048295941,0.012315408
noneq,9,0.5,4.26,0.055902253,0.013594224
noneq,9,0.5,4.28,0.049362244,0.014781826
noneq,9,0.5,4.3,0.051917773,0.012623673
noneq,9,0.5,4.32,0.046714031,0.011506544
noneq,9,0.5,4.34,0.049521993,0.01174864
noneq,9,0.5,4.36,0.049201789,0.012253165
noneq,9,0.5,4.38,0.046132184,0.012061862
noneq,9,0.5,4.4,0.049696587,0.013066432
noneq,9,0.5,4.42,0.049628759,0.013689076
noneq,9,0.5,4.44,0.047097594,0.013610146
noneq,9,0.5,4.46,0.048622733,0.013423333
noneq,9,0.5,4.48,0.048559479,0.013775298
noneq,9,0.5,4.5,0.049667464,0.013171969
noneq,9,0.5,4.52,0.04882549,0.012034941
noneq,9,0.5,4.54,0.052419393,0.013303178
noneq,9,0.5,4.56,0.047350875,0.012056069
noneq,9,0.5,4.58,0.049585063,0.011941939
noneq,9,0.5,4.6,0.047023892,0.012058479
noneq,9,0.5,4.62,0.050330558,0.011087028
noneq,9,0.5,4.64,0.047192526,0.012991431
noneq,9,0.5,4.66,0.047405774,0.012672797
noneq,9,0.5,4.68,0.050648296,0.013572247
noneq,9,0.5,4.7,0.050518149,0.0138382
noneq,9,0.5,4.72,0.049182749,0.014310414
noneq,9,0.5,4.74,0.055209242,0.012533096
noneq,9,0.5,4.76,0.050588858,0.013254835
noneq,9,0.5,4.78,0.051263627,0.012499729
noneq,9,0.5,4.8,0.052169622,0.012026713
noneq,9,0.5,4.82,0.048368637,0.012797645
noneq,9,0.5,4.84,0.047482072,0.011559198
noneq,9,0.5,4.86,0.048282284,0.012770785
noneq,9,0.5,4.88,0.051287394,0.012522297
noneq,9,0.5,4.9,0.052326768,0.012945325
noneq,9,0.5,4.92,0.050832689,0.013698802
noneq,9,0.5,4.94,0.050236546,0.012525416
noneq,9,0.5,4.96,0.049434472,0.012140415
noneq,9,0.5,4.98,0.045908489,0.01010323
noneq,9,0.5,5,0.050768013,0.012938688
noneq,9,0.5,5.02,0.053098833,0.013956615
noneq,9,0.5,5.04,0.051566801,0.012884386
noneq,9,0.5,5.06,0.055260547,0.015152378
noneq,9,0.5,5.08,0.04878859,0.012090741
noneq,9,0.5,5.1,0.051584816,0.013909299
noneq,9,0.5,5.12,0.050744803,0.013028009
noneq,9,0.5,5.14,0.049535419,0.012316901
noneq,9,0.5,5.16,0.05099808,0.014061184
noneq,9,0.5,5.18,0.050646443,0.015389824
noneq,9,0.5,5.2,0.053035153,0.011767404
noneq,9,0.5,5.22,0.050639444,0.012913446
noneq,9,0.5,5.24,0.050274624,0.012482434
noneq,9,0.5,5.26,0.053671686,0.012991551
noneq,9,0.5,5.28,0.050040404,0.012121507
noneq,9,0.5,5.3,0.051784763,0.0136688
noneq,9,0.5,5.32,0.047690861,0.012945318
noneq,9,0.5,5.34,0.048599756,0.012554177
noneq,9,0.5,5.36,0.050647731,0.013254846
noneq,9,0.5,5.38,0.054725126,0.012889772
noneq,9,0.5,5.4,0.052141031,0.013137864
noneq,9,0.5,5.42,0.051867911,0.012366077
noneq,9,0.5,5.44,0.052106986,0.014443297
noneq,9,0.5,5.46,0.051930414,0.012767351
noneq,9,0.5,5.48,0.04848732,0.012786558
noneq,9,0.5,5.5,0.054096539,0.01425619
noneq,9,0.5,5.52,0.052424416,0.011199635
noneq,9,0.5,5.54,0.047357484,0.01278205
noneq,9,0.5,5.56,0.05163609,0.014376094
noneq,9,0.5,5.58,0.047752567,0.012484959
noneq,9,0.5,5.6,0.049562188,0.013142351
noneq,9,0.5,5.62,0.052943681,0.013398571
noneq,9,0.5,5.64,0.049494662,0.013628349
noneq,9,0.5,5.66,0.053060093,0.013265222
noneq,9,0.5,5.68,0.051693425,0.012611796
noneq,9,0.5,5.7,0.052495751,0.013142551
noneq,9,0.5,5.72,0.04906887,0.011843786
noneq,9,0.5,5.74,0.0504311,0.013361547
noneq,9,0.5,5.76,0.048401067,0.011795881
noneq,9,0.5,5.78,0.048988329,0.012563385
noneq,9,0.5,5.8,0.048847871,0.011698164
noneq,9,0.5,5.82,0.049049794,0.011672104
noneq,9,0.5,5.84,0.049220444,0.014648211
noneq,9,0.5,5.86,0.057380719,0.014841255
noneq,9,0.5,5.88,0.052719418,0.012746655
noneq,9,0.5,5.9,0.048323468,0.012870816
noneq,9,0.5,5.92,0.050913449,0.013005044
noneq,9,0.5,5.94,0.054590731,0.01283934
noneq,9,0.5,5.96,0.05305712,0.013967213
noneq,9,0.5,5.98,0.05121247,0.012414741
noneq,9,0.5,6,0.04893635,0.012756456
noneq,9,0.5,6.02,0.054454888,0.012804045
noneq,9,0.5,6.04,0.050154893,0.014607504
noneq,9,0.5,6.06,0.045776611,0.013434403
noneq,9,0.5,6.08,0.048340625,0.013401581
noneq,9,0.5,6.1,0.051417879,0.012995055
noneq,9,0.5,6.12,0.050950065,0.014940672
noneq,9,0.5,6.14,0.052570745,0.01430857
noneq,9,0.5,6.16,0.048600967,0.012647288
noneq,9,0.5,6.18,0.050367925,0.012167856
noneq,9,0.5,6.2,0.051622346,0.013727697
noneq,9,0.5,6.22,0.049812762,0.01123909
noneq,9,0.5,6.24,0.051009661,0.011306013
noneq,9,0.5,6.26,0.047118536,0.011265183
noneq,9,0.5,6.28,0.052181667,0.015528037
noneq,9,0.5,6.3,0.050130386,0.011349515
noneq,9,0.5,6.32,0.051735653,0.013197196
noneq,9,0.5,6.34,0.05096801,0.012301185
noneq,9,0.5,6.36,0.051856055,0.013792368
noneq,9,0.5,6.38,0.050140182,0.013095131
noneq,9,0.5,6.4,0.050098403,0.012862387
noneq,9,0.5,6.42,0.049774935,0.013426643
noneq,9,0.5,6.44,0.046491806,0.011575291
noneq,9,0.5,6.46,0.052820842,0.011996945
noneq,9,0.5,6.48,0.048032735,0.011978977
noneq,9,0.5,6.5,0.05144595,0.013108871
noneq,9,0.5,6.52,0.050982442,0.013083439
noneq,9,0.5,6.54,0.049710559,0.011634622
noneq,9,0.5,6.56,0.050411033,0.01144375
noneq,9,0.5,6.58,0.047503546,0.013272495
noneq,9,0.5,6.6,0.047221642,0.012615621
noneq,9,0.5,6.62,0.05072904,0.013224392
noneq,9,0.5,6.64,0.048859393,0.011712881
noneq,9,0.5,6.66,0.049081378,0.011645159
noneq,9,0.5,6.68,0.049449392,0.013630441
noneq,9,0.5,6.7,0.048600495,0.012863059
noneq,9,0.5,6.72,0.05178011,0.013553866
noneq,9,0.5,6.74,0.052468428,0.012832301
noneq,9,0.5,6.76,0.055796875,0.014728914
noneq,9,0.5,6.78,0.047983701,0.012919578
noneq,9,0.5,6.8,0.049595573,0.012591812
noneq,9,0.5,6.82,0.051740923,0.012393625
noneq,9,0.5,6.84,0.054962607,0.014924031
noneq,9,0.5,6.86,0.053038953,0.013657937
noneq,9,0.5,6.88,0.051494126,0.012512319
noneq,9,0.5,6.9,0.049773507,0.012182272
noneq,9,0.5,6.92,0.053198721,0.013146934
noneq,9,0.5,6.94,0.051539267,0.015925831
noneq,9,0.5,6.96,0.049223358,0.013084112
noneq,9,0.5,6.98,0.050225391,0.013886081
noneq,9,0.5,7,0.050314763,0.013171008
noneq,9,0.5,7.02,0.052403993,0.013730723
noneq,9,0.5,7.04,0.051379653,0.011485534
noneq,9,0.5,7.06,0.051003205,0.013431627
noneq,9,0.5,7.08,0.050879167,0.012785514
noneq,9,0.5,7.1,0.052843979,0.013673103
noneq,9,0.5,7.12,0.051700224,0.014404806
noneq,9,0.5,7.14,0.049269063,0.014296021
noneq,9,0.5,7.16,0.049631793,0.012480155
noneq,9,0.5,7.18,0.052678662,0.013415128
noneq,9,0.5,7.2,0.051203935,0.014096419
noneq,9,0.5,7.22,0.048424383,0.01121718
noneq,9,0.5,7.24,0.052486967,0.014802304
noneq,9,0.5,7.26,0.0534078,0.015616529
noneq,9,0.5,7.28,0.047067449,0.011680625
noneq,9,0.5,7.3,0.050233255,0.014666109
noneq,9,0.5,7.32,0.049588656,0.013708007
noneq,9,0.5,7.34,0.04933124,0.013501243
noneq,9,0.5,7.36,0.052264437,0.014515324
noneq,9,0.5,7.38,0.053116282,0.015507019
noneq,9,0.5,7.4,0.047857931,0.014221635
noneq,9,0.5,7.42,0.050135629,0.013596982
noneq,9,0.5,7.44,0.051036427,0.014388866
noneq,9,0.5,7.46,0.049210668,0.011262036
noneq,9,0.5,7.48,0.048623784,0.012268264
noneq,9,0.5,7.5,0.046722898,0.012585072
noneq,9,0.5,7.52,0.048971361,0.011911281
noneq,9,0.5,7.54,0.052288999,0.014966086
noneq,9,0.5,7.56,0.049353952,0.013725607
noneq,9,0.5,7.58,0.047737771,0.012641766
noneq,9,0.5,7.6,0.047067057,0.011483156
noneq,9,0.5,7.62,0.045357435,0.012524694
noneq,9,0.5,7.64,0.049071735,0.01335872
noneq,9,0.5,7.66,0.049300404,0.014560835
noneq,9,0.5,7.68,0.051647949,0.014725773
noneq,9,0.5,7.7,0.049086584,0.014020847
noneq,9,0.5,7.72,0.049826497,0.011694796
noneq,9,0.5,7.74,0.051464639,0.014261736
noneq,9,0.5,7.76,0.046147133,0.013403893
noneq,9,0.5,7.78,0.047804469,0.011824177
noneq,9,0.5,7.8,0.049531769,0.012048019
noneq,9,0.5,7.82,0.053458751,0.015379124
noneq,9,0.5,7.84,0.050435517,0.013399781
noneq,9,0.5,7.86,0.051249843,0.013283987
noneq,9,0.5,7.88,0.049242381,0.012423506
noneq,9,0.5,7.9,0.04924959,0.013595467
noneq,9,0.5,7.92,0.047795646,0.012535402
noneq,9,0.5,7.94,0.052064115,0.013799348
noneq,9,0.5,7.96,0.051197416,0.012710667
noneq,9,0.5,7.98,0.050208328,0.012455928
noneq,9,0.5,8,0.051968786,0.014077343
noneq,9,0.5,8.02,0.053420081,0.013207038
noneq,9,0.5,8.04,0.046765541,0.012579124
noneq,9,0.5,8.06,0.049433593,0.011898362
noneq,9,0.5,8.08,0.05377892,0.014432046
noneq,9,0.5,8.1,0.050746415,0.012743789
noneq,9,0.5,8.12,0.049535736,0.01325614
noneq,9,0.5,8.14,0.048347984,0.012912515
noneq,9,0.5,8.16,0.050624486,0.01222518
noneq,9,0.5,8.18,0.04703422,0.011322877
noneq,9,0.5,8.2,0.050662132,0.012365629
noneq,9,0.5,8.22,0.049606659,0.012196242
noneq,9,0.5,8.24,0.048829257,0.012391821
noneq,9,0.5,8.26,0.05122428,0.011885812
noneq,9,0.5,8.28,0.04980939,0.012775553
noneq,9,0.5,8.3,0.052376313,0.012331387
noneq,9,0.5,8.32,0.051268303,0.012932508
noneq,9,0.5,8.34,0.049475135,0.011969898
noneq,9,0.5,8.36,0.048716841,0.012008558
noneq,9,0.5,8.38,0.053009352,0.012149814
noneq,9,0.5,8.4,0.051721176,0.011372276
noneq,9,0.5,8.42,0.050735877,0.013651355
noneq,9,0.5,8.44,0.051694222,0.012128757
noneq,9,0.5,8.46,0.050415345,0.010339653
noneq,9,0.5,8.48,0.051672048,0.013049638
noneq,9,0.5,8.5,0.049833505,0.013938382
noneq,9,0.5,8.52,0.051747058,0.01306278
noneq,9,0.5,8.54,0.045850911,0.011317948
noneq,9,0.5,8.56,0.050150887,0.012121077
noneq,9,0.5,8.58,0.048993756,0.011897645
noneq,9,0.5,8.6,0.052521925,0.013369047
noneq,9,0.5,8.62,0.051106215,0.012830617
noneq,9,0.5,8.64,0.051782409,0.012472017
noneq,9,0.5,8.66,0.051803385,0.012293382
noneq,9,0.5,8.68,0.049164327,0.011999055
noneq,9,0.5,8.7,0.045412513,0.010323204
noneq,9,0.5,8.72,0.050188512,0.011520006
noneq,9,0.5,8.74,0.046895043,0.012932499
noneq,9,0.5,8.76,0.053380114,0.012813965
noneq,9,0.5,8.78,0.054038438,0.01294586
noneq,9,0.5,8.8,0.049219084,0.012736031
noneq,9,0.5,8.82,0.04946614,0.010817854
noneq,9,0.5,8.84,0.050090457,0.012488636
noneq,9,0.5,8.86,0.049402735,0.015565669
noneq,9,0.5,8.88,0.0543323,0.016224308
noneq,9,0.5,8.9,0.04963539,0.012576458
noneq,9,0.5,8.92,0.050320722,0.011904439
noneq,9,0.5,8.94,0.046266455,0.011668575
noneq,9,0.5,8.96,0.05388879,0.014396076
noneq,9,0.5,8.98,0.049305556,0.012389127
noneq,9,0.5,9,0.048595886,0.012696294
noneq,9,0.5,9.02,0.046961737,0.012847392
noneq,9,0.5,9.04,0.050656491,0.014054959
noneq,9,0.5,9.06,0.050500307,0.014382476
noneq,9,0.5,9.08,0.049677934,0.014091842
noneq,9,0.5,9.1,0.049386636,0.013239352
noneq,9,0.5,9.12,0.048046274,0.012262522
noneq,9,0.5,9.14,0.049719622,0.012091543
noneq,9,0.5,9.16,0.04757695,0.01275773
noneq,9,0.5,9.18,0.048996015,0.015004199
noneq,9,0.5,9.2,0.054201598,0.014489757
noneq,9,0.5,9.22,0.053566998,0.014286533
noneq,9,0.5,9.24,0.049830128,0.012244147
noneq,9,0.5,9.26,0.050834226,0.012157276
noneq,9,0.5,9.28,0.048943285,0.013751662
noneq,9,0.5,9.3,0.048928021,0.013323375
noneq,9,0.5,9.32,0.052511979,0.013363322
noneq,9,0.5,9.34,0.050896086,0.013894198
noneq,9,0.5,9.36,0.051303631,0.012415333
noneq,9,0.5,9.38,0.051978162,0.012461275
noneq,9,0.5,9.4,0.049820708,0.011851831
noneq,9,0.5,9.42,0.051323281,0.012878284
noneq,9,0.5,9.44,0.047689084,0.011388101
noneq,9,0.5,9.46,0.053955417,0.013742482
noneq,9,0.5,9.48,0.049710769,0.012478021
noneq,9,0.5,9.5,0.049294759,0.011942239
noneq,9,0.5,9.52,0.052285309,0.01247477
noneq,9,0.5,9.54,0.050566201,0.013046469
noneq,9,0.5,9.56,0.05212492,0.014520811
noneq,9,0.5,9.58,0.050052543,0.012915251
noneq,9,0.5,9.6,0.050543067,0.011029288
noneq,9,0.5,9.62,0.051035615,0.013938283
noneq,9,0.5,9.64,0.054621489,0.013034805
noneq,9,0.5,9.66,0.052354213,0.012730747
noneq,9,0.5,9.68,0.049736043,0.01253476
noneq,9,0.5,9.7,0.050719541,0.01302738
noneq,9,0.5,9.72,0.051155117,0.013830371
noneq,9,0.5,9.74,0.049371813,0.013422052
noneq,9,0.5,9.76,0.052133572,0.012408668
noneq,9,0.5,9.78,0.047084225,0.01274629
noneq,9,0.5,9.8,0.050612414,0.013716553
noneq,9,0.5,9.82,0.051794492,0.015646391
noneq,9,0.5,9.84,0.048525829,0.013551656
noneq,9,0.5,9.86,0.050349745,0.013531336
noneq,9,0.5,9.88,0.053950441,0.016049602
noneq,9,0.5,9.9,0.050999416,0.014110352
noneq,9,0.5,9.92,0.049552707,0.012600775
noneq,9,0.5,9.94,0.053606897,0.014927733
noneq,9,0.5,9.96,0.054266462,0.016226637
noneq,9,0.5,9.98,0.048513488,0.012867542
noneq,9,0.5,10,0.048003397,0.013075987
noneq,9,0.5,10.02,0.051789276,0.012770905
noneq,9,0.5,10.04,0.05007767,0.013724064
noneq,9,0.5,10.06,0.055205012,0.013426774
noneq,9,0.5,10.08,0.048397191,0.012706277
noneq,9,0.5,10.1,0.050994508,0.013946252
noneq,9,0.5,10.12,0.054674902,0.013559991
noneq,9,0.5,10.14,0.052835956,0.014536043
noneq,9,0.5,10.16,0.050656751,0.014264666
noneq,9,0.5,10.18,0.049951171,0.014263119
noneq,9,0.5,10.2,0.048832506,0.010594771
noneq,9,0.5,10.22,0.055515238,0.014097047
noneq,9,0.5,10.24,0.050447858,0.013637511
noneq,9,0.5,10.26,0.053254313,0.014390172
noneq,9,0.5,10.28,0.052380157,0.015037409
noneq,9,0.5,10.3,0.047429267,0.011063642
noneq,9,0.5,10.32,0.054631282,0.01346888
noneq,9,0.5,10.34,0.052470813,0.013434001
noneq,9,0.5,10.36,0.048735156,0.013707071
noneq,9,0.5,10.38,0.048911952,0.0128705
noneq,9,0.5,10.4,0.051606394,0.012726933
noneq,9,0.5,10.42,0.04780434,0.013624596
noneq,9,0.5,10.44,0.049816963,0.011710291
noneq,9,0.5,10.46,0.051149536,0.01347749
noneq,9,0.5,10.48,0.048574356,0.012566748
noneq,9,0.5,10.5,0.047032886,0.012546958
noneq,9,0.5,10.52,0.049810691,0.012089819
noneq,9,0.5,10.54,0.048240527,0.010723415
noneq,9,0.5,10.56,0.050677909,0.013019848
noneq,9,0.5,10.58,0.048451878,0.014387569
noneq,9,0.5,10.6,0.05135808,0.012215092
noneq,9,0.5,10.62,0.051267831,0.012622289
noneq,9,0.5,10.64,0.05273481,0.013644105
noneq,9,0.5,10.66,0.051823876,0.01430705
noneq,9,0.5,10.68,0.048637392,0.013003928
noneq,9,0.5,10.7,0.047646318,0.011462453
noneq,9,0.5,10.72,0.045765528,0.012564066
noneq,9,0.5,10.74,0.045498578,0.012984038
noneq,9,0.5,10.76,0.04721518,0.012447948
noneq,9,0.5,10.78,0.05050944,0.012497243
noneq,9,0.5,10.8,0.047034231,0.011929607
noneq,9,0.5,10.82,0.052539931,0.013981664
noneq,9,0.5,10.84,0.047912353,0.012241872
noneq,9,0.5,10.86,0.049964593,0.012700077
noneq,9,0.5,10.88,0.052688309,0.013682161
noneq,9,0.5,10.9,0.053606493,0.013576904
noneq,9,0.5,10.92,0.05032562,0.012595985
noneq,9,0.5,10.94,0.050637614,0.01613673
noneq,9,0.5,10.96,0.048157975,0.012676851
noneq,9,0.5,10.98,0.05086838,0.012261973
noneq,9,0.5,11,0.04919587,0.014577969
noneq,9,0.5,11.02,0.051583166,0.012895748
noneq,9,0.5,11.04,0.050544016,0.01272668
noneq,9,0.5,11.06,0.049973994,0.011595037
noneq,9,0.5,11.08,0.046327038,0.012254582
noneq,9,0.5,11.1,0.055071677,0.015047877
noneq,9,0.5,11.12,0.048978247,0.012492432
noneq,9,0.5,11.14,0.053541532,0.01460674
noneq,9,0.5,11.16,0.049771273,0.014634654
noneq,9,0.5,11.18,0.052651961,0.01490508
noneq,9,0.5,11.2,0.054437336,0.014018584
noneq,9,0.5,11.22,0.053277345,0.012989081
noneq,9,0.5,11.24,0.049941574,0.011606425
noneq,9,0.5,11.26,0.046091887,0.011802526
noneq,9,0.5,11.28,0.050362677,0.013743417
noneq,9,0.5,11.3,0.050116321,0.013761155
noneq,9,0.5,11.32,0.051367902,0.012721915
noneq,9,0.5,11.34,0.052047421,0.01314022
noneq,9,0.5,11.36,0.053124829,0.015458032
noneq,9,0.5,11.38,0.046166204,0.012782475
noneq,9,0.5,11.4,0.049353934,0.013415783
noneq,9,0.5,11.42,0.048413022,0.013175383
noneq,9,0.5,11.44,0.04994832,0.012501732
noneq,9,0.5,11.46,0.04948059,0.013531735
noneq,9,0.5,11.48,0.05223821,0.014476533
noneq,9,0.5,11.5,0.052123472,0.013889144
noneq,9,0.5,11.52,0.051023622,0.014459049
noneq,9,0.5,11.54,0.053979004,0.012705736
noneq,9,0.5,11.56,0.050079396,0.014711404
noneq,9,0.5,11.58,0.054913388,0.013634281
noneq,9,0.5,11.6,0.052174352,0.014968121
noneq,9,0.5,11.62,0.052426605,0.014082031
noneq,9,0.5,11.64,0.052740991,0.014935797
noneq,9,0.5,11.66,0.052315228,0.010976052
noneq,9,0.5,11.68,0.051662738,0.013412453
noneq,9,0.5,11.7,0.050973126,0.01382932
noneq,9,0.5,11.72,0.05130799,0.013623899
noneq,9,0.5,11.74,0.050694244,0.01330646
noneq,9,0.5,11.76,0.052104538,0.014104093
noneq,9,0.5,11.78,0.051389328,0.012424303
noneq,9,0.5,11.8,0.049832459,0.01336669
noneq,9,0.5,11.82,0.050999872,0.012213385
noneq,9,0.5,11.84,0.053841739,0.014366225
noneq,9,0.5,11.86,0.048755905,0.012931789
noneq,9,0.5,11.88,0.048851904,0.011731432
noneq,9,0.5,11.9,0.051277575,0.012778105
noneq,9,0.5,11.92,0.051260563,0.012244195
noneq,9,0.5,11.94,0.055052889,0.014930036
noneq,9,0.5,11.96,0.051811475,0.013982647
noneq,9,0.5,11.98,0.051706511,0.015681894
noneq,9,0.5,12,0.052544877,0.015314522
noneq,9,0.5,12.02,0.054052939,0.014705383
noneq,9,0.5,12.04,0.049123864,0.013414847
noneq,9,0.5,12.06,0.050972318,0.014763607
noneq,9,0.5,12.08,0.049356775,0.013833719
noneq,9,0.5,12.1,0.05004574,0.013634484
noneq,9,0.5,12.12,0.052221101,0.013629239
noneq,9,0.5,12.14,0.051722773,0.013820665
noneq,9,0.5,12.16,0.049998781,0.01398864
noneq,9,0.5,12.18,0.050928439,0.013836268
noneq,9,0.5,12.2,0.052278011,0.015150339
noneq,9,0.5,12.22,0.048652097,0.011370715
noneq,9,0.5,12.24,0.049625324,0.01496904
noneq,9,0.5,12.26,0.049515963,0.013595499
noneq,9,0.5,12.28,0.050617322,0.015620344
noneq,9,0.5,12.3,0.050661963,0.014307472
noneq,9,0.5,12.32,0.048960658,0.014145523
noneq,9,0.5,12.34,0.054798578,0.014679785
noneq,9,0.5,12.36,0.046343639,0.013631077
noneq,9,0.5,12.38,0.052950898,0.012950918
noneq,9,0.5,12.4,0.050020813,0.013071895
noneq,9,0.5,12.42,0.050105734,0.013926569
noneq,9,0.5,12.44,0.048789157,0.012904067
noneq,9,0.5,12.46,0.048180191,0.010468431
noneq,9,0.5,12.48,0.049766414,0.013158675
noneq,9,0.5,12.5,0.05221551,0.013625784
noneq,9,0.5,12.52,0.054332204,0.014333003
noneq,9,0.5,12.54,0.050127028,0.013317787
noneq,9,0.5,12.56,0.049612217,0.0137836
noneq,9,0.5,12.5664,0.048394138,0.012672579
ctrl,9,0.5,0,0.052194223,
ctrl,9,0.5,0.02,0.052033508,
ctrl,9,0.5,0.04,0.053833329,
ctrl,9,0.5,0.06,0.048696963,
ctrl,9,0.5,0.08,0.050105416,
ctrl,9,0.5,0.1,0.054909224,
ctrl,9,0.5,0.12,0.050552739,
ctrl,9,0.5,0.14,0.056339077,
ctrl,9,0.5,0.16,0.051656787,
ctrl,9,0.5,0.18,0.051903867,
ctrl,9,0.5,0.2,0.049959821,
ctrl,9,0.5,0.22,0.053788852,
ctrl,9,0.5,0.24,0.049002424,
ctrl,9,0.5,0.26,0.051809703,
ctrl,9,0.5,0.28,0.049221431,
ctrl,9,0.5,0.3,0.051623834,
ctrl,9,0.5,0.32,0.051236055,
ctrl,9,0.5,0.34,0.049663904,
ctrl,9,0.5,0.36,0.051599088,
ctrl,9,0.5,0.38,0.053477902,
ctrl,9,0.5,0.4,0.051556144,
ctrl,9,0.5,0.42,0.05202775,
ctrl,9,0.5,0.44,0.049967089,
ctrl,9,0.5,0.46,0.046285681,
ctrl,9,0.5,0.48,0.054034307,
ctrl,9,0.5,0.5,0.051159426,
ctrl,9,0.5,0.52,0.048933854,
ctrl,9,0.5,0.54,0.05042111,
ctrl,9,0.5,0.56,0.047628134,
ctrl,9,0.5,0.58,0.046948118,
ctrl,9,0.5,0.6,0.05152017,
ctrl,9,0.5,0.62,0.050106055,
ctrl,9,0.5,0.64,0.051248746,
ctrl,9,0.5,0.66,0.049928173,
ctrl,9,0.5,0.68,0.057029009,
ctrl,9,0.5,0.7,0.049326141,
ctrl,9,0.5,0.72,0.050472612,
ctrl,9,0.5,0.74,0.050389618,
ctrl,9,0.5,0.76,0.052100684,
ctrl,9,0.5,0.78,0.048495499,
ctrl,9,0.5,0.8,0.05069106,
ctrl,9,0.5,0.82,0.052046351,
ctrl,9,0.5,0.84,0.052966233,
ctrl,9,0.5,0.86,0.054125277,
ctrl,9,0.5,0.88,0.048291901,
ctrl,9,0.5,0.9,0.05070357,
ctrl,9,0.5,0.92,0.051253025,
ctrl,9,0.5,0.94,0.047898721,
ctrl,9,0.5,0.96,0.048729977,
ctrl,9,0.5,0.98,0.052575996,
ctrl,9,0.5,1,0.055275044,
ctrl,9,0.5,1.02,0.050514833,
ctrl,9,0.5,1.04,0.050028819,
ctrl,9,0.5,1.06,0.058249923,
ctrl,9,0.5,1.08,0.053129219,
ctrl,9,0.5,1.1,0.047934106,
ctrl,9,0.5,1.12,0.055328207,
ctrl,9,0.5,1.14,0.052117743,
ctrl,9,0.5,1.16,0.051569252,
ctrl,9,0.5,1.18,0.050145044,
ctrl,9,0.5,1.2,0.052330716,
ctrl,9,0.5,1.22,0.047114415,
ctrl,9,0.5,1.24,0.051351173,
ctrl,9,0.5,1.26,0.053463761,
ctrl,9,0.5,1.28,0.050414657,
ctrl,9,0.5,1.3,0.047629442,
ctrl,9,0.5,1.32,0.047747736,
ctrl,9,0.5,1.34,0.049449786,
ctrl,9,0.5,1.36,0.048429223,
ctrl,9,0.5,1.38,0.051852094,
ctrl,9,0.5,1.4,0.049224791,
ctrl,9,0.5,1.42,0.051691481,
ctrl,9,0.5,1.44,0.049692992,
ctrl,9,0.5,1.46,0.0501425,
ctrl,9,0.5,1.48,0.050588341,
ctrl,9,0.5,1.5,0.048575806,
ctrl,9,0.5,1.52,0.049422287,
ctrl,9,0.5,1.54,0.049939453,
ctrl,9,0.5,1.56,0.049548206,
ctrl,9,0.5,1.58,0.051672163,
ctrl,9,0.5,1.6,0.051301506,
ctrl,9,0.5,1.62,0.054637538,
ctrl,9,0.5,1.64,0.050599334,
ctrl,9,0.5,1.66,0.051494155,
ctrl,9,0.5,1.68,0.045993197,
ctrl,9,0.5,1.7,0.05097732,
ctrl,9,0.5,1.72,0.052986669,
ctrl,9,0.5,1.74,0.047066019,
ctrl,9,0.5,1.76,0.05044425,
ctrl,9,0.5,1.78,0.051404814,
ctrl,9,0.5,1.8,0.052671167,
ctrl,9,0.5,1.82,0.049283128,
ctrl,9,0.5,1.84,0.051004019,
ctrl,9,0.5,1.86,0.046965466,
ctrl,9,0.5,1.88,0.05282215,
ctrl,9,0.5,1.9,0.049596523,
ctrl,9,0.5,1.92,0.050911881,
ctrl,9,0.5,1.94,0.049607756,
ctrl,9,0.5,1.96,0.050946026,
ctrl,9,0.5,1.98,0.050225394,
ctrl,9,0.5,2,0.048925308,
ctrl,9,0.5,2.02,0.050921343,
ctrl,9,0.5,2.04,0.050047771,
ctrl,9,0.5,2.06,0.052019692,
ctrl,9,0.5,2.08,0.053925211,
ctrl,9,0.5,2.1,0.052209462,
ctrl,9,0.5,2.12,0.051493538,
ctrl,9,0.5,2.14,0.053206774,
ctrl,9,0.5,2.16,0.05201416,
ctrl,9,0.5,2.18,0.053384496,
ctrl,9,0.5,2.2,0.049262894,
ctrl,9,0.5,2.22,0.055697477,
ctrl,9,0.5,2.24,0.052963172,
ctrl,9,0.5,2.26,0.046152429,
ctrl,9,0.5,2.28,0.050717664,
ctrl,9,0.5,2.3,0.051831499,
ctrl,9,0.5,2.32,0.047831129,
ctrl,9,0.5,2.34,0.05129201,
ctrl,9,0.5,2.36,0.050569946,
ctrl,9,0.5,2.38,0.049010794,
ctrl,9,0.5,2.4,0.051896963,
ctrl,9,0.5,2.42,0.050932671,
ctrl,9,0.5,2.44,0.050381916,
ctrl,9,0.5,2.46,0.05130349,
ctrl,9,0.5,2.48,0.050583804,
ctrl,9,0.5,2.5,0.049326914,
ctrl,9,0.5,2.52,0.050271379,
ctrl,9,0.5,2.54,0.050781534,
ctrl,9,0.5,2.56,0.055676549,
ctrl,9,0.5,2.58,0.049981201,
ctrl,9,0.5,2.6,0.050283466,
ctrl,9,0.5,2.62,0.048891138,
ctrl,9,0.5,2.64,0.048551735,
ctrl,9,0.5,2.66,0.04929871,
ctrl,9,0.5,2.68,0.050836324,
ctrl,9,0.5,2.7,0.051874478,
ctrl,9,0.5,2.72,0.050422037,
ctrl,9,0.5,2.74,0.050028707,
ctrl,9,0.5,2.76,0.050009732,
ctrl,9,0.5,2.78,0.047537285,
ctrl,9,0.5,2.8,0.051501774,
ctrl,9,0.5,2.82,0.041815525,
ctrl,9,0.5,2.84,0.049663429,
ctrl,9,0.5,2.86,0.050647671,
ctrl,9,0.5,2.88,0.048603916,
ctrl,9,0.5,2.9,0.052294836,
ctrl,9,0.5,2.92,0.047551948,
ctrl,9,0.5,2.94,0.04928686,
ctrl,9,0.5,2.96,0.050440499,
ctrl,9,0.5,2.98,0.050944728,
ctrl,9,0.5,3,0.052656097,
ctrl,9,0.5,3.02,0.050868826,
ctrl,9,0.5,3.04,0.049954145,
ctrl,9,0.5,3.06,0.050984882,
ctrl,9,0.5,3.08,0.050812203,
ctrl,9,0.5,3.1,0.050563029,
ctrl,9,0.5,3.12,0.048726343,
ctrl,9,0.5,3.14,0.051942958,
ctrl,9,0.5,3.16,0.052033732,
ctrl,9,0.5,3.18,0.052050483,
ctrl,9,0.5,3.2,0.046432623,
ctrl,9,0.5,3.22,0.049571256,
ctrl,9,0.5,3.24,0.05027715,
ctrl,9,0.5,3.26,0.050881604,
ctrl,9,0.5,3.28,0.055287272,
ctrl,9,0.5,3.3,0.051417904,
ctrl,9,0.5,3.32,0.052405987,
ctrl,9,0.5,3.34,0.050897859,
ctrl,9,0.5,3.36,0.050675195,
ctrl,9,0.5,3.38,0.055487356,
ctrl,9,0.5,3.4,0.052282827,
ctrl,9,0.5,3.42,0.049790673,
ctrl,9,0.5,3.44,0.053938547,
ctrl,9,0.5,3.46,0.05139821,
ctrl,9,0.5,3.48,0.053503699,
ctrl,9,0.5,3.5,0.052221312,
ctrl,9,0.5,3.52,0.048940864,
ctrl,9,0.5,3.54,0.049528334,
ctrl,9,0.5,3.56,0.048922367,
ctrl,9,0.5,3.58,0.050468196,
ctrl,9,0.5,3.6,0.048492268,
ctrl,9,0.5,3.62,0.051115999,
ctrl,9,0.5,3.64,0.049509894,
ctrl,9,0.5,3.66,0.046844319,
ctrl,9,0.5,3.68,0.054454374,
ctrl,9,0.5,3.7,0.052230884,
ctrl,9,0.5,3.72,0.050548471,
ctrl,9,0.5,3.74,0.050735833,
ctrl,9,0.5,3.76,0.050678924,
ctrl,9,0.5,3.78,0.049320576,
ctrl,9,0.5,3.8,0.046332168,
ctrl,9,0.5,3.82,0.046461419,
ctrl,9,0.5,3.84,0.050585378,
ctrl,9,0.5,3.86,0.051628473,
ctrl,9,0.5,3.88,0.048375553,
ctrl,9,0.5,3.9,0.050912586,
ctrl,9,0.5,3.92,0.051083904,
ctrl,9,0.5,3.94,0.050998372,
ctrl,9,0.5,3.96,0.04811346,
ctrl,9,0.5,3.98,0.052269355,
ctrl,9,0.5,4,0.05148683,
ctrl,9,0.5,4.02,0.052935541,
ctrl,9,0.5,4.04,0.05069215,
ctrl,9,0.5,4.06,0.051067905,
ctrl,9,0.5,4.08,0.04864877,
ctrl,9,0.5,4.1,0.049485639,
ctrl,9,0.5,4.12,0.049635295,
ctrl,9,0.5,4.14,0.051968595,
ctrl,9,0.5,4.16,0.050474924,
ctrl,9,0.5,4.18,0.046064117,
ctrl,9,0.5,4.2,0.055043523,
ctrl,9,0.5,4.22,0.051397718,
ctrl,9,0.5,4.24,0.047355797,
ctrl,9,0.5,4.26,0.052010116,
ctrl,9,0.5,4.28,0.052550964,
ctrl,9,0.5,4.3,0.049234408,
ctrl,9,0.5,4.32,0.051199464,
ctrl,9,0.5,4.34,0.053157113,
ctrl,9,0.5,4.36,0.050894305,
ctrl,9,0.5,4.38,0.048835198,
ctrl,9,0.5,4.4,0.054264146,
ctrl,9,0.5,4.42,0.050461317,
ctrl,9,0.5,4.44,0.05134728,
ctrl,9,0.5,4.46,0.047557979,
ctrl,9,0.5,4.48,0.049948756,
ctrl,9,0.5,4.5,0.046380244,
ctrl,9,0.5,4.52,0.045920074,
ctrl,9,0.5,4.54,0.049213473,
ctrl,9,0.5,4.56,0.052728184,
ctrl,9,0.5,4.58,0.050609894,
ctrl,9,0.5,4.6,0.051065831,
ctrl,9,0.5,4.62,0.049721731,
ctrl,9,0.5,4.64,0.046418095,
ctrl,9,0.5,4.66,0.052663333,
ctrl,9,0.5,4.68,0.048951306,
ctrl,9,0.5,4.7,0.048279312,
ctrl,9,0.5,4.72,0.049383355,
ctrl,9,0.5,4.74,0.045289408,
ctrl,9,0.5,4.76,0.050209696,
ctrl,9,0.5,4.78,0.054558101,
ctrl,9,0.5,4.8,0.051266224,
ctrl,9,0.5,4.82,0.049102329,
ctrl,9,0.5,4.84,0.050602383,
ctrl,9,0.5,4.86,0.052953746,
ctrl,9,0.5,4.88,0.051683686,
ctrl,9,0.5,4.9,0.052017065,
ctrl,9,0.5,4.92,0.048507988,
ctrl,9,0.5,4.94,0.04885075,
ctrl,9,0.5,4.96,0.048872758,
ctrl,9,0.5,4.98,0.052085032,
ctrl,9,0.5,5,0.053119515,
ctrl,9,0.5,5.02,0.049148166,
ctrl,9,0.5,5.04,0.05135115,
ctrl,9,0.5,5.06,0.048406632,
ctrl,9,0.5,5.08,0.05098288,
ctrl,9,0.5,5.1,0.050228087,
ctrl,9,0.5,5.12,0.047191691,
ctrl,9,0.5,5.14,0.049326262,
ctrl,9,0.5,5.16,0.048203481,
ctrl,9,0.5,5.18,0.048181859,
ctrl,9,0.5,5.2,0.050921183,
ctrl,9,0.5,5.22,0.052101841,
ctrl,9,0.5,5.24,0.050363228,
ctrl,9,0.5,5.26,0.051149581,
ctrl,9,0.5,5.28,0.049009261,
ctrl,9,0.5,5.3,0.050341514,
ctrl,9,0.5,5.32,0.05129193,
ctrl,9,0.5,5.34,0.049340166,
ctrl,9,0.5,5.36,0.049378885,
ctrl,9,0.5,5.38,0.050457805,
ctrl,9,0.5,5.4,0.051422399,
ctrl,9,0.5,5.42,0.052792329,
ctrl,9,0.5,5.44,0.051485141,
ctrl,9,0.5,5.46,0.053862261,
ctrl,9,0.5,5.48,0.053074948,
ctrl,9,0.5,5.5,0.050094124,
ctrl,9,0.5,5.52,0.053065405,
ctrl,9,0.5,5.54,0.048182008,
ctrl,9,0.5,5.56,0.047741533,
ctrl,9,0.5,5.58,0.0540665,
ctrl,9,0.5,5.6,0.047770284,
ctrl,9,0.5,5.62,0.051069899,
ctrl,9,0.5,5.64,0.051514905,
ctrl,9,0.5,5.66,0.050861437,
ctrl,9,0.5,5.68,0.048897767,
ctrl,9,0.5,5.7,0.052574774,
ctrl,9,0.5,5.72,0.051409363,
ctrl,9,0.5,5.74,0.050427709,
ctrl,9,0.5,5.76,0.04846364,
ctrl,9,0.5,5.78,0.049421059,
ctrl,9,0.5,5.8,0.051118299,
ctrl,9,0.5,5.82,0.049576648,
ctrl,9,0.5,5.84,0.049595309,
ctrl,9,0.5,5.86,0.044624478,
ctrl,9,0.5,5.88,0.048374627,
ctrl,9,0.5,5.9,0.053657738,
ctrl,9,0.5,5.92,0.052948398,
ctrl,9,0.5,5.94,0.04867913,
ctrl,9,0.5,5.96,0.048809414,
ctrl,9,0.5,5.98,0.049309536,
ctrl,9,0.5,6,0.05141443,
ctrl,9,0.5,6.02,0.052952419,
ctrl,9,0.5,6.04,0.044964452,
ctrl,9,0.5,6.06,0.048053263,
ctrl,9,0.5,6.08,0.047066462,
ctrl,9,0.5,6.1,0.048514653,
ctrl,9,0.5,6.12,0.050201216,
ctrl,9,0.5,6.14,0.050988067,
ctrl,9,0.5,6.16,0.049936696,
ctrl,9,0.5,6.18,0.053180453,
ctrl,9,0.5,6.2,0.047000382,
ctrl,9,0.5,6.22,0.053820617,
ctrl,9,0.5,6.24,0.053894024,
ctrl,9,0.5,6.26,0.052313222,
ctrl,9,0.5,6.28,0.051034538,
ctrl,9,0.5,6.3,0.051087984,
ctrl,9,0.5,6.32,0.050398341,
ctrl,9,0.5,6.34,0.052704527,
ctrl,9,0.5,6.36,0.053014437,
ctrl,9,0.5,6.38,0.049858501,
ctrl,9,0.5,6.4,0.053955696,
ctrl,9,0.5,6.42,0.049688969,
ctrl,9,0.5,6.44,0.051469967,
ctrl,9,0.5,6.46,0.049338336,
ctrl,9,0.5,6.48,0.054153512,
ctrl,9,0.5,6.5,0.050098793,
ctrl,9,0.5,6.52,0.050470419,
ctrl,9,0.5,6.54,0.048958877,
ctrl,9,0.5,6.56,0.055641567,
ctrl,9,0.5,6.58,0.054918986,
ctrl,9,0.5,6.6,0.045404968,
ctrl,9,0.5,6.62,0.050131213,
ctrl,9,0.5,6.64,0.049654799,
ctrl,9,0.5,6.66,0.046914086,
ctrl,9,0.5,6.68,0.051561378,
ctrl,9,0.5,6.7,0.048972661,
ctrl,9,0.5,6.72,0.053744725,
ctrl,9,0.5,6.74,0.055379661,
ctrl,9,0.5,6.76,0.052149217,
ctrl,9,0.5,6.78,0.054300745,
ctrl,9,0.5,6.8,0.048140555,
ctrl,9,0.5,6.82,0.047558248,
ctrl,9,0.5,6.84,0.049459079,
ctrl,9,0.5,6.86,0.051585703,
ctrl,9,0.5,6.88,0.046338111,
ctrl,9,0.5,6.9,0.0507271,
ctrl,9,0.5,6.92,0.049618003,
ctrl,9,0.5,6.94,0.049569022,
ctrl,9,0.5,6.96,0.048051758,
ctrl,9,0.5,6.98,0.049383862,
ctrl,9,0.5,7,0.049999072,
ctrl,9,0.5,7.02,0.053207537,
ctrl,9,0.5,7.04,0.051955473,
ctrl,9,0.5,7.06,0.052513717,
ctrl,9,0.5,7.08,0.051178621,
ctrl,9,0.5,7.1,0.046966873,
ctrl,9,0.5,7.12,0.050143475,
ctrl,9,0.5,7.14,0.050399574,
ctrl,9,0.5,7.16,0.051249938,
ctrl,9,0.5,7.18,0.052670205,
ctrl,9,0.5,7.2,0.052940054,
ctrl,9,0.5,7.22,0.050150948,
ctrl,9,0.5,7.24,0.050572729,
ctrl,9,0.5,7.26,0.048127351,
ctrl,9,0.5,7.28,0.049541485,
ctrl,9,0.5,7.3,0.053138471,
ctrl,9,0.5,7.32,0.051266632,
ctrl,9,0.5,7.34,0.050017845,
ctrl,9,0.5,7.36,0.047339117,
ctrl,9,0.5,7.38,0.052473352,
ctrl,9,0.5,7.4,0.047062272,
ctrl,9,0.5,7.42,0.04767201,
ctrl,9,0.5,7.44,0.051562533,
ctrl,9,0.5,7.46,0.049757988,
ctrl,9,0.5,7.48,0.049239083,
ctrl,9,0.5,7.5,0.048522367,
ctrl,9,0.5,7.52,0.048077131,
ctrl,9,0.5,7.54,0.047923036,
ctrl,9,0.5,7.56,0.047451813,
ctrl,9,0.5,7.58,0.048823143,
ctrl,9,0.5,7.6,0.048863792,
ctrl,9,0.5,7.62,0.052019778,
ctrl,9,0.5,7.64,0.047976514,
ctrl,9,0.5,7.66,0.049887176,
ctrl,9,0.5,7.68,0.050901548,
ctrl,9,0.5,7.7,0.047086875,
ctrl,9,0.5,7.72,0.051390523,
ctrl,9,0.5,7.74,0.050334803,
ctrl,9,0.5,7.76,0.05427768,
ctrl,9,0.5,7.78,0.053961491,
ctrl,9,0.5,7.8,0.049572495,
ctrl,9,0.5,7.82,0.050205037,
ctrl,9,0.5,7.84,0.048480538,
ctrl,9,0.5,7.86,0.049021491,
ctrl,9,0.5,7.88,0.053266138,
ctrl,9,0.5,7.9,0.052629496,
ctrl,9,0.5,7.92,0.049217138,
ctrl,9,0.5,7.94,0.051265409,
ctrl,9,0.5,7.96,0.053808419,
ctrl,9,0.5,7.98,0.052037779,
ctrl,9,0.5,8,0.054463485,
ctrl,9,0.5,8.02,0.049691826,
ctrl,9,0.5,8.04,0.050564994,
ctrl,9,0.5,8.06,0.050796448,
ctrl,9,0.5,8.08,0.048209742,
ctrl,9,0.5,8.1,0.048508395,
ctrl,9,0.5,8.12,0.047476134,
ctrl,9,0.5,8.14,0.051070436,
ctrl,9,0.5,8.16,0.051543991,
ctrl,9,0.5,8.18,0.050628126,
ctrl,9,0.5,8.2,0.047577023,
ctrl,9,0.5,8.22,0.048612296,
ctrl,9,0.5,8.24,0.04982298,
ctrl,9,0.5,8.26,0.049402865,
ctrl,9,0.5,8.28,0.051105671,
ctrl,9,0.5,8.3,0.05284159,
ctrl,9,0.5,8.32,0.053354471,
ctrl,9,0.5,8.34,0.053508207,
ctrl,9,0.5,8.36,0.050678985,
ctrl,9,0.5,8.38,0.04801294,
ctrl,9,0.5,8.4,0.046811308,
ctrl,9,0.5,8.42,0.049053803,
ctrl,9,0.5,8.44,0.049621997,
ctrl,9,0.5,8.46,0.05253453,
ctrl,9,0.5,8.48,0.05488394,
ctrl,9,0.5,8.5,0.054853174,
ctrl,9,0.5,8.52,0.052134652,
ctrl,9,0.5,8.54,0.049549027,
ctrl,9,0.5,8.56,0.054393116,
ctrl,9,0.5,8.58,0.052498718,
ctrl,9,0.5,8.6,0.048426577,
ctrl,9,0.5,8.62,0.049512418,
ctrl,9,0.5,8.64,0.056130653,
ctrl,9,0.5,8.66,0.050675018,
ctrl,9,0.5,8.68,0.053791605,
ctrl,9,0.5,8.7,0.051518741,
ctrl,9,0.5,8.72,0.049678002,
ctrl,9,0.5,8.74,0.048578724,
ctrl,9,0.5,8.76,0.052099718,
ctrl,9,0.5,8.78,0.048582569,
ctrl,9,0.5,8.8,0.046504967,
ctrl,9,0.5,8.82,0.048566856,
ctrl,9,0.5,8.84,0.049590264,
ctrl,9,0.5,8.86,0.051859431,
ctrl,9,0.5,8.88,0.053159823,
ctrl,9,0.5,8.9,0.054382453,
ctrl,9,0.5,8.92,0.051853719,
ctrl,9,0.5,8.94,0.048272135,
ctrl,9,0.5,8.96,0.052011205,
ctrl,9,0.5,8.98,0.052013037,
ctrl,9,0.5,9,0.049070773,
ctrl,9,0.5,9.02,0.047737507,
ctrl,9,0.5,9.04,0.049921595,
ctrl,9,0.5,9.06,0.048350968,
ctrl,9,0.5,9.08,0.047565088,
ctrl,9,0.5,9.1,0.047353453,
ctrl,9,0.5,9.12,0.0472909,
ctrl,9,0.5,9.14,0.051247245,
ctrl,9,0.5,9.16,0.049919548,
ctrl,9,0.5,9.18,0.051142194,
ctrl,9,0.5,9.2,0.047011132,
ctrl,9,0.5,9.22,0.048068002,
ctrl,9,0.5,9.24,0.04918065,
ctrl,9,0.5,9.26,0.051353013,
ctrl,9,0.5,9.28,0.044870095,
ctrl,9,0.5,9.3,0.047964359,
ctrl,9,0.5,9.32,0.051237604,
ctrl,9,0.5,9.34,0.048047561,
ctrl,9,0.5,9.36,0.05276024,
ctrl,9,0.5,9.38,0.049082188,
ctrl,9,0.5,9.4,0.053050044,
ctrl,9,0.5,9.42,0.051737872,
ctrl,9,0.5,9.44,0.051200401,
ctrl,9,0.5,9.46,0.051493573,
ctrl,9,0.5,9.48,0.052686914,
ctrl,9,0.5,9.5,0.05430227,
ctrl,9,0.5,9.52,0.048842299,
ctrl,9,0.5,9.54,0.053242137,
ctrl,9,0.5,9.56,0.049944889,
ctrl,9,0.5,9.58,0.05011968,
ctrl,9,0.5,9.6,0.050257269,
ctrl,9,0.5,9.62,0.049396127,
ctrl,9,0.5,9.64,0.053114801,
ctrl,9,0.5,9.66,0.047898514,
ctrl,9,0.5,9.68,0.051780323,
ctrl,9,0.5,9.7,0.05219241,
ctrl,9,0.5,9.72,0.045344187,
ctrl,9,0.5,9.74,0.052928551,
ctrl,9,0.5,9.76,0.049896168,
ctrl,9,0.5,9.78,0.049498689,
ctrl,9,0.5,9.8,0.050235693,
ctrl,9,0.5,9.82,0.050383096,
ctrl,9,0.5,9.84,0.050711009,
ctrl,9,0.5,9.86,0.046578544,
ctrl,9,0.5,9.88,0.047863441,
ctrl,9,0.5,9.9,0.053367499,
ctrl,9,0.5,9.92,0.052935648,
ctrl,9,0.5,9.94,0.049958519,
ctrl,9,0.5,9.96,0.051787581,
ctrl,9,0.5,9.98,0.052100847,
ctrl,9,0.5,10,0.049102864,
ctrl,9,0.5,10.02,0.050329226,
ctrl,9,0.5,10.04,0.053230715,
ctrl,9,0.5,10.06,0.046207338,
ctrl,9,0.5,10.08,0.051980571,
ctrl,9,0.5,10.1,0.045935934,
ctrl,9,0.5,10.12,0.049366217,
ctrl,9,0.5,10.14,0.051193154,
ctrl,9,0.5,10.16,0.051578946,
ctrl,9,0.5,10.18,0.050288236,
ctrl,9,0.5,10.2,0.050717078,
ctrl,9,0.5,10.22,0.049071724,
ctrl,9,0.5,10.24,0.052619447,
ctrl,9,0.5,10.26,0.051009488,
ctrl,9,0.5,10.28,0.052752614,
ctrl,9,0.5,10.3,0.051428675,
ctrl,9,0.5,10.32,0.048015788,
ctrl,9,0.5,10.34,0.055271009,
ctrl,9,0.5,10.36,0.052360758,
ctrl,9,0.5,10.38,0.048886366,
ctrl,9,0.5,10.4,0.047433634,
ctrl,9,0.5,10.42,0.048389068,
ctrl,9,0.5,10.44,0.055223758,
ctrl,9,0.5,10.46,0.052998048,
ctrl,9,0.5,10.48,0.051299577,
ctrl,9,0.5,10.5,0.050534304,
ctrl,9,0.5,10.52,0.050253648,
ctrl,9,0.5,10.54,0.047340653,
ctrl,9,0.5,10.56,0.050367039,
ctrl,9,0.5,10.58,0.050043975,
ctrl,9,0.5,10.6,0.052403845,
ctrl,9,0.5,10.62,0.047899513,
ctrl,9,0.5,10.64,0.050282838,
ctrl,9,0.5,10.66,0.047701083,
ctrl,9,0.5,10.68,0.051277963,
ctrl,9,0.5,10.7,0.047914922,
ctrl,9,0.5,10.72,0.049882196,
ctrl,9,0.5,10.74,0.050479652,
ctrl,9,0.5,10.76,0.049837335,
ctrl,9,0.5,10.78,0.050111584,
ctrl,9,0.5,10.8,0.049760611,
ctrl,9,0.5,10.82,0.052301802,
ctrl,9,0.5,10.84,0.048169382,
ctrl,9,0.5,10.86,0.050940652,
ctrl,9,0.5,10.88,0.04730462,
ctrl,9,0.5,10.9,0.051451174,
ctrl,9,0.5,10.92,0.047251094,
ctrl,9,0.5,10.94,0.050246438,
ctrl,9,0.5,10.96,0.050025709,
ctrl,9,0.5,10.98,0.04719687,
ctrl,9,0.5,11,0.050762552,
ctrl,9,0.5,11.02,0.052781706,
ctrl,9,0.5,11.04,0.053041204,
ctrl,9,0.5,11.06,0.049348598,
ctrl,9,0.5,11.08,0.052138159,
ctrl,9,0.5,11.1,0.054580299,
ctrl,9,0.5,11.12,0.050864791,
ctrl,9,0.5,11.14,0.0513728,
ctrl,9,0.5,11.16,0.047465703,
ctrl,9,0.5,11.18,0.051277233,
ctrl,9,0.5,11.2,0.052153115,
ctrl,9,0.5,11.22,0.047908816,
ctrl,9,0.5,11.24,0.050537263,
ctrl,9,0.5,11.26,0.0456895,
ctrl,9,0.5,11.28,0.051760217,
ctrl,9,0.5,11.3,0.049315938,
ctrl,9,0.5,11.32,0.051223593,
ctrl,9,0.5,11.34,0.05309585,
ctrl,9,0.5,11.36,0.051432351,
ctrl,9,0.5,11.38,0.052778008,
ctrl,9,0.5,11.4,0.052796671,
ctrl,9,0.5,11.42,0.05233789,
ctrl,9,0.5,11.44,0.051109499,
ctrl,9,0.5,11.46,0.052861918,
ctrl,9,0.5,11.48,0.048227756,
ctrl,9,0.5,11.5,0.05244931,
ctrl,9,0.5,11.52,0.050683177,
ctrl,9,0.5,11.54,0.049885084,
ctrl,9,0.5,11.56,0.052601616,
ctrl,9,0.5,11.58,0.053302498,
ctrl,9,0.5,11.6,0.04984424,
ctrl,9,0.5,11.62,0.05041358,
ctrl,9,0.5,11.64,0.048343117,
ctrl,9,0.5,11.66,0.049755985,
ctrl,9,0.5,11.68,0.053411865,
ctrl,9,0.5,11.7,0.0493819,
ctrl,9,0.5,11.72,0.053160604,
ctrl,9,0.5,11.74,0.049507026,
ctrl,9,0.5,11.76,0.049860203,
ctrl,9,0.5,11.78,0.048656172,
ctrl,9,0.5,11.8,0.052945851,
ctrl,9,0.5,11.82,0.048987248,
ctrl,9,0.5,11.84,0.051418872,
ctrl,9,0.5,11.86,0.057343754,
ctrl,9,0.5,11.88,0.052394862,
ctrl,9,0.5,11.9,0.052802097,
ctrl,9,0.5,11.92,0.050799293,
ctrl,9,0.5,11.94,0.05056166,
ctrl,9,0.5,11.96,0.052685032,
ctrl,9,0.5,11.98,0.049637321,
ctrl,9,0.5,12,0.049379751,
ctrl,9,0.5,12.02,0.048175741,
ctrl,9,0.5,12.04,0.050539686,
ctrl,9,0.5,12.06,0.048854081,
ctrl,9,0.5,12.08,0.052411945,
ctrl,9,0.5,12.1,0.052010779,
ctrl,9,0.5,12.12,0.05047485,
ctrl,9,0.5,12.14,0.052865793,
ctrl,9,0.5,12.16,0.056829939,
ctrl,9,0.5,12.18,0.05103316,
ctrl,9,0.5,12.2,0.048826741,
ctrl,9,0.5,12.22,0.047004003,
ctrl,9,0.5,12.24,0.048584557,
ctrl,9,0.5,12.26,0.04786582,
ctrl,9,0.5,12.28,0.0478172,
ctrl,9,0.5,12.3,0.051454093,
ctrl,9,0.5,12.32,0.050568403,
ctrl,9,0.5,12.34,0.046846431,
ctrl,9,0.5,12.36,0.05328679,
ctrl,9,0.5,12.38,0.048746671,
ctrl,9,0.5,12.4,0.047500748,
ctrl,9,0.5,12.42,0.05012855,
ctrl,9,0.5,12.44,0.051431083,
ctrl,9,0.5,12.46,0.047413225,
ctrl,9,0.5,12.48,0.052372244,
ctrl,9,0.5,12.5,0.052876826,
ctrl,9,0.5,12.52,0.054243736,
ctrl,9,0.5,12.54,0.050359919,
ctrl,9,0.5,12.56,0.055288378,
ctrl,9,0.5,12.5664,0.047987815,
noneq,9,1.0,0,0.80633836,0.72545553
noneq,9,1.0,0.02,0.474275,0.43035222
noneq,9,1.0,0.04,0.36566847,0.32296945
noneq,9,1.0,0.06,0.29994491,0.26010034
noneq,9,1.0,0.08,0.25453273,0.21784392
noneq,9,1.0,0.1,0.23324664,0.19278053
noneq,9,1.0,0.12,0.21379538,0.17260579
noneq,9,1.0,0.14,0.18942387,0.15172616
noneq,9,1.0,0.16,0.17934168,0.1380992
noneq,9,1.0,0.18,0.16972642,0.12910137
noneq,9,1.0,0.2,0.15952567,0.1190791
noneq,9,1.0,0.22,0.15024758,0.11122012
noneq,9,1.0,0.24,0.14586652,0.10562843
noneq,9,1.0,0.26,0.13736567,0.1002617
noneq,9,1.0,0.28,0.1339588,0.098590858
noneq,9,1.0,0.3,0.12981394,0.092598979
noneq,9,1.0,0.32,0.12867069,0.089935424
noneq,9,1.0,0.34,0.12610889,0.084869812
noneq,9,1.0,0.36,0.11930076,0.082584251
noneq,9,1.0,0.38,0.12099689,0.082217187
noneq,9,1.0,0.4,0.11404765,0.079456403
noneq,9,1.0,0.42,0.11966591,0.081547529
noneq,9,1.0,0.44,0.11469281,0.077635864
noneq,9,1.0,0.46,0.11541361,0.076526862
noneq,9,1.0,0.48,0.11452618,0.075244817
noneq,9,1.0,0.5,0.11004965,0.072115515
noneq,9,1.0,0.52,0.11301939,0.069759625
noneq,9,1.0,0.54,0.10850688,0.068050475
noneq,9,1.0,0.56,0.10296146,0.06663926
noneq,9,1.0,0.58,0.10137491,0.062170429
noneq,9,1.0,0.6,0.096494606,0.061360022
noneq,9,1.0,0.62,0.10032388,0.061406085
noneq,9,1.0,0.64,0.099098366,0.061108431
noneq,9,1.0,0.66,0.093841997,0.056464414
noneq,9,1.0,0.68,0.094822081,0.056878692
noneq,9,1.0,0.7,0.098150394,0.058753368
noneq,9,1.0,0.72,0.093426633,0.055992617
noneq,9,1.0,0.74,0.093640148,0.054740424
noneq,9,1.0,0.76,0.092071572,0.053938052
noneq,9,1.0,0.78,0.089409918,0.051236402
noneq,9,1.0,0.8,0.090127328,0.049782907
noneq,9,1.0,0.82,0.088724795,0.050023787
noneq,9,1.0,0.84,0.087571935,0.047643374
noneq,9,1.0,0.86,0.084426643,0.045476312
noneq,9,1.0,0.88,0.085062249,0.046304484
noneq,9,1.0,0.9,0.07876257,0.042527999
noneq,9,1.0,0.92,0.07531849,0.039760744
noneq,9,1.0,0.94,0.075303135,0.036521676
noneq,9,1.0,0.96,0.072371406,0.036787504
noneq,9,1.0,0.98,0.07669396,0.039076316
noneq,9,1.0,1,0.067894441,0.032322875
noneq,9,1.0,1.02,0.069974686,0.033394431
noneq,9,1.0,1.04,0.067753664,0.030716472
noneq,9,1.0,1.06,0.068664856,0.030862051
noneq,9,1.0,1.08,0.064274264,0.028040611
noneq,9,1.0,1.1,0.065521578,0.026377525
noneq,9,1.0,1.12,0.062493614,0.025971204
noneq,9,1.0,1.14,0.062573315,0.026374902
noneq,9,1.0,1.16,0.060720824,0.025070368
noneq,9,1.0,1.18,0.058108024,0.023187503
noneq,9,1.0,1.2,0.059871832,0.024260222
noneq,9,1.0,1.22,0.060384209,0.022940884
noneq,9,1.0,1.24,0.056580451,0.021253031
noneq,9,1.0,1.26,0.055841943,0.021487925
noneq,9,1.0,1.28,0.057931879,0.019797036
noneq,9,1.0,1.3,0.057038878,0.019715598
noneq,9,1.0,1.32,0.053146152,0.018246313
noneq,9,1.0,1.34,0.056929278,0.019229783
noneq,9,1.0,1.36,0.052749275,0.017216373
noneq,9,1.0,1.38,0.055762736,0.019507318
noneq,9,1.0,1.4,0.052268385,0.017896929
noneq,9,1.0,1.42,0.051045401,0.017322754
noneq,9,1.0,1.44,0.050780398,0.017823262
noneq,9,1.0,1.46,0.053332366,0.017959973
noneq,9,1.0,1.48,0.058999999,0.017549636
noneq,9,1.0,1.5,0.056865185,0.017503952
noneq,9,1.0,1.52,0.051894847,0.015915873
noneq,9,1.0,1.54,0.059391775,0.017507109
noneq,9,1.0,1.56,0.05235338,0.016510887
noneq,9,1.0,1.58,0.054346739,0.017300391
noneq,9,1.0,1.6,0.052855625,0.017142087
noneq,9,1.0,1.62,0.059845506,0.019353664
noneq,9,1.0,1.64,0.056091456,0.016745058
noneq,9,1.0,1.66,0.055917949,0.017328925
noneq,9,1.0,1.68,0.054143482,0.015326429
noneq,9,1.0,1.7,0.050796874,0.016727619
noneq,9,1.0,1.72,0.055915116,0.01637475
noneq,9,1.0,1.74,0.054439413,0.016213379
noneq,9,1.0,1.76,0.051891927,0.0143667
noneq,9,1.0,1.78,0.05545417,0.01646667
noneq,9,1.0,1.8,0.054797161,0.017679048
noneq,9,1.0,1.82,0.052206305,0.015383872
noneq,9,1.0,1.84,0.054386615,0.015147198
noneq,9,1.0,1.86,0.052105137,0.015454726
noneq,9,1.0,1.88,0.049570391,0.01556949
noneq,9,1.0,1.9,0.050776133,0.01309146
noneq,9,1.0,1.92,0.05444624,0.016137089
noneq,9,1.0,1.94,0.053578036,0.017114203
noneq,9,1.0,1.96,0.054816051,0.016293486
noneq,9,1.0,1.98,0.05224788,0.015656992
noneq,9,1.0,2,0.050241014,0.016623284
noneq,9,1.0,2.02,0.054218715,0.016073901
noneq,9,1.0,2.04,0.053621345,0.016999724
noneq,9,1.0,2.06,0.054005565,0.01717898
noneq,9,1.0,2.08,0.05216563,0.015367223
noneq,9,1.0,2.1,0.050975697,0.014817015
noneq,9,1.0,2.12,0.049189739,0.014060714
noneq,9,1.0,2.14,0.052341114,0.014378586
noneq,9,1.0,2.16,0.054951798,0.015555701
noneq,9,1.0,2.18,0.050552897,0.015050178
noneq,9,1.0,2.2,0.055930739,0.017606247
noneq,9,1.0,2.22,0.052492693,0.014642638
noneq,9,1.0,2.24,0.051859399,0.013006788
noneq,9,1.0,2.26,0.053840416,0.016418214
noneq,9,1.0,2.28,0.052363188,0.014784021
noneq,9,1.0,2.3,0.055765692,0.015225361
noneq,9,1.0,2.32,0.055023614,0.014370253
noneq,9,1.0,2.34,0.055047083,0.01549337
noneq,9,1.0,2.36,0.052825555,0.016194757
noneq,9,1.0,2.38,0.056597951,0.017011835
noneq,9,1.0,2.4,0.050370547,0.013042409
noneq,9,1.0,2.42,0.051716465,0.011889693
noneq,9,1.0,2.44,0.052867883,0.014300033
noneq,9,1.0,2.46,0.054714455,0.014931412
noneq,9,1.0,2.48,0.053761978,0.014831764
noneq,9,1.0,2.5,0.049802919,0.013700677
noneq,9,1.0,2.52,0.051092035,0.013954721
noneq,9,1.0,2.54,0.052416622,0.015267702
noneq,9,1.0,2.56,0.056135452,0.014981109
noneq,9,1.0,2.58,0.054909122,0.015847907
noneq,9,1.0,2.6,0.051205297,0.012742145
noneq,9,1.0,2.62,0.053566127,0.012013748
noneq,9,1.0,2.64,0.051193203,0.01575035
noneq,9,1.0,2.66,0.047590977,0.012336754
noneq,9,1.0,2.68,0.051671831,0.01287447
noneq,9,1.0,2.7,0.048552887,0.01478333
noneq,9,1.0,2.72,0.046958056,0.012487106
noneq,9,1.0,2.74,0.053055133,0.014636662
noneq,9,1.0,2.76,0.046588773,0.011465891
noneq,9,1.0,2.78,0.049208336,0.013970469
noneq,9,1.0,2.8,0.046967686,0.013828106
noneq,9,1.0,2.82,0.048806309,0.013694879
noneq,9,1.0,2.84,0.048229366,0.01292503
noneq,9,1.0,2.86,0.05062814,0.014152231
noneq,9,1.0,2.88,0.050181451,0.013489897
noneq,9,1.0,2.9,0.053381194,0.013336939
noneq,9,1.0,2.92,0.049482535,0.014318701
noneq,9,1.0,2.94,0.050789621,0.014650738
noneq,9,1.0,2.96,0.051187888,0.014764102
noneq,9,1.0,2.98,0.048680146,0.012993847
noneq,9,1.0,3,0.051256075,0.013219201
noneq,9,1.0,3.02,0.051342814,0.012928079
noneq,9,1.0,3.04,0.053360683,0.014505104
noneq,9,1.0,3.06,0.052499382,0.014896637
noneq,9,1.0,3.08,0.049690633,0.012684192
noneq,9,1.0,3.1,0.049745172,0.01028431
noneq,9,1.0,3.12,0.054969865,0.013470416
noneq,9,1.0,3.14,0.05129812,0.013112358
noneq,9,1.0,3.16,0.054565071,0.014939137
noneq,9,1.0,3.18,0.051500823,0.011989065
noneq,9,1.0,3.2,0.052592793,0.013593625
noneq,9,1.0,3.22,0.053176128,0.013489587
noneq,9,1.0,3.24,0.051278083,0.012063226
noneq,9,1.0,3.26,0.052020567,0.013503562
noneq,9,1.0,3.28,0.047688149,0.011579054
noneq,9,1.0,3.3,0.051521027,0.010868029
noneq,9,1.0,3.32,0.052254044,0.013255682
noneq,9,1.0,3.34,0.053883897,0.014110305
noneq,9,1.0,3.36,0.05469971,0.013744326
noneq,9,1.0,3.38,0.053119497,0.012169514
noneq,9,1.0,3.4,0.05369434,0.012706587
noneq,9,1.0,3.42,0.053750122,0.01464731
noneq,9,1.0,3.44,0.049147909,0.013000419
noneq,9,1.0,3.46,0.048659315,0.012972006
noneq,9,1.0,3.48,0.048326503,0.013390454
noneq,9,1.0,3.5,0.052924544,0.013017354
noneq,9,1.0,3.52,0.050684248,0.014058152
noneq,9,1.0,3.54,0.051258726,0.013817468
noneq,9,1.0,3.56,0.049961803,0.012718554
noneq,9,1.0,3.58,0.049534679,0.012635612
noneq,9,1.0,3.6,0.049233411,0.013235159
noneq,9,1.0,3.62,0.049524589,0.012736127
noneq,9,1.0,3.64,0.05519573,0.014463713
noneq,9,1.0,3.66,0.051555512,0.013448047
noneq,9,1.0,3.68,0.052682362,0.013615318
noneq,9,1.0,3.7,0.047954718,0.010890929
noneq,9,1.0,3.72,0.051569537,0.011900993
noneq,9,1.0,3.74,0.048810107,0.011063477
noneq,9,1.0,3.76,0.052924467,0.013147693
noneq,9,1.0,3.78,0.050357767,0.014393877
noneq,9,1.0,3.8,0.054207183,0.01396578
noneq,9,1.0,3.82,0.048851877,0.013226483
noneq,9,1.0,3.84,0.049922429,0.011766388
noneq,9,1.0,3.86,0.048386541,0.014019522
noneq,9,1.0,3.88,0.049575194,0.014351323
noneq,9,1.0,3.9,0.051739249,0.012592728
noneq,9,1.0,3.92,0.054385452,0.012432998
noneq,9,1.0,3.94,0.050952645,0.011562813
noneq,9,1.0,3.96,0.053760638,0.014691808
noneq,9,1.0,3.98,0.049718386,0.012484316
noneq,9,1.0,4,0.053948163,0.012635497
noneq,9,1.0,4.02,0.054867188,0.014873379
noneq,9,1.0,4.04,0.051671634,0.013556908
noneq,9,1.0,4.06,0.050694442,0.014174595
noneq,9,1.0,4.08,0.052146517,0.012758462
noneq,9,1.0,4.1,0.054791393,0.014463731
noneq,9,1.0,4.12,0.052982647,0.015338803
noneq,9,1.0,4.14,0.051918001,0.012782554
noneq,9,1.0,4.16,0.052831676,0.013528148
noneq,9,1.0,4.18,0.048326072,0.012259812
noneq,9,1.0,4.2,0.047612078,0.012160815
noneq,9,1.0,4.22,0.050811891,0.010961076
noneq,9,1.0,4.24,0.05302953,0.0142229
noneq,9,1.0,4.26,0.052484048,0.013561657
noneq,9,1.0,4.28,0.056683862,0.014905444
noneq,9,1.0,4.3,0.048762936,0.012898978
noneq,9,1.0,4.32,0.047795006,0.01360101
noneq,9,1.0,4.34,0.051155742,0.014626692
noneq,9,1.0,4.36,0.047650412,0.014657084
noneq,9,1.0,4.38,0.049764263,0.013668816
noneq,9,1.0,4.4,0.053418384,0.013728167
noneq,9,1.0,4.42,0.048536723,0.013911946
noneq,9,1.0,4.44,0.051504695,0.01328617
noneq,9,1.0,4.46,0.049519967,0.012707894
noneq,9,1.0,4.48,0.050558134,0.013362877
noneq,9,1.0,4.5,0.050112877,0.013980477
noneq,9,1.0,4.52,0.047091231,0.012382055
noneq,9,1.0,4.54,0.046681323,0.0134481
noneq,9,1.0,4.56,0.050061603,0.014098625
noneq,9,1.0,4.58,0.049880892,0.013588192
noneq,9,1.0,4.6,0.050652815,0.011008945
noneq,9,1.0,4.62,0.052165036,0.011542858
noneq,9,1.0,4.64,0.051780017,0.012274664
noneq,9,1.0,4.66,0.048992664,0.012530348
noneq,9,1.0,4.68,0.049303346,0.013304014
noneq,9,1.0,4.7,0.050135789,0.010396017
noneq,9,1.0,4.72,0.052014774,0.012024759
noneq,9,1.0,4.74,0.050726846,0.01393795
noneq,9,1.0,4.76,0.051233435,0.012272159
noneq,9,1.0,4.78,0.05163767,0.013501036
noneq,9,1.0,4.8,0.051046021,0.014093892
noneq,9,1.0,4.82,0.053066886,0.013736795
noneq,9,1.0,4.84,0.051594903,0.01248309
noneq,9,1.0,4.86,0.052680491,0.013343569
noneq,9,1.0,4.88,0.052399112,0.013499021
noneq,9,1.0,4.9,0.053482162,0.014385172
noneq,9,1.0,4.92,0.04923751,0.012966807
noneq,9,1.0,4.94,0.048026836,0.011274174
noneq,9,1.0,4.96,0.050183158,0.012903125
noneq,9,1.0,4.98,0.049586079,0.013066852
noneq,9,1.0,5,0.047552553,0.011305696
noneq,9,1.0,5.02,0.056190407,0.016425294
noneq,9,1.0,5.04,0.054561007,0.013953513
noneq,9,1.0,5.06,0.052590373,0.014969005
noneq,9,1.0,5.08,0.051798002,0.013996351
noneq,9,1.0,5.1,0.049348191,0.011983091
noneq,9,1.0,5.12,0.051198378,0.012181463
noneq,9,1.0,5.14,0.050235059,0.013471021
noneq,9,1.0,5.16,0.052001141,0.012853574
noneq,9,1.0,5.18,0.050052647,0.013197793
noneq,9,1.0,5.2,0.053891149,0.012719064
noneq,9,1.0,5.22,0.054109294,0.014451008
noneq,9,1.0,5.24,0.050347838,0.013141469
noneq,9,1.0,5.26,0.053033817,0.013555794
noneq,9,1.0,5.28,0.04842283,0.011889744
noneq,9,1.0,5.3,0.051847417,0.012778317
noneq,9,1.0,5.32,0.052137254,0.013739472
noneq,9,1.0,5.34,0.053626367,0.013832966
noneq,9,1.0,5.36,0.050294307,0.013180587
noneq,9,1.0,5.38,0.049473075,0.011100111
noneq,9,1.0,5.4,0.048798149,0.014865008
noneq,9,1.0,5.42,0.056215055,0.014855426
noneq,9,1.0,5.44,0.050969527,0.013921747
noneq,9,1.0,5.46,0.049971629,0.013420326
noneq,9,1.0,5.48,0.048696456,0.012151878
noneq,9,1.0,5.5,0.050471588,0.012824413
noneq,9,1.0,5.52,0.046375015,0.011880061
noneq,9,1.0,5.54,0.049004181,0.011825368
noneq,9,1.0,5.56,0.050209644,0.012553536
noneq,9,1.0,5.58,0.050458141,0.014327578
noneq,9,1.0,5.6,0.053584605,0.013540155
noneq,9,1.0,5.62,0.052863393,0.01483226
noneq,9,1.0,5.64,0.056204256,0.012924207
noneq,9,1.0,5.66,0.051006985,0.012000113
noneq,9,1.0,5.68,0.051132348,0.01221509
noneq,9,1.0,5.7,0.049854569,0.011178963
noneq,9,1.0,5.72,0.050337478,0.010770923
noneq,9,1.0,5.74,0.051451913,0.012283721
noneq,9,1.0,5.76,0.05335044,0.015403666
noneq,9,1.0,5.78,0.04954375,0.012474043
noneq,9,1.0,5.8,0.051108886,0.013276359
noneq,9,1.0,5.82,0.048033709,0.012650807
noneq,9,1.0,5.84,0.04743487,0.01110971
noneq,9,1.0,5.86,0.048706856,0.011035801
noneq,9,1.0,5.88,0.049809582,0.013297586
noneq,9,1.0,5.9,0.046614246,0.012755279
noneq,9,1.0,5.92,0.053171359,0.012408721
noneq,9,1.0,5.94,0.049554092,0.012789467
noneq,9,1.0,5.96,0.047872061,0.012585533
noneq,9,1.0,5.98,0.044961925,0.011806249
noneq,9,1.0,6,0.049080674,0.011500941
noneq,9,1.0,6.02,0.051738871,0.01236822
noneq,9,1.0,6.04,0.048137346,0.013754447
noneq,9,1.0,6.06,0.049012701,0.013194528
noneq,9,1.0,6.08,0.049727151,0.013037854
noneq,9,1.0,6.1,0.053600679,0.013499528
noneq,9,1.0,6.12,0.052129893,0.013126865
noneq,9,1.0,6.14,0.050808899,0.015073666
noneq,9,1.0,6.16,0.052581263,0.012904954
noneq,9,1.0,6.18,0.053015247,0.013460883
noneq,9,1.0,6.2,0.051002618,0.01288235
noneq,9,1.0,6.22,0.051749771,0.012077395
noneq,9,1.0,6.24,0.047403627,0.010608614
noneq,9,1.0,6.26,0.052029809,0.012475137
noneq,9,1.0,6.28,0.047548981,0.011739357
noneq,9,1.0,6.3,0.052545523,0.011238828
noneq,9,1.0,6.32,0.054392608,0.013563659
noneq,9,1.0,6.34,0.053637583,0.013426667
noneq,9,1.0,6.36,0.049665558,0.012576483
noneq,9,1.0,6.38,0.051856822,0.013214135
noneq,9,1.0,6.4,0.051706809,0.014918236
noneq,9,1.0,6.42,0.048671073,0.01346408
noneq,9,1.0,6.44,0.057447169,0.013598392
noneq,9,1.0,6.46,0.056052149,0.014447662
noneq,9,1.0,6.48,0.053267252,0.014800624
noneq,9,1.0,6.5,0.053112589,0.014405105
noneq,9,1.0,6.52,0.056479821,0.01283906
noneq,9,1.0,6.54,0.055667842,0.01198573
noneq,9,1.0,6.56,0.052505366,0.014225751
noneq,9,1.0,6.58,0.052134097,0.013699896
noneq,9,1.0,6.6,0.049740304,0.013175735
noneq,9,1.0,6.62,0.053423828,0.013236834
noneq,9,1.0,6.64,0.050984359,0.012677203
noneq,9,1.0,6.66,0.052700818,0.013509448
noneq,9,1.0,6.68,0.051281005,0.014027501
noneq,9,1.0,6.7,0.053303649,0.014140733
noneq,9,1.0,6.72,0.052605808,0.012452577
noneq,9,1.0,6.74,0.048778095,0.01158989
noneq,9,1.0,6.76,0.051127994,0.013083278
noneq,9,1.0,6.78,0.053445988,0.015289801
noneq,9,1.0,6.8,0.048664664,0.013413208
noneq,9,1.0,6.82,0.051011696,0.013392225
noneq,9,1.0,6.84,0.051076023,0.012339998
noneq,9,1.0,6.86,0.049663175,0.013469888
noneq,9,1.0,6.88,0.049542071,0.014351432
noneq,9,1.0,6.9,0.049046959,0.013277467
noneq,9,1.0,6.92,0.048217336,0.011409659
noneq,9,1.0,6.94,0.051710597,0.012407477
noneq,9,1.0,6.96,0.051240067,0.013108484
noneq,9,1.0,6.98,0.050557916,0.012478929
noneq,9,1.0,7,0.052020622,0.011962227
noneq,9,1.0,7.02,0.051184196,0.012662813
noneq,9,1.0,7.04,0.049377637,0.012926421
noneq,9,1.0,7.06,0.051709992,0.012725679
noneq,9,1.0,7.08,0.047441866,0.012637302
noneq,9,1.0,7.1,0.045653267,0.012032507
noneq,9,1.0,7.12,0.04844667,0.012404293
noneq,9,1.0,7.14,0.054449212,0.013617799
noneq,9,1.0,7.16,0.047574374,0.010581015
noneq,9,1.0,7.18,0.052317602,0.015808864
noneq,9,1.0,7.2,0.053217933,0.014974405
noneq,9,1.0,7.22,0.052843994,0.013182674
noneq,9,1.0,7.24,0.052810022,0.013147703
noneq,9,1.0,7.26,0.049122729,0.011620271
noneq,9,1.0,7.28,0.04878315,0.013213685
noneq,9,1.0,7.3,0.048838192,0.012873961
noneq,9,1.0,7.32,0.052261392,0.011037501
noneq,9,1.0,7.34,0.050150925,0.01413886
noneq,9,1.0,7.36,0.046729688,0.012973392
noneq,9,1.0,7.38,0.05195879,0.013203654
noneq,9,1.0,7.4,0.054328919,0.014788228
noneq,9,1.0,7.42,0.048683472,0.01330176
noneq,9,1.0,7.44,0.050637189,0.01310731
noneq,9,1.0,7.46,0.051286458,0.01267198
noneq,9,1.0,7.48,0.051476912,0.01375505
noneq,9,1.0,7.5,0.051202574,0.013179022
noneq,9,1.0,7.52,0.050696309,0.014000896
noneq,9,1.0,7.54,0.051894702,0.013619515
noneq,9,1.0,7.56,0.047605608,0.013003479
noneq,9,1.0,7.58,0.050844634,0.014227041
noneq,9,1.0,7.6,0.0486038,0.01315628
noneq,9,1.0,7.62,0.053128528,0.01384513
noneq,9,1.0,7.64,0.050251521,0.01190423
noneq,9,1.0,7.66,0.051115249,0.014042877
noneq,9,1.0,7.68,0.048224499,0.012218928
noneq,9,1.0,7.7,0.049975998,0.012962763
noneq,9,1.0,7.72,0.051494061,0.01265872
noneq,9,1.0,7.74,0.054951193,0.014508887
noneq,9,1.0,7.76,0.047072056,0.012459977
noneq,9,1.0,7.78,0.054180443,0.011367321
noneq,9,1.0,7.8,0.053968067,0.014282527
noneq,9,1.0,7.82,0.049651059,0.010953572
noneq,9,1.0,7.84,0.049243997,0.013688107
noneq,9,1.0,7.86,0.049491936,0.012545467
noneq,9,1.0,7.88,0.051956231,0.012753091
noneq,9,1.0,7.9,0.052117833,0.013692078
noneq,9,1.0,7.92,0.05327337,0.012791283
noneq,9,1.0,7.94,0.055745449,0.014816795
noneq,9,1.0,7.96,0.052626607,0.014927275
noneq,9,1.0,7.98,0.048997373,0.013624216
noneq,9,1.0,8,0.052840404,0.011705309
noneq,9,1.0,8.02,0.051235451,0.014249133
noneq,9,1.0,8.04,0.049311841,0.013227088
noneq,9,1.0,8.06,0.048471928,0.014207372
noneq,9,1.0,8.08,0.053253036,0.012368823
noneq,9,1.0,8.1,0.04776971,0.013863516
noneq,9,1.0,8.12,0.05225147,0.01323574
noneq,9,1.0,8.14,0.053377819,0.012634785
noneq,9,1.0,8.16,0.052591327,0.013762659
noneq,9,1.0,8.18,0.052211411,0.014101261
noneq,9,1.0,8.2,0.049313061,0.012127901
noneq,9,1.0,8.22,0.050125205,0.011734247
noneq,9,1.0,8.24,0.049296644,0.012613029
noneq,9,1.0,8.26,0.047062174,0.011339118
noneq,9,1.0,8.28,0.050756752,0.012381119
noneq,9,1.0,8.3,0.050814805,0.014956264
noneq,9,1.0,8.32,0.051196851,0.013660387
noneq,9,1.0,8.34,0.049828584,0.013172549
noneq,9,1.0,8.36,0.055138333,0.013205441
noneq,9,1.0,8.38,0.051006762,0.013921285
noneq,9,1.0,8.4,0.050586232,0.012670628
noneq,9,1.0,8.42,0.051126971,0.011636741
noneq,9,1.0,8.44,0.049812773,0.012148004
noneq,9,1.0,8.46,0.045341143,0.011702666
noneq,9,1.0,8.48,0.049657535,0.0133121
noneq,9,1.0,8.5,0.051434064,0.015031642
noneq,9,1.0,8.52,0.051366526,0.012875822
noneq,9,1.0,8.54,0.052425333,0.011617007
noneq,9,1.0,8.56,0.050587715,0.012839238
noneq,9,1.0,8.58,0.051089174,0.013395178
noneq,9,1.0,8.6,0.047467975,0.011982588
noneq,9,1.0,8.62,0.049373403,0.013619138
noneq,9,1.0,8.64,0.052187508,0.013213154
noneq,9,1.0,8.66,0.048109336,0.011481171
noneq,9,1.0,8.68,0.051669214,0.014794139
noneq,9,1.0,8.7,0.050511299,0.013838502
noneq,9,1.0,8.72,0.050116948,0.013113575
noneq,9,1.0,8.74,0.048331947,0.01238162
noneq,9,1.0,8.76,0.053187985,0.014038859
noneq,9,1.0,8.78,0.053237494,0.013938881
noneq,9,1.0,8.8,0.055675938,0.014338133
noneq,9,1.0,8.82,0.049998828,0.012652133
noneq,9,1.0,8.84,0.051239391,0.01439788
noneq,9,1.0,8.86,0.049338111,0.012570378
noneq,9,1.0,8.88,0.053607473,0.012637101
noneq,9,1.0,8.9,0.051917488,0.01389376
noneq,9,1.0,8.92,0.043504604,0.01037281
noneq,9,1.0,8.94,0.051472375,0.012195219
noneq,9,1.0,8.96,0.049392111,0.013912109
noneq,9,1.0,8.98,0.048729839,0.012857879
noneq,9,1.0,9,0.048586199,0.012608376
noneq,9,1.0,9.02,0.050871805,0.012371084
noneq,9,1.0,9.04,0.049048068,0.014274388
noneq,9,1.0,9.06,0.047165405,0.011153536
noneq,9,1.0,9.08,0.045399813,0.011018887
noneq,9,1.0,9.1,0.048111877,0.011188648
noneq,9,1.0,9.12,0.048701967,0.012727626
noneq,9,1.0,9.14,0.045180508,0.012987023
noneq,9,1.0,9.16,0.048617786,0.010869897
noneq,9,1.0,9.18,0.049042505,0.012059198
noneq,9,1.0,9.2,0.048265659,0.012876516
noneq,9,1.0,9.22,0.047884904,0.011736907
noneq,9,1.0,9.24,0.049779887,0.013072054
noneq,9,1.0,9.26,0.050839388,0.012166674
noneq,9,1.0,9.28,0.054031087,0.013208405
noneq,9,1.0,9.3,0.047675183,0.012950025
noneq,9,1.0,9.32,0.050330543,0.011930205
noneq,9,1.0,9.34,0.051268906,0.013557693
noneq,9,1.0,9.36,0.050865178,0.014393328
noneq,9,1.0,9.38,0.054968488,0.014141534
noneq,9,1.0,9.4,0.049233135,0.01214317
noneq,9,1.0,9.42,0.054282013,0.015235518
noneq,9,1.0,9.44,0.052688848,0.012829589
noneq,9,1.0,9.46,0.053594154,0.013059102
noneq,9,1.0,9.48,0.052239731,0.013767372
noneq,9,1.0,9.5,0.051535993,0.012377025
noneq,9,1.0,9.52,0.053107483,0.012999519
noneq,9,1.0,9.54,0.047829661,0.01245912
noneq,9,1.0,9.56,0.053857828,0.011570594
noneq,9,1.0,9.58,0.051058155,0.013437634
noneq,9,1.0,9.6,0.047855581,0.011636752
noneq,9,1.0,9.62,0.052322213,0.013651699
noneq,9,1.0,9.64,0.052983128,0.012607637
noneq,9,1.0,9.66,0.050855694,0.013732877
noneq,9,1.0,9.68,0.052133385,0.013753406
noneq,9,1.0,9.7,0.051842414,0.012610488
noneq,9,1.0,9.72,0.049111864,0.011570502
noneq,9,1.0,9.74,0.050278141,0.012440829
noneq,9,1.0,9.76,0.051347765,0.012262058
noneq,9,1.0,9.78,0.050189475,0.013844964
noneq,9,1.0,9.8,0.052033437,0.012338212
noneq,9,1.0,9.82,0.051681195,0.013602991
noneq,9,1.0,9.84,0.048479315,0.012507692
noneq,9,1.0,9.86,0.052550629,0.014120892
noneq,9,1.0,9.88,0.050906894,0.013351523
noneq,9,1.0,9.9,0.050675774,0.012772161
noneq,9,1.0,9.92,0.048308473,0.011390983
noneq,9,1.0,9.94,0.052624694,0.012993803
noneq,9,1.0,9.96,0.0500446,0.014118028
noneq,9,1.0,9.98,0.052962169,0.011369283
noneq,9,1.0,10,0.047728013,0.012657431
noneq,9,1.0,10.02,0.052945436,0.013555607
noneq,9,1.0,10.04,0.051277724,0.013267359
noneq,9,1.0,10.06,0.051363778,0.013494299
noneq,9,1.0,10.08,0.048576029,0.011424946
noneq,9,1.0,10.1,0.049329972,0.014681619
noneq,9,1.0,10.12,0.05261629,0.014117934
noneq,9,1.0,10.14,0.052870066,0.014474035
noneq,9,1.0,10.16,0.051396001,0.01258417
noneq,9,1.0,10.18,0.048174853,0.012576614
noneq,9,1.0,10.2,0.044335188,0.010346598
noneq,9,1.0,10.22,0.050478769,0.013679926
noneq,9,1.0,10.24,0.048110256,0.011856762
noneq,9,1.0,10.26,0.054611774,0.014683195
noneq,9,1.0,10.28,0.052294664,0.011427077
noneq,9,1.0,10.3,0.047536731,0.011253889
noneq,9,1.0,10.32,0.049042336,0.012787689
noneq,9,1.0,10.34,0.048809134,0.012216002
noneq,9,1.0,10.36,0.052691909,0.01288719
noneq,9,1.0,10.38,0.050495488,0.012477509
noneq,9,1.0,10.4,0.052673672,0.015067531
noneq,9,1.0,10.42,0.052336973,0.013118094
noneq,9,1.0,10.44,0.053964286,0.014016
noneq,9,1.0,10.46,0.048893178,0.012293978
noneq,9,1.0,10.48,0.051205703,0.014700613
noneq,9,1.0,10.5,0.054394156,0.013916537
noneq,9,1.0,10.52,0.050730104,0.014232117
noneq,9,1.0,10.54,0.050038292,0.012027327
noneq,9,1.0,10.56,0.049212842,0.012679832
noneq,9,1.0,10.58,0.051062083,0.012310926
noneq,9,1.0,10.6,0.04823909,0.011531871
noneq,9,1.0,10.62,0.053180353,0.013166959
noneq,9,1.0,10.64,0.050411928,0.014443921
noneq,9,1.0,10.66,0.050974028,0.012990087
noneq,9,1.0,10.68,0.049072005,0.011420375
noneq,9,1.0,10.7,0.049188807,0.012360877
noneq,9,1.0,10.72,0.04699442,0.011219047
noneq,9,1.0,10.74,0.048974782,0.012286957
noneq,9,1.0,10.76,0.048586385,0.012734556
noneq,9,1.0,10.78,0.047407157,0.013958764
noneq,9,1.0,10.8,0.046991024,0.011069332
noneq,9,1.0,10.82,0.047519259,0.011074631
noneq,9,1.0,10.84,0.051197395,0.011724932
noneq,9,1.0,10.86,0.051445568,0.013449475
noneq,9,1.0,10.88,0.053038964,0.01289158
noneq,9,1.0,10.9,0.048253051,0.014013429
noneq,9,1.0,10.92,0.050833906,0.013826226
noneq,9,1.0,10.94,0.049005906,0.013419541
noneq,9,1.0,10.96,0.048299927,0.012429292
noneq,9,1.0,10.98,0.048608626,0.012049593
noneq,9,1.0,11,0.048790522,0.012293063
noneq,9,1.0,11.02,0.048577288,0.011784187
noneq,9,1.0,11.04,0.051399102,0.013732106
noneq,9,1.0,11.06,0.055571394,0.014509021
noneq,9,1.0,11.08,0.053428009,0.013316497
noneq,9,1.0,11.1,0.050959828,0.013742541
noneq,9,1.0,11.12,0.05216083,0.013830323
noneq,9,1.0,11.14,0.050083158,0.014682239
noneq,9,1.0,11.16,0.051034937,0.014248777
noneq,9,1.0,11.18,0.052968533,0.013126066
noneq,9,1.0,11.2,0.049840396,0.011752325
noneq,9,1.0,11.22,0.050213766,0.013289747
noneq,9,1.0,11.24,0.046791127,0.012183581
noneq,9,1.0,11.26,0.052000696,0.013393154
noneq,9,1.0,11.28,0.052454104,0.014692466
noneq,9,1.0,11.3,0.049616299,0.01290252
noneq,9,1.0,11.32,0.05324548,0.015293911
noneq,9,1.0,11.34,0.050450195,0.011857422
noneq,9,1.0,11.36,0.052046642,0.011899089
noneq,9,1.0,11.38,0.054009391,0.01398657
noneq,9,1.0,11.4,0.050068552,0.013113389
noneq,9,1.0,11.42,0.051519629,0.012260003
noneq,9,1.0,11.44,0.050756002,0.013799052
noneq,9,1.0,11.46,0.051841956,0.012807322
noneq,9,1.0,11.48,0.054105563,0.014086058
noneq,9,1.0,11.5,0.054312694,0.013675561
noneq,9,1.0,11.52,0.049722209,0.013146969
noneq,9,1.0,11.54,0.049335495,0.013359469
noneq,9,1.0,11.56,0.052637104,0.012587837
noneq,9,1.0,11.58,0.050047611,0.010743074
noneq,9,1.0,11.6,0.054216023,0.014087317
noneq,9,1.0,11.62,0.0555812,0.01412732
noneq,9,1.0,11.64,0.050833262,0.013741751
noneq,9,1.0,11.66,0.055172814,0.01357649
noneq,9,1.0,11.68,0.054889931,0.01482202
noneq,9,1.0,11.7,0.054172136,0.014429937
noneq,9,1.0,11.72,0.054279608,0.0127868
noneq,9,1.0,11.74,0.05097919,0.014562081
noneq,9,1.0,11.76,0.047012643,0.010893016
noneq,9,1.0,11.78,0.051909412,0.01430054
noneq,9,1.0,11.8,0.052700709,0.012942069
noneq,9,1.0,11.82,0.056269477,0.01435998
noneq,9,1.0,11.84,0.047985131,0.012897302
noneq,9,1.0,11.86,0.053787707,0.013522893
noneq,9,1.0,11.88,0.04682243,0.012375461
noneq,9,1.0,11.9,0.04895778,0.013745583
noneq,9,1.0,11.92,0.055192202,0.013140199
noneq,9,1.0,11.94,0.052285043,0.012454773
noneq,9,1.0,11.96,0.050562272,0.013811514
noneq,9,1.0,11.98,0.04767019,0.012155242
noneq,9,1.0,12,0.049867318,0.01197656
noneq,9,1.0,12.02,0.052593516,0.012883774
noneq,9,1.0,12.04,0.051275106,0.013327136
noneq,9,1.0,12.06,0.053311329,0.014346865
noneq,9,1.0,12.08,0.049167618,0.012461698
noneq,9,1.0,12.1,0.054015757,0.014757631
noneq,9,1.0,12.12,0.049316979,0.015447441
noneq,9,1.0,12.14,0.053479374,0.01554446
noneq,9,1.0,12.16,0.052306648,0.012832774
noneq,9,1.0,12.18,0.049915173,0.011567337
noneq,9,1.0,12.2,0.047923787,0.011946618
noneq,9,1.0,12.22,0.05304475,0.014725765
noneq,9,1.0,12.24,0.046687273,0.012450216
noneq,9,1.0,12.26,0.049806762,0.013723611
noneq,9,1.0,12.28,0.050433697,0.012646608
noneq,9,1.0,12.3,0.047843924,0.011163932
noneq,9,1.0,12.32,0.04793087,0.012693271
noneq,9,1.0,12.34,0.051407145,0.014837484
noneq,9,1.0,12.36,0.052597839,0.013276738
noneq,9,1.0,12.38,0.049801553,0.014107668
noneq,9,1.0,12.4,0.051341198,0.013342568
noneq,9,1.0,12.42,0.050730124,0.013360593
noneq,9,1.0,12.44,0.05195767,0.013768506
noneq,9,1.0,12.46,0.051740364,0.013804294
noneq,9,1.0,12.48,0.050623671,0.013203592
noneq,9,1.0,12.5,0.051584519,0.01417019
noneq,9,1.0,12.52,0.052678165,0.012347199
noneq,9,1.0,12.54,0.049935689,0.012490347
noneq,9,1.0,12.56,0.054461962,0.014755359
noneq,9,1.0,12.5664,0.049229444,0.011936905
ctrl,9,1.0,0,0.052194223,
ctrl,9,1.0,0.02,0.052545137,
ctrl,9,1.0,0.04,0.052156398,
ctrl,9,1.0,0.06,0.050749871,
ctrl,9,1.0,0.08,0.054264248,
ctrl,9,1.0,0.1,0.050604276,
ctrl,9,1.0,0.12,0.055105822,
ctrl,9,1.0,0.14,0.052067618,
ctrl,9,1.0,0.16,0.051340616,
ctrl,9,1.0,0.18,0.053291576,
ctrl,9,1.0,0.2,0.051990251,
ctrl,9,1.0,0.22,0.053634005,
ctrl,9,1.0,0.24,0.052542967,
ctrl,9,1.0,0.26,0.047968725,
ctrl,9,1.0,0.28,0.050314476,
ctrl,9,1.0,0.3,0.054986153,
ctrl,9,1.0,0.32,0.051013993,
ctrl,9,1.0,0.34,0.053646743,
ctrl,9,1.0,0.36,0.050637748,
ctrl,9,1.0,0.38,0.047968105,
ctrl,9,1.0,0.4,0.054702048,
ctrl,9,1.0,0.42,0.051370037,
ctrl,9,1.0,0.44,0.053146174,
ctrl,9,1.0,0.46,0.05089319,
ctrl,9,1.0,0.48,0.050931474,
ctrl,9,1.0,0.5,0.052924111,
ctrl,9,1.0,0.52,0.053052356,
ctrl,9,1.0,0.54,0.049853685,
ctrl,9,1.0,0.56,0.053963241,
ctrl,9,1.0,0.58,0.053233214,
ctrl,9,1.0,0.6,0.053311142,
ctrl,9,1.0,0.62,0.0493212,
ctrl,9,1.0,0.64,0.048846811,
ctrl,9,1.0,0.66,0.049548312,
ctrl,9,1.0,0.68,0.04937982,
ctrl,9,1.0,0.7,0.050986693,
ctrl,9,1.0,0.72,0.051363822,
ctrl,9,1.0,0.74,0.047824302,
ctrl,9,1.0,0.76,0.049236502,
ctrl,9,1.0,0.78,0.048442616,
ctrl,9,1.0,0.8,0.052176524,
ctrl,9,1.0,0.82,0.05238859,
ctrl,9,1.0,0.84,0.051244117,
ctrl,9,1.0,0.86,0.050451847,
ctrl,9,1.0,0.88,0.049644578,
ctrl,9,1.0,0.9,0.048516815,
ctrl,9,1.0,0.92,0.053463272,
ctrl,9,1.0,0.94,0.051761101,
ctrl,9,1.0,0.96,0.050379321,
ctrl,9,1.0,0.98,0.04948694,
ctrl,9,1.0,1,0.051673805,
ctrl,9,1.0,1.02,0.047853887,
ctrl,9,1.0,1.04,0.052763624,
ctrl,9,1.0,1.06,0.048354703,
ctrl,9,1.0,1.08,0.048635464,
ctrl,9,1.0,1.1,0.051124044,
ctrl,9,1.0,1.12,0.054471996,
ctrl,9,1.0,1.14,0.049751373,
ctrl,9,1.0,1.16,0.047244935,
ctrl,9,1.0,1.18,0.052317836,
ctrl,9,1.0,1.2,0.048482676,
ctrl,9,1.0,1.22,0.04788543,
ctrl,9,1.0,1.24,0.048199456,
ctrl,9,1.0,1.26,0.049258514,
ctrl,9,1.0,1.28,0.050373984,
ctrl,9,1.0,1.3,0.050044255,
ctrl,9,1.0,1.32,0.050127271,
ctrl,9,1.0,1.34,0.05073087,
ctrl,9,1.0,1.36,0.051107797,
ctrl,9,1.0,1.38,0.054622689,
ctrl,9,1.0,1.4,0.051384174,
ctrl,9,1.0,1.42,0.051728247,
ctrl,9,1.0,1.44,0.050213089,
ctrl,9,1.0,1.46,0.050524873,
ctrl,9,1.0,1.48,0.049339128,
ctrl,9,1.0,1.5,0.051206506,
ctrl,9,1.0,1.52,0.051494872,
ctrl,9,1.0,1.54,0.04916993,
ctrl,9,1.0,1.56,0.049622874,
ctrl,9,1.0,1.58,0.047266904,
ctrl,9,1.0,1.6,0.050929036,
ctrl,9,1.0,1.62,0.049061936,
ctrl,9,1.0,1.64,0.051686256,
ctrl,9,1.0,1.66,0.051572513,
ctrl,9,1.0,1.68,0.050195337,
ctrl,9,1.0,1.7,0.053043233,
ctrl,9,1.0,1.72,0.053646048,
ctrl,9,1.0,1.74,0.051987641,
ctrl,9,1.0,1.76,0.052506547,
ctrl,9,1.0,1.78,0.053234233,
ctrl,9,1.0,1.8,0.047736831,
ctrl,9,1.0,1.82,0.048946388,
ctrl,9,1.0,1.84,0.048900626,
ctrl,9,1.0,1.86,0.049281851,
ctrl,9,1.0,1.88,0.051168324,
ctrl,9,1.0,1.9,0.047256656,
ctrl,9,1.0,1.92,0.047420308,
ctrl,9,1.0,1.94,0.049593973,
ctrl,9,1.0,1.96,0.049082373,
ctrl,9,1.0,1.98,0.052900381,
ctrl,9,1.0,2,0.050782065,
ctrl,9,1.0,2.02,0.052348279,
ctrl,9,1.0,2.04,0.050224991,
ctrl,9,1.0,2.06,0.051757402,
ctrl,9,1.0,2.08,0.050533135,
ctrl,9,1.0,2.1,0.04998458,
ctrl,9,1.0,2.12,0.050073089,
ctrl,9,1.0,2.14,0.047612504,
ctrl,9,1.0,2.16,0.052603868,
ctrl,9,1.0,2.18,0.049511201,
ctrl,9,1.0,2.2,0.049693657,
ctrl,9,1.0,2.22,0.05117771,
ctrl,9,1.0,2.24,0.049202069,
ctrl,9,1.0,2.26,0.046982053,
ctrl,9,1.0,2.28,0.057519677,
ctrl,9,1.0,2.3,0.051683379,
ctrl,9,1.0,2.32,0.050129649,
ctrl,9,1.0,2.34,0.052814041,
ctrl,9,1.0,2.36,0.049944655,
ctrl,9,1.0,2.38,0.054730031,
ctrl,9,1.0,2.4,0.051451302,
ctrl,9,1.0,2.42,0.05128335,
ctrl,9,1.0,2.44,0.052458498,
ctrl,9,1.0,2.46,0.050064075,
ctrl,9,1.0,2.48,0.051449864,
ctrl,9,1.0,2.5,0.046631824,
ctrl,9,1.0,2.52,0.048272196,
ctrl,9,1.0,2.54,0.051357461,
ctrl,9,1.0,2.56,0.052094372,
ctrl,9,1.0,2.58,0.051023582,
ctrl,9,1.0,2.6,0.048255269,
ctrl,9,1.0,2.62,0.050953932,
ctrl,9,1.0,2.64,0.051018264,
ctrl,9,1.0,2.66,0.050589096,
ctrl,9,1.0,2.68,0.051061055,
ctrl,9,1.0,2.7,0.05135859,
ctrl,9,1.0,2.72,0.050409372,
ctrl,9,1.0,2.74,0.051111969,
ctrl,9,1.0,2.76,0.046320405,
ctrl,9,1.0,2.78,0.044821937,
ctrl,9,1.0,2.8,0.047338138,
ctrl,9,1.0,2.82,0.048484618,
ctrl,9,1.0,2.84,0.046970393,
ctrl,9,1.0,2.86,0.047528995,
ctrl,9,1.0,2.88,0.044657388,
ctrl,9,1.0,2.9,0.049192211,
ctrl,9,1.0,2.92,0.048596041,
ctrl,9,1.0,2.94,0.050819492,
ctrl,9,1.0,2.96,0.046243262,
ctrl,9,1.0,2.98,0.051787429,
ctrl,9,1.0,3,0.052123641,
ctrl,9,1.0,3.02,0.051895864,
ctrl,9,1.0,3.04,0.055795605,
ctrl,9,1.0,3.06,0.052015706,
ctrl,9,1.0,3.08,0.05012998,
ctrl,9,1.0,3.1,0.052106925,
ctrl,9,1.0,3.12,0.048699564,
ctrl,9,1.0,3.14,0.049900043,
ctrl,9,1.0,3.16,0.051127717,
ctrl,9,1.0,3.18,0.052135221,
ctrl,9,1.0,3.2,0.050888335,
ctrl,9,1.0,3.22,0.052142106,
ctrl,9,1.0,3.24,0.048554754,
ctrl,9,1.0,3.26,0.053079296,
ctrl,9,1.0,3.28,0.052286817,
ctrl,9,1.0,3.3,0.052018322,
ctrl,9,1.0,3.32,0.054498888,
ctrl,9,1.0,3.34,0.055303489,
ctrl,9,1.0,3.36,0.055699354,
ctrl,9,1.0,3.38,0.046524465,
ctrl,9,1.0,3.4,0.05069131,
ctrl,9,1.0,3.42,0.051962334,
ctrl,9,1.0,3.44,0.04811878,
ctrl,9,1.0,3.46,0.050893981,
ctrl,9,1.0,3.48,0.051069337,
ctrl,9,1.0,3.5,0.049617166,
ctrl,9,1.0,3.52,0.052042205,
ctrl,9,1.0,3.54,0.054482336,
ctrl,9,1.0,3.56,0.051244408,
ctrl,9,1.0,3.58,0.049724455,
ctrl,9,1.0,3.6,0.049991342,
ctrl,9,1.0,3.62,0.050584098,
ctrl,9,1.0,3.64,0.049874782,
ctrl,9,1.0,3.66,0.045114467,
ctrl,9,1.0,3.68,0.048023712,
ctrl,9,1.0,3.7,0.05280716,
ctrl,9,1.0,3.72,0.04853221,
ctrl,9,1.0,3.74,0.052479615,
ctrl,9,1.0,3.76,0.049330423,
ctrl,9,1.0,3.78,0.050199288,
ctrl,9,1.0,3.8,0.051926114,
ctrl,9,1.0,3.82,0.046902103,
ctrl,9,1.0,3.84,0.047078601,
ctrl,9,1.0,3.86,0.051101837,
ctrl,9,1.0,3.88,0.051213382,
ctrl,9,1.0,3.9,0.054021583,
ctrl,9,1.0,3.92,0.049623404,
ctrl,9,1.0,3.94,0.051100996,
ctrl,9,1.0,3.96,0.053593774,
ctrl,9,1.0,3.98,0.050946267,
ctrl,9,1.0,4,0.049264666,
ctrl,9,1.0,4.02,0.049458299,
ctrl,9,1.0,4.04,0.048406966,
ctrl,9,1.0,4.06,0.050962305,
ctrl,9,1.0,4.08,0.051208559,
ctrl,9,1.0,4.1,0.05146643,
ctrl,9,1.0,4.12,0.052772679,
ctrl,9,1.0,4.14,0.051063469,
ctrl,9,1.0,4.16,0.04960111,
ctrl,9,1.0,4.18,0.047925441,
ctrl,9,1.0,4.2,0.049253076,
ctrl,9,1.0,4.22,0.052917638,
ctrl,9,1.0,4.24,0.056741102,
ctrl,9,1.0,4.26,0.04817999,
ctrl,9,1.0,4.28,0.049067921,
ctrl,9,1.0,4.3,0.053291046,
ctrl,9,1.0,4.32,0.049781388,
ctrl,9,1.0,4.34,0.054905853,
ctrl,9,1.0,4.36,0.047992128,
ctrl,9,1.0,4.38,0.05188603,
ctrl,9,1.0,4.4,0.050059765,
ctrl,9,1.0,4.42,0.051181561,
ctrl,9,1.0,4.44,0.051100149,
ctrl,9,1.0,4.46,0.046965055,
ctrl,9,1.0,4.48,0.049629868,
ctrl,9,1.0,4.5,0.050682779,
ctrl,9,1.0,4.52,0.047910656,
ctrl,9,1.0,4.54,0.049804985,
ctrl,9,1.0,4.56,0.049573179,
ctrl,9,1.0,4.58,0.049206052,
ctrl,9,1.0,4.6,0.047656063,
ctrl,9,1.0,4.62,0.049895903,
ctrl,9,1.0,4.64,0.049716972,
ctrl,9,1.0,4.66,0.055477135,
ctrl,9,1.0,4.68,0.047964854,
ctrl,9,1.0,4.7,0.047692246,
ctrl,9,1.0,4.72,0.04965609,
ctrl,9,1.0,4.74,0.051295307,
ctrl,9,1.0,4.76,0.051008293,
ctrl,9,1.0,4.78,0.050652596,
ctrl,9,1.0,4.8,0.049973573,
ctrl,9,1.0,4.82,0.052417963,
ctrl,9,1.0,4.84,0.050142959,
ctrl,9,1.0,4.86,0.050070851,
ctrl,9,1.0,4.88,0.048977803,
ctrl,9,1.0,4.9,0.051926138,
ctrl,9,1.0,4.92,0.050123033,
ctrl,9,1.0,4.94,0.052640476,
ctrl,9,1.0,4.96,0.04973658,
ctrl,9,1.0,4.98,0.05078695,
ctrl,9,1.0,5,0.051899699,
ctrl,9,1.0,5.02,0.049182529,
ctrl,9,1.0,5.04,0.050094983,
ctrl,9,1.0,5.06,0.053138142,
ctrl,9,1.0,5.08,0.050221249,
ctrl,9,1.0,5.1,0.051275078,
ctrl,9,1.0,5.12,0.050191846,
ctrl,9,1.0,5.14,0.048873058,
ctrl,9,1.0,5.16,0.052824925,
ctrl,9,1.0,5.18,0.05200831,
ctrl,9,1.0,5.2,0.05214802,
ctrl,9,1.0,5.22,0.048813106,
ctrl,9,1.0,5.24,0.052688759,
ctrl,9,1.0,5.26,0.051707724,
ctrl,9,1.0,5.28,0.055556468,
ctrl,9,1.0,5.3,0.049568034,
ctrl,9,1.0,5.32,0.053567419,
ctrl,9,1.0,5.34,0.05310472,
ctrl,9,1.0,5.36,0.052166851,
ctrl,9,1.0,5.38,0.049911614,
ctrl,9,1.0,5.4,0.05037793,
ctrl,9,1.0,5.42,0.04945471,
ctrl,9,1.0,5.44,0.052213199,
ctrl,9,1.0,5.46,0.055275549,
ctrl,9,1.0,5.48,0.054250329,
ctrl,9,1.0,5.5,0.048993963,
ctrl,9,1.0,5.52,0.049170344,
ctrl,9,1.0,5.54,0.049362932,
ctrl,9,1.0,5.56,0.048250098,
ctrl,9,1.0,5.58,0.049203525,
ctrl,9,1.0,5.6,0.049361567,
ctrl,9,1.0,5.62,0.050470076,
ctrl,9,1.0,5.64,0.051641269,
ctrl,9,1.0,5.66,0.053135749,
ctrl,9,1.0,5.68,0.047690731,
ctrl,9,1.0,5.7,0.050090032,
ctrl,9,1.0,5.72,0.05092194,
ctrl,9,1.0,5.74,0.053337477,
ctrl,9,1.0,5.76,0.049733471,
ctrl,9,1.0,5.78,0.04898496,
ctrl,9,1.0,5.8,0.051422956,
ctrl,9,1.0,5.82,0.050307197,
ctrl,9,1.0,5.84,0.049324607,
ctrl,9,1.0,5.86,0.049103073,
ctrl,9,1.0,5.88,0.051880207,
ctrl,9,1.0,5.9,0.051065887,
ctrl,9,1.0,5.92,0.052909328,
ctrl,9,1.0,5.94,0.047861473,
ctrl,9,1.0,5.96,0.050981985,
ctrl,9,1.0,5.98,0.051283226,
ctrl,9,1.0,6,0.047338555,
ctrl,9,1.0,6.02,0.05020476,
ctrl,9,1.0,6.04,0.050762968,
ctrl,9,1.0,6.06,0.050446836,
ctrl,9,1.0,6.08,0.049903498,
ctrl,9,1.0,6.1,0.047099277,
ctrl,9,1.0,6.12,0.046718058,
ctrl,9,1.0,6.14,0.046929333,
ctrl,9,1.0,6.16,0.050662674,
ctrl,9,1.0,6.18,0.049333495,
ctrl,9,1.0,6.2,0.055361979,
ctrl,9,1.0,6.22,0.049775162,
ctrl,9,1.0,6.24,0.047646121,
ctrl,9,1.0,6.26,0.05347542,
ctrl,9,1.0,6.28,0.052322142,
ctrl,9,1.0,6.3,0.049905923,
ctrl,9,1.0,6.32,0.053867515,
ctrl,9,1.0,6.34,0.051368053,
ctrl,9,1.0,6.36,0.054088473,
ctrl,9,1.0,6.38,0.050749873,
ctrl,9,1.0,6.4,0.05615348,
ctrl,9,1.0,6.42,0.04537325,
ctrl,9,1.0,6.44,0.052896102,
ctrl,9,1.0,6.46,0.053700239,
ctrl,9,1.0,6.48,0.049608154,
ctrl,9,1.0,6.5,0.048402368,
ctrl,9,1.0,6.52,0.05079376,
ctrl,9,1.0,6.54,0.050685456,
ctrl,9,1.0,6.56,0.051296786,
ctrl,9,1.0,6.58,0.049815327,
ctrl,9,1.0,6.6,0.052241474,
ctrl,9,1.0,6.62,0.053885035,
ctrl,9,1.0,6.64,0.049580418,
ctrl,9,1.0,6.66,0.049364608,
ctrl,9,1.0,6.68,0.04799669,
ctrl,9,1.0,6.7,0.052416654,
ctrl,9,1.0,6.72,0.049418582,
ctrl,9,1.0,6.74,0.051906098,
ctrl,9,1.0,6.76,0.050092204,
ctrl,9,1.0,6.78,0.052961961,
ctrl,9,1.0,6.8,0.047615186,
ctrl,9,1.0,6.82,0.049473901,
ctrl,9,1.0,6.84,0.054958906,
ctrl,9,1.0,6.86,0.050112547,
ctrl,9,1.0,6.88,0.051793147,
ctrl,9,1.0,6.9,0.053599543,
ctrl,9,1.0,6.92,0.052031102,
ctrl,9,1.0,6.94,0.055485442,
ctrl,9,1.0,6.96,0.054461931,
ctrl,9,1.0,6.98,0.052189672,
ctrl,9,1.0,7,0.051090368,
ctrl,9,1.0,7.02,0.04939992,
ctrl,9,1.0,7.04,0.052795707,
ctrl,9,1.0,7.06,0.054826978,
ctrl,9,1.0,7.08,0.052141516,
ctrl,9,1.0,7.1,0.049064608,
ctrl,9,1.0,7.12,0.051884387,
ctrl,9,1.0,7.14,0.053359722,
ctrl,9,1.0,7.16,0.051929665,
ctrl,9,1.0,7.18,0.05025737,
ctrl,9,1.0,7.2,0.053565271,
ctrl,9,1.0,7.22,0.047297184,
ctrl,9,1.0,7.24,0.046559819,
ctrl,9,1.0,7.26,0.048018158,
ctrl,9,1.0,7.28,0.04918053,
ctrl,9,1.0,7.3,0.053942839,
ctrl,9,1.0,7.32,0.055642309,
ctrl,9,1.0,7.34,0.049681037,
ctrl,9,1.0,7.36,0.048075914,
ctrl,9,1.0,7.38,0.053505502,
ctrl,9,1.0,7.4,0.056355067,
ctrl,9,1.0,7.42,0.051803329,
ctrl,9,1.0,7.44,0.051647607,
ctrl,9,1.0,7.46,0.047447149,
ctrl,9,1.0,7.48,0.053154962,
ctrl,9,1.0,7.5,0.054591497,
ctrl,9,1.0,7.52,0.04636718,
ctrl,9,1.0,7.54,0.04952482,
ctrl,9,1.0,7.56,0.048842163,
ctrl,9,1.0,7.58,0.047483892,
ctrl,9,1.0,7.6,0.052867246,
ctrl,9,1.0,7.62,0.049249465,
ctrl,9,1.0,7.64,0.051558527,
ctrl,9,1.0,7.66,0.04944402,
ctrl,9,1.0,7.68,0.052278367,
ctrl,9,1.0,7.7,0.05581149,
ctrl,9,1.0,7.72,0.050632335,
ctrl,9,1.0,7.74,0.051821586,
ctrl,9,1.0,7.76,0.054013798,
ctrl,9,1.0,7.78,0.050561526,
ctrl,9,1.0,7.8,0.057461924,
ctrl,9,1.0,7.82,0.055744136,
ctrl,9,1.0,7.84,0.051912987,
ctrl,9,1.0,7.86,0.049251696,
ctrl,9,1.0,7.88,0.052942046,
ctrl,9,1.0,7.9,0.049372638,
ctrl,9,1.0,7.92,0.050243925,
ctrl,9,1.0,7.94,0.048048386,
ctrl,9,1.0,7.96,0.050305221,
ctrl,9,1.0,7.98,0.050981949,
ctrl,9,1.0,8,0.048478721,
ctrl,9,1.0,8.02,0.051110635,
ctrl,9,1.0,8.04,0.051708555,
ctrl,9,1.0,8.06,0.048812172,
ctrl,9,1.0,8.08,0.05237984,
ctrl,9,1.0,8.1,0.047334296,
ctrl,9,1.0,8.12,0.050505243,
ctrl,9,1.0,8.14,0.050197964,
ctrl,9,1.0,8.16,0.051730537,
ctrl,9,1.0,8.18,0.049517788,
ctrl,9,1.0,8.2,0.051402265,
ctrl,9,1.0,8.22,0.048279057,
ctrl,9,1.0,8.24,0.051650636,
ctrl,9,1.0,8.26,0.04861217,
ctrl,9,1.0,8.28,0.050622215,
ctrl,9,1.0,8.3,0.053936206,
ctrl,9,1.0,8.32,0.04907181,
ctrl,9,1.0,8.34,0.052047212,
ctrl,9,1.0,8.36,0.047338552,
ctrl,9,1.0,8.38,0.048674736,
ctrl,9,1.0,8.4,0.049144478,
ctrl,9,1.0,8.42,0.050926685,
ctrl,9,1.0,8.44,0.05097504,
ctrl,9,1.0,8.46,0.048568025,
ctrl,9,1.0,8.48,0.052916432,
ctrl,9,1.0,8.5,0.050042963,
ctrl,9,1.0,8.52,0.049084829,
ctrl,9,1.0,8.54,0.055216835,
ctrl,9,1.0,8.56,0.048543458,
ctrl,9,1.0,8.58,0.052849569,
ctrl,9,1.0,8.6,0.050168921,
ctrl,9,1.0,8.62,0.054675906,
ctrl,9,1.0,8.64,0.050875464,
ctrl,9,1.0,8.66,0.054437094,
ctrl,9,1.0,8.68,0.050053433,
ctrl,9,1.0,8.7,0.049302721,
ctrl,9,1.0,8.72,0.048936766,
ctrl,9,1.0,8.74,0.046916485,
ctrl,9,1.0,8.76,0.0521257,
ctrl,9,1.0,8.78,0.051658947,
ctrl,9,1.0,8.8,0.049917621,
ctrl,9,1.0,8.82,0.050238539,
ctrl,9,1.0,8.84,0.050185265,
ctrl,9,1.0,8.86,0.05192263,
ctrl,9,1.0,8.88,0.052129929,
ctrl,9,1.0,8.9,0.052012551,
ctrl,9,1.0,8.92,0.049968824,
ctrl,9,1.0,8.94,0.047790991,
ctrl,9,1.0,8.96,0.050427423,
ctrl,9,1.0,8.98,0.04855028,
ctrl,9,1.0,9,0.054129703,
ctrl,9,1.0,9.02,0.05062388,
ctrl,9,1.0,9.04,0.050047996,
ctrl,9,1.0,9.06,0.04446585,
ctrl,9,1.0,9.08,0.047777757,
ctrl,9,1.0,9.1,0.045730788,
ctrl,9,1.0,9.12,0.052679863,
ctrl,9,1.0,9.14,0.049231683,
ctrl,9,1.0,9.16,0.047597431,
ctrl,9,1.0,9.18,0.049955737,
ctrl,9,1.0,9.2,0.049199913,
ctrl,9,1.0,9.22,0.048169454,
ctrl,9,1.0,9.24,0.047179847,
ctrl,9,1.0,9.26,0.048438024,
ctrl,9,1.0,9.28,0.052193457,
ctrl,9,1.0,9.3,0.051649613,
ctrl,9,1.0,9.32,0.051151494,
ctrl,9,1.0,9.34,0.050501333,
ctrl,9,1.0,9.36,0.0495534,
ctrl,9,1.0,9.38,0.051147432,
ctrl,9,1.0,9.4,0.051195067,
ctrl,9,1.0,9.42,0.054683257,
ctrl,9,1.0,9.44,0.049390397,
ctrl,9,1.0,9.46,0.052785329,
ctrl,9,1.0,9.48,0.051768921,
ctrl,9,1.0,9.5,0.050078589,
ctrl,9,1.0,9.52,0.050141457,
ctrl,9,1.0,9.54,0.049998992,
ctrl,9,1.0,9.56,0.050052569,
ctrl,9,1.0,9.58,0.050226496,
ctrl,9,1.0,9.6,0.051392986,
ctrl,9,1.0,9.62,0.054454699,
ctrl,9,1.0,9.64,0.052089886,
ctrl,9,1.0,9.66,0.050608431,
ctrl,9,1.0,9.68,0.045816844,
ctrl,9,1.0,9.7,0.053276063,
ctrl,9,1.0,9.72,0.048821759,
ctrl,9,1.0,9.74,0.049041654,
ctrl,9,1.0,9.76,0.051580778,
ctrl,9,1.0,9.78,0.053813495,
ctrl,9,1.0,9.8,0.052393529,
ctrl,9,1.0,9.82,0.054406018,
ctrl,9,1.0,9.84,0.049176016,
ctrl,9,1.0,9.86,0.048686184,
ctrl,9,1.0,9.88,0.051399106,
ctrl,9,1.0,9.9,0.054904865,
ctrl,9,1.0,9.92,0.048088679,
ctrl,9,1.0,9.94,0.05232815,
ctrl,9,1.0,9.96,0.049311597,
ctrl,9,1.0,9.98,0.051607174,
ctrl,9,1.0,10,0.046941635,
ctrl,9,1.0,10.02,0.050872403,
ctrl,9,1.0,10.04,0.052200588,
ctrl,9,1.0,10.06,0.051108272,
ctrl,9,1.0,10.08,0.049627803,
ctrl,9,1.0,10.1,0.046967657,
ctrl,9,1.0,10.12,0.04904804,
ctrl,9,1.0,10.14,0.049915629,
ctrl,9,1.0,10.16,0.05174183,
ctrl,9,1.0,10.18,0.050042197,
ctrl,9,1.0,10.2,0.054107608,
ctrl,9,1.0,10.22,0.045910762,
ctrl,9,1.0,10.24,0.048360509,
ctrl,9,1.0,10.26,0.050642273,
ctrl,9,1.0,10.28,0.055145992,
ctrl,9,1.0,10.3,0.049915596,
ctrl,9,1.0,10.32,0.053497972,
ctrl,9,1.0,10.34,0.051532833,
ctrl,9,1.0,10.36,0.055852437,
ctrl,9,1.0,10.38,0.054198112,
ctrl,9,1.0,10.4,0.051176436,
ctrl,9,1.0,10.42,0.052305644,
ctrl,9,1.0,10.44,0.05334425,
ctrl,9,1.0,10.46,0.048406136,
ctrl,9,1.0,10.48,0.052295028,
ctrl,9,1.0,10.5,0.051196566,
ctrl,9,1.0,10.52,0.048851569,
ctrl,9,1.0,10.54,0.050182952,
ctrl,9,1.0,10.56,0.050231233,
ctrl,9,1.0,10.58,0.047999446,
ctrl,9,1.0,10.6,0.05041305,
ctrl,9,1.0,10.62,0.054485712,
ctrl,9,1.0,10.64,0.050542624,
ctrl,9,1.0,10.66,0.052432209,
ctrl,9,1.0,10.68,0.052734427,
ctrl,9,1.0,10.7,0.051828078,
ctrl,9,1.0,10.72,0.049934959,
ctrl,9,1.0,10.74,0.049706076,
ctrl,9,1.0,10.76,0.046865056,
ctrl,9,1.0,10.78,0.051854097,
ctrl,9,1.0,10.8,0.047903341,
ctrl,9,1.0,10.82,0.049218474,
ctrl,9,1.0,10.84,0.048730474,
ctrl,9,1.0,10.86,0.049213472,
ctrl,9,1.0,10.88,0.048110984,
ctrl,9,1.0,10.9,0.051746374,
ctrl,9,1.0,10.92,0.049585685,
ctrl,9,1.0,10.94,0.052215996,
ctrl,9,1.0,10.96,0.048017021,
ctrl,9,1.0,10.98,0.048883659,
ctrl,9,1.0,11,0.05302416,
ctrl,9,1.0,11.02,0.051627129,
ctrl,9,1.0,11.04,0.051523967,
ctrl,9,1.0,11.06,0.051933205,
ctrl,9,1.0,11.08,0.048018995,
ctrl,9,1.0,11.1,0.048195204,
ctrl,9,1.0,11.12,0.051920727,
ctrl,9,1.0,11.14,0.049884008,
ctrl,9,1.0,11.16,0.048270745,
ctrl,9,1.0,11.18,0.047934162,
ctrl,9,1.0,11.2,0.049027496,
ctrl,9,1.0,11.22,0.04665408,
ctrl,9,1.0,11.24,0.049135282,
ctrl,9,1.0,11.26,0.050917288,
ctrl,9,1.0,11.28,0.051062798,
ctrl,9,1.0,11.3,0.051177779,
ctrl,9,1.0,11.32,0.054088558,
ctrl,9,1.0,11.34,0.050800908,
ctrl,9,1.0,11.36,0.047546388,
ctrl,9,1.0,11.38,0.052488535,
ctrl,9,1.0,11.4,0.050570335,
ctrl,9,1.0,11.42,0.051458471,
ctrl,9,1.0,11.44,0.044990933,
ctrl,9,1.0,11.46,0.04652438,
ctrl,9,1.0,11.48,0.04950042,
ctrl,9,1.0,11.5,0.04712216,
ctrl,9,1.0,11.52,0.050374776,
ctrl,9,1.0,11.54,0.048025679,
ctrl,9,1.0,11.56,0.052361639,
ctrl,9,1.0,11.58,0.054292927,
ctrl,9,1.0,11.6,0.053692257,
ctrl,9,1.0,11.62,0.051000178,
ctrl,9,1.0,11.64,0.051728983,
ctrl,9,1.0,11.66,0.053242649,
ctrl,9,1.0,11.68,0.05318682,
ctrl,9,1.0,11.7,0.046593547,
ctrl,9,1.0,11.72,0.053434921,
ctrl,9,1.0,11.74,0.049336505,
ctrl,9,1.0,11.76,0.054535708,
ctrl,9,1.0,11.78,0.049850386,
ctrl,9,1.0,11.8,0.049326946,
ctrl,9,1.0,11.82,0.052516843,
ctrl,9,1.0,11.84,0.048211528,
ctrl,9,1.0,11.86,0.05290493,
ctrl,9,1.0,11.88,0.052314089,
ctrl,9,1.0,11.9,0.052103396,
ctrl,9,1.0,11.92,0.054588511,
ctrl,9,1.0,11.94,0.051438071,
ctrl,9,1.0,11.96,0.052049177,
ctrl,9,1.0,11.98,0.055718831,
ctrl,9,1.0,12,0.048744548,
ctrl,9,1.0,12.02,0.051004111,
ctrl,9,1.0,12.04,0.05503977,
ctrl,9,1.0,12.06,0.051801023,
ctrl,9,1.0,12.08,0.051853753,
ctrl,9,1.0,12.1,0.051514859,
ctrl,9,1.0,12.12,0.046796945,
ctrl,9,1.0,12.14,0.050892753,
ctrl,9,1.0,12.16,0.049642707,
ctrl,9,1.0,12.18,0.053125229,
ctrl,9,1.0,12.2,0.049990736,
ctrl,9,1.0,12.22,0.049912058,
ctrl,9,1.0,12.24,0.04754845,
ctrl,9,1.0,12.26,0.049524386,
ctrl,9,1.0,12.28,0.0471574,
ctrl,9,1.0,12.3,0.05089651,
ctrl,9,1.0,12.32,0.051791954,
ctrl,9,1.0,12.34,0.051407963,
ctrl,9,1.0,12.36,0.047486277,
ctrl,9,1.0,12.38,0.048124769,
ctrl,9,1.0,12.4,0.050461325,
ctrl,9,1.0,12.42,0.050194344,
ctrl,9,1.0,12.44,0.050680344,
ctrl,9,1.0,12.46,0.047209809,
ctrl,9,1.0,12.48,0.050652187,
ctrl,9,1.0,12.5,0.052462993,
ctrl,9,1.0,12.52,0.0542849,
ctrl,9,1.0,12.54,0.048928109,
ctrl,9,1.0,12.56,0.046593436,
ctrl,9,1.0,12.5664,0.048665655,
noneq,9,0.02,0,0.80633836,0.72545553
noneq,9,0.02,0.05,0.73854315,0.66656005
noneq,9,0.02,0.1,0.69165891,0.62170639
noneq,9,0.02,0.15,0.66428136,0.59815443
noneq,9,0.02,0.2,0.63668012,0.57579281
noneq,9,0.02,0.25,0.61329474,0.55211177
noneq,9,0.02,0.3,0.594712,0.53913608
noneq,9,0.02,0.35,0.58648564,0.52968097
noneq,9,0.02,0.4,0.56947033,0.5193715
noneq,9,0.02,0.45,0.55575673,0.50728282
noneq,9,0.02,0.5,0.54168112,0.49224627
noneq,9,0.02,0.55,0.52584153,0.475795
noneq,9,0.02,0.6,0.50815684,0.45888657
noneq,9,0.02,0.65,0.49444341,0.45142803
noneq,9,0.02,0.7,0.48540827,0.43425847
noneq,9,0.02,0.75,0.46750347,0.41803377
noneq,9,0.02,0.8,0.44865587,0.39561426
noneq,9,0.02,0.85,0.43577755,0.38232062
noneq,9,0.02,0.9,0.42368046,0.3736707
noneq,9,0.02,0.95,0.40879982,0.3601959
noneq,9,0.02,1,0.39293382,0.34889967
noneq,9,0.02,1.05,0.37681761,0.33168225
noneq,9,0.02,1.1,0.36925574,0.3222569
noneq,9,0.02,1.15,0.35768215,0.31079367
noneq,9,0.02,1.2,0.33788883,0.29919708
noneq,9,0.02,1.25,0.3245419,0.28281507
noneq,9,0.02,1.3,0.31499791,0.272306
noneq,9,0.02,1.35,0.30380926,0.25905446
noneq,9,0.02,1.4,0.29088546,0.25021507
noneq,9,0.02,1.45,0.28407154,0.24481625
noneq,9,0.02,1.5,0.2798614,0.2357504
noneq,9,0.02,1.55,0.27179199,0.23077081
noneq,9,0.02,1.6,0.26366094,0.22404397
noneq,9,0.02,1.65,0.26189214,0.21829753
noneq,9,0.02,1.7,0.25232456,0.21497163
noneq,9,0.02,1.75,0.24620881,0.20812477
noneq,9,0.02,1.8,0.24403224,0.20327944
noneq,9,0.02,1.85,0.23908889,0.19998164
noneq,9,0.02,1.9,0.23212483,0.19678028
noneq,9,0.02,1.95,0.23319651,0.19604737
noneq,9,0.02,2,0.23497501,0.1946317
noneq,9,0.02,2.05,0.23004448,0.19180586
noneq,9,0.02,2.1,0.22991631,0.19013163
noneq,9,0.02,2.15,0.23020449,0.18849491
noneq,9,0.02,2.2,0.22356035,0.183251
noneq,9,0.02,2.25,0.22464685,0.18583098
noneq,9,0.02,2.3,0.22375217,0.18334079
noneq,9,0.02,2.35,0.21584487,0.17831675
noneq,9,0.02,2.4,0.21641551,0.17689556
noneq,9,0.02,2.45,0.21144403,0.17231414
noneq,9,0.02,2.5,0.20779992,0.17201208
noneq,9,0.02,2.55,0.20838967,0.16809641
noneq,9,0.02,2.6,0.20459179,0.16648111
noneq,9,0.02,2.65,0.19881663,0.16276967
noneq,9,0.02,2.7,0.19983013,0.16156977
noneq,9,0.02,2.75,0.19204485,0.15559241
noneq,9,0.02,2.8,0.18879745,0.14732151
noneq,9,0.02,2.85,0.18228374,0.14380905
noneq,9,0.02,2.9,0.18234578,0.14241214
noneq,9,0.02,2.95,0.17618937,0.13778877
noneq,9,0.02,3,0.17375005,0.13412328
noneq,9,0.02,3.05,0.17026714,0.13032194
noneq,9,0.02,3.1,0.16514832,0.12823183
noneq,9,0.02,3.15,0.16772312,0.12500952
noneq,9,0.02,3.2,0.16113121,0.12204733
noneq,9,0.02,3.25,0.15825837,0.11750332
noneq,9,0.02,3.3,0.15793466,0.11807966
noneq,9,0.02,3.35,0.15425367,0.11499363
noneq,9,0.02,3.4,0.15152888,0.11231701
noneq,9,0.02,3.45,0.15530698,0.11052647
noneq,9,0.02,3.5,0.14726134,0.10845962
noneq,9,0.02,3.55,0.14594321,0.10776908
noneq,9,0.02,3.6,0.14773603,0.10948021
noneq,9,0.02,3.65,0.1495867,0.10758595
noneq,9,0.02,3.7,0.14488206,0.10516173
noneq,9,0.02,3.75,0.14334208,0.10294784
noneq,9,0.02,3.8,0.1429766,0.10262392
noneq,9,0.02,3.85,0.13817073,0.099749336
noneq,9,0.02,3.9,0.13805453,0.098032508
noneq,9,0.02,3.95,0.13791488,0.097812536
noneq,9,0.02,4,0.13622429,0.096184654
noneq,9,0.02,4.05,0.1323998,0.0927744
noneq,9,0.02,4.1,0.13465878,0.094827584
noneq,9,0.02,4.15,0.12856979,0.091861331
noneq,9,0.02,4.2,0.13010071,0.089200904
noneq,9,0.02,4.25,0.12991787,0.088554269
noneq,9,0.02,4.3,0.12456376,0.086439643
noneq,9,0.02,4.35,0.12293745,0.085094371
noneq,9,0.02,4.4,0.12119095,0.084922295
noneq,9,0.02,4.45,0.11920561,0.083877966
noneq,9,0.02,4.5,0.11468692,0.07967699
noneq,9,0.02,4.55,0.11665469,0.07884688
noneq,9,0.02,4.6,0.11385738,0.075971001
noneq,9,0.02,4.65,0.11005529,0.071319475
noneq,9,0.02,4.7,0.10703888,0.069717083
noneq,9,0.02,4.75,0.10716129,0.066480532
noneq,9,0.02,4.8,0.10941794,0.065463539
noneq,9,0.02,4.85,0.10508245,0.06536396
noneq,9,0.02,4.9,0.10147298,0.060911074
noneq,9,0.02,4.95,0.096436898,0.059809532
noneq,9,0.02,5,0.099812864,0.058894487
noneq,9,0.02,5.05,0.094344322,0.057591194
noneq,9,0.02,5.1,0.095161583,0.058661349
noneq,9,0.02,5.15,0.096937356,0.056101148
noneq,9,0.02,5.2,0.097231726,0.055925718
noneq,9,0.02,5.25,0.093271371,0.055368386
noneq,9,0.02,5.3,0.093714271,0.055856939
noneq,9,0.02,5.35,0.094718135,0.054617339
noneq,9,0.02,5.4,0.090245414,0.055066899
noneq,9,0.02,5.45,0.092740498,0.056878335
noneq,9,0.02,5.5,0.09171296,0.052906809
noneq,9,0.02,5.55,0.096407841,0.05286726
noneq,9,0.02,5.6,0.093605302,0.053180904
noneq,9,0.02,5.65,0.090789867,0.049516272
noneq,9,0.02,5.7,0.0879678,0.050035078
noneq,9,0.02,5.75,0.086638439,0.05051209
noneq,9,0.02,5.8,0.08608722,0.048874543
noneq,9,0.02,5.85,0.084519965,0.049401041
noneq,9,0.02,5.9,0.086444858,0.046913497
noneq,9,0.02,5.95,0.08003042,0.047853463
noneq,9,0.02,6,0.081463307,0.048755916
noneq,9,0.02,6.05,0.082634547,0.046615371
noneq,9,0.02,6.1,0.082553504,0.046209775
noneq,9,0.02,6.15,0.087569188,0.04658976
noneq,9,0.02,6.2,0.083594544,0.044658579
noneq,9,0.02,6.25,0.08506359,0.043416606
noneq,9,0.02,6.3,0.082413996,0.042243462
noneq,9,0.02,6.35,0.078825724,0.043110143
noneq,9,0.02,6.4,0.078281092,0.041292346
noneq,9,0.02,6.45,0.081709735,0.041597164
noneq,9,0.02,6.5,0.079601273,0.041339117
noneq,9,0.02,6.55,0.080045216,0.041604135
noneq,9,0.02,6.6,0.073914262,0.039769417
noneq,9,0.02,6.65,0.081246006,0.039262558
noneq,9,0.02,6.7,0.076905204,0.038662057
noneq,9,0.02,6.75,0.077498355,0.038059531
noneq,9,0.02,6.8,0.077013153,0.040201658
noneq,9,0.02,6.85,0.073758772,0.036104379
noneq,9,0.02,6.9,0.077176249,0.037203396
noneq,9,0.02,6.95,0.079030266,0.036931903
noneq,9,0.02,7,0.07556248,0.036629334
noneq,9,0.02,7.05,0.072466471,0.037122955
noneq,9,0.02,7.1,0.073633922,0.036761876
noneq,9,0.02,7.15,0.072337632,0.03595422
noneq,9,0.02,7.2,0.073759047,0.036137823
noneq,9,0.02,7.25,0.073387182,0.034971348
noneq,9,0.02,7.3,0.07206308,0.034324948
noneq,9,0.02,7.35,0.0699053,0.03365442
noneq,9,0.02,7.4,0.070102522,0.03351985
noneq,9,0.02,7.45,0.068267614,0.03294092
noneq,9,0.02,7.5,0.068207149,0.032700466
noneq,9,0.02,7.55,0.069501248,0.033244591
noneq,9,0.02,7.6,0.071207863,0.032459765
noneq,9,0.02,7.65,0.06829477,0.030431796
noneq,9,0.02,7.7,0.067266459,0.031538151
noneq,9,0.02,7.75,0.06924189,0.031479157
noneq,9,0.02,7.8,0.070589451,0.031006349
noneq,9,0.02,7.85,0.070252162,0.03194405
noneq,9,0.02,7.9,0.072586098,0.03322194
noneq,9,0.02,7.95,0.070406609,0.03329504
noneq,9,0.02,8,0.068720222,0.031022659
noneq,9,0.02,8.05,0.069391189,0.029759968
noneq,9,0.02,8.1,0.064288018,0.028661765
noneq,9,0.02,8.15,0.066635858,0.027031408
noneq,9,0.02,8.2,0.062942182,0.028533255
noneq,9,0.02,8.25,0.063469782,0.027489776
noneq,9,0.02,8.3,0.065150223,0.026937544
noneq,9,0.02,8.35,0.065223802,0.027712529
noneq,9,0.02,8.4,0.0640618,0.02618217
noneq,9,0.02,8.45,0.063110205,0.027155158
noneq,9,0.02,8.5,0.065478538,0.027093259
noneq,9,0.02,8.55,0.064234815,0.024447165
noneq,9,0.02,8.6,0.060292287,0.024828628
noneq,9,0.02,8.65,0.058278052,0.02424739
noneq,9,0.02,8.7,0.064945199,0.027267516
noneq,9,0.02,8.75,0.065003299,0.025647688
noneq,9,0.02,8.8,0.058773056,0.023475448
noneq,9,0.02,8.85,0.062194293,0.026021701
noneq,9,0.02,8.9,0.060903333,0.025545471
noneq,9,0.02,8.95,0.059338153,0.02292608
noneq,9,0.02,9,0.057521886,0.023063965
noneq,9,0.02,9.05,0.05867684,0.024825582
noneq,9,0.02,9.1,0.058482842,0.02365319
noneq,9,0.02,9.15,0.058608367,0.022604142
noneq,9,0.02,9.2,0.059412659,0.022678376
noneq,9,0.02,9.25,0.057466338,0.02263386
noneq,9,0.02,9.3,0.057867358,0.020731948
noneq,9,0.02,9.35,0.057670786,0.021755821
noneq,9,0.02,9.4,0.057731789,0.023343715
noneq,9,0.02,9.45,0.056538904,0.020587326
noneq,9,0.02,9.5,0.05879587,0.020924226
noneq,9,0.02,9.55,0.061644578,0.022935548
noneq,9,0.02,9.6,0.058567314,0.022116748
noneq,9,0.02,9.65,0.059422664,0.021473407
noneq,9,0.02,9.7,0.064362228,0.022703383
noneq,9,0.02,9.75,0.057887819,0.021941178
noneq,9,0.02,9.8,0.059882608,0.022932599
noneq,9,0.02,9.85,0.060762873,0.019733934
noneq,9,0.02,9.9,0.053375116,0.019240364
noneq,9,0.02,9.95,0.057070677,0.019038233
noneq,9,0.02,10,0.059442535,0.019454807
noneq,9,0.02,10.05,0.060743689,0.021537679
noneq,9,0.02,10.1,0.05539743,0.018851026
noneq,9,0.02,10.15,0.054131455,0.020128758
noneq,9,0.02,10.2,0.059581313,0.022116918
noneq,9,0.02,10.25,0.057752334,0.019963137
noneq,9,0.02,10.3,0.05797291,0.020689828
noneq,9,0.02,10.35,0.058006141,0.018432129
noneq,9,0.02,10.4,0.056706034,0.01901574
noneq,9,0.02,10.45,0.058131363,0.020720174
noneq,9,0.02,10.5,0.055075477,0.017909508
noneq,9,0.02,10.55,0.05601489,0.018875018
noneq,9,0.02,10.6,0.055979281,0.017813607
noneq,9,0.02,10.65,0.060679247,0.019439613
noneq,9,0.02,10.7,0.056519239,0.019844141
noneq,9,0.02,10.75,0.053898689,0.017796807
noneq,9,0.02,10.8,0.05696306,0.017881447
noneq,9,0.02,10.85,0.05531163,0.018723986
noneq,9,0.02,10.9,0.056011605,0.017241928
noneq,9,0.02,10.95,0.056853539,0.017474258
noneq,9,0.02,11,0.059262137,0.019043334
noneq,9,0.02,11.05,0.054051254,0.017115328
noneq,9,0.02,11.1,0.054027798,0.017131127
noneq,9,0.02,11.15,0.055253921,0.016360522
noneq,9,0.02,11.2,0.053631305,0.016734511
noneq,9,0.02,11.25,0.053126369,0.015499384
noneq,9,0.02,11.3,0.057712854,0.018757113
noneq,9,0.02,11.35,0.052873687,0.016781148
noneq,9,0.02,11.4,0.053508095,0.016684367
noneq,9,0.02,11.45,0.054510684,0.017755625
noneq,9,0.02,11.5,0.053701779,0.016984397
noneq,9,0.02,11.55,0.054531037,0.014955191
noneq,9,0.02,11.6,0.058551733,0.015973308
noneq,9,0.02,11.65,0.052493188,0.016006745
noneq,9,0.02,11.7,0.055955544,0.01444632
noneq,9,0.02,11.75,0.052965757,0.013831529
noneq,9,0.02,11.8,0.051898195,0.015454777
noneq,9,0.02,11.85,0.053452226,0.016139458
noneq,9,0.02,11.9,0.055210133,0.014723852
noneq,9,0.02,11.95,0.055827027,0.015000898
noneq,9,0.02,12,0.05030152,0.013984316
noneq,9,0.02,12.05,0.056611391,0.015627267
noneq,9,0.02,12.1,0.054615824,0.015548225
noneq,9,0.02,12.15,0.051994781,0.014533704
noneq,9,0.02,12.2,0.052694176,0.014463263
noneq,9,0.02,12.25,0.049101231,0.015070706
noneq,9,0.02,12.3,0.051752516,0.01587877
noneq,9,0.02,12.35,0.055260491,0.016232817
noneq,9,0.02,12.4,0.055574448,0.017851287
noneq,9,0.02,12.45,0.055760568,0.016997619
noneq,9,0.02,12.5,0.052357532,0.015856136
noneq,9,0.02,12.55,0.053580241,0.015859299
noneq,9,0.02,12.5664,0.05482074,0.017359257
noneq,9,0.05,0,0.80633836,0.72545553
noneq,9,0.05,0.05,0.69559793,0.63503434
noneq,9,0.05,0.1,0.62797068,0.5677279
noneq,9,0.05,0.15,0.57857004,0.52201005
noneq,9,0.05,0.2,0.54027222,0.48317213
noneq,9,0.05,0.25,0.5046583,0.46078675
noneq,9,0.05,0.3,0.47755413,0.43000488
noneq,9,0.05,0.35,0.45484678,0.41217655
noneq,9,0.05,0.4,0.43877404,0.39606144
noneq,9,0.05,0.45,0.42460398,0.38210371
noneq,9,0.05,0.5,0.41084814,0.36928781
noneq,9,0.05,0.55,0.39220508,0.34901488
noneq,9,0.05,0.6,0.37960256,0.33877551
noneq,9,0.05,0.65,0.37068132,0.3264467
noneq,9,0.05,0.7,0.35508519,0.31521542
noneq,9,0.05,0.75,0.3427237,0.30214568
noneq,9,0.05,0.8,0.32903194,0.28784242
noneq,9,0.05,0.85,0.31645754,0.27577865
noneq,9,0.05,0.9,0.30265713,0.26428684
noneq,9,0.05,0.95,0.29632774,0.25441987
noneq,9,0.05,1,0.28358211,0.24619804
noneq,9,0.05,1.05,0.26844195,0.23289347
noneq,9,0.05,1.1,0.26454948,0.22293734
noneq,9,0.05,1.15,0.250855,0.21442276
noneq,9,0.05,1.2,0.24390235,0.20591887
noneq,9,0.05,1.25,0.23483851,0.19387453
noneq,9,0.05,1.3,0.22305184,0.1849241
noneq,9,0.05,1.35,0.2107863,0.17428972
noneq,9,0.05,1.4,0.20388044,0.16735059
noneq,9,0.05,1.45,0.19828774,0.1608687
noneq,9,0.05,1.5,0.19370826,0.15617035
noneq,9,0.05,1.55,0.19220134,0.15058193
noneq,9,0.05,1.6,0.18459351,0.14730312
noneq,9,0.05,1.65,0.18435214,0.14385156
noneq,9,0.05,1.7,0.17467679,0.14036908
noneq,9,0.05,1.75,0.16986116,0.1363347
noneq,9,0.05,1.8,0.17315054,0.13477952
noneq,9,0.05,1.85,0.16835129,0.13148621
noneq,9,0.05,1.9,0.16542884,0.12979167
noneq,9,0.05,1.95,0.16418321,0.12826529
noneq,9,0.05,2,0.16083935,0.12429582
noneq,9,0.05,2.05,0.16364445,0.12580278
noneq,9,0.05,2.1,0.16079705,0.12257242
noneq,9,0.05,2.15,0.15865276,0.12215037
noneq,9,0.05,2.2,0.15876489,0.12183879
noneq,9,0.05,2.25,0.1550417,0.11967855
noneq,9,0.05,2.3,0.15563379,0.11827929
noneq,9,0.05,2.35,0.15149551,0.11400698
noneq,9,0.05,2.4,0.1526595,0.11198243
noneq,9,0.05,2.45,0.15071044,0.11106776
noneq,9,0.05,2.5,0.1427385,0.10517605
noneq,9,0.05,2.55,0.14228197,0.10390039
noneq,9,0.05,2.6,0.13455581,0.096750751
noneq,9,0.05,2.65,0.13570871,0.095487475
noneq,9,0.05,2.7,0.12709919,0.090258819
noneq,9,0.05,2.75,0.12425949,0.088700644
noneq,9,0.05,2.8,0.11712836,0.084296691
noneq,9,0.05,2.85,0.12144174,0.079607867
noneq,9,0.05,2.9,0.11396267,0.076669223
noneq,9,0.05,2.95,0.11308022,0.072782893
noneq,9,0.05,3,0.11000066,0.071616263
noneq,9,0.05,3.05,0.10797319,0.070106643
noneq,9,0.05,3.1,0.10590683,0.067339022
noneq,9,0.05,3.15,0.10611002,0.065327777
noneq,9,0.05,3.2,0.10441702,0.06223219
noneq,9,0.05,3.25,0.10099132,0.061968973
noneq,9,0.05,3.3,0.095917524,0.061146054
noneq,9,0.05,3.35,0.095595289,0.057500692
noneq,9,0.05,3.4,0.095401978,0.055334709
noneq,9,0.05,3.45,0.094081311,0.056436075
noneq,9,0.05,3.5,0.091899258,0.053178325
noneq,9,0.05,3.55,0.091385943,0.053746818
noneq,9,0.05,3.6,0.092990361,0.053800309
noneq,9,0.05,3.65,0.0914305,0.053343752
noneq,9,0.05,3.7,0.094312456,0.051264599
noneq,9,0.05,3.75,0.085128612,0.047766271
noneq,9,0.05,3.8,0.087723468,0.048379466
noneq,9,0.05,3.85,0.086137045,0.047989823
noneq,9,0.05,3.9,0.081426023,0.045788961
noneq,9,0.05,3.95,0.085932923,0.047003755
noneq,9,0.05,4,0.081834969,0.045270118
noneq,9,0.05,4.05,0.083457454,0.046012631
noneq,9,0.05,4.1,0.083166695,0.042307717
noneq,9,0.05,4.15,0.084104374,0.041350026
noneq,9,0.05,4.2,0.081742821,0.040660053
noneq,9,0.05,4.25,0.072778975,0.036382413
noneq,9,0.05,4.3,0.07631816,0.039190608
noneq,9,0.05,4.35,0.072510623,0.035556144
noneq,9,0.05,4.4,0.07484451,0.035332959
noneq,9,0.05,4.45,0.067683136,0.032398741
noneq,9,0.05,4.5,0.06858443,0.03266782
noneq,9,0.05,4.55,0.068219535,0.032184284
noneq,9,0.05,4.6,0.069458958,0.028619153
noneq,9,0.05,4.65,0.069478772,0.031300817
noneq,9,0.05,4.7,0.068419578,0.029889512
noneq,9,0.05,4.75,0.06322348,0.028648004
noneq,9,0.05,4.8,0.067266093,0.028258555
noneq,9,0.05,4.85,0.064032124,0.026874709
noneq,9,0.05,4.9,0.062892405,0.027014411
noneq,9,0.05,4.95,0.059942972,0.024472326
noneq,9,0.05,5,0.06141416,0.0250751
noneq,9,0.05,5.05,0.062536461,0.025456471
noneq,9,0.05,5.1,0.060851053,0.024935851
noneq,9,0.05,5.15,0.05908342,0.021191548
noneq,9,0.05,5.2,0.060591596,0.021830691
noneq,9,0.05,5.25,0.061527648,0.023292286
noneq,9,0.05,5.3,0.062284877,0.023483345
noneq,9,0.05,5.35,0.058429628,0.020316608
noneq,9,0.05,5.4,0.057294474,0.022099536
noneq,9,0.05,5.45,0.061237314,0.02103546
noneq,9,0.05,5.5,0.058240578,0.021794732
noneq,9,0.05,5.55,0.058010644,0.021176031
noneq,9,0.05,5.6,0.056199358,0.020490375
noneq,9,0.05,5.65,0.054376654,0.018327515
noneq,9,0.05,5.7,0.055623914,0.017987208
noneq,9,0.05,5.75,0.056372821,0.018578205
noneq,9,0.05,5.8,0.059205983,0.019291561
noneq,9,0.05,5.85,0.056883162,0.022083385
noneq,9,0.05,5.9,0.059465121,0.019959711
noneq,9,0.05,5.95,0.054418984,0.020402137
noneq,9,0.05,6,0.054397324,0.018446916
noneq,9,0.05,6.05,0.053251012,0.019831083
noneq,9,0.05,6.1,0.053458045,0.018672494
noneq,9,0.05,6.15,0.060022717,0.019462661
noneq,9,0.05,6.2,0.05722262,0.019224653
noneq,9,0.05,6.25,0.056808133,0.019892953
noneq,9,0.05,6.3,0.055482253,0.018540291
noneq,9,0.05,6.35,0.060888707,0.021075069
noneq,9,0.05,6.4,0.059097238,0.019091362
noneq,9,0.05,6.45,0.056545144,0.016888849
noneq,9,0.05,6.5,0.059099656,0.017739594
noneq,9,0.05,6.55,0.053745785,0.017282323
noneq,9,0.05,6.6,0.059021304,0.019527753
noneq,9,0.05,6.65,0.057340504,0.0192382
noneq,9,0.05,6.7,0.059213166,0.017985269
noneq,9,0.05,6.75,0.054935178,0.018201599
noneq,9,0.05,6.8,0.05684611,0.018086844
noneq,9,0.05,6.85,0.055904487,0.017474915
noneq,9,0.05,6.9,0.053679918,0.019943413
noneq,9,0.05,6.95,0.056478954,0.017988503
noneq,9,0.05,7,0.058595448,0.017897548
noneq,9,0.05,7.05,0.056255781,0.017964078
noneq,9,0.05,7.1,0.054400664,0.017365218
noneq,9,0.05,7.15,0.055274716,0.018090977
noneq,9,0.05,7.2,0.051366765,0.016567042
noneq,9,0.05,7.25,0.050127479,0.01633494
noneq,9,0.05,7.3,0.054378187,0.015923129
noneq,9,0.05,7.35,0.0585484,0.017875941
noneq,9,0.05,7.4,0.054384495,0.016070589
noneq,9,0.05,7.45,0.051328765,0.015890203
noneq,9,0.05,7.5,0.050896261,0.015522931
noneq,9,0.05,7.55,0.052237697,0.015966144
noneq,9,0.05,7.6,0.051019531,0.015230833
noneq,9,0.05,7.65,0.054283562,0.01710596
noneq,9,0.05,7.7,0.054286192,0.016508408
noneq,9,0.05,7.75,0.053923984,0.015278047
noneq,9,0.05,7.8,0.055058933,0.016534607
noneq,9,0.05,7.85,0.054025459,0.015026048
noneq,9,0.05,7.9,0.051109822,0.014861387
noneq,9,0.05,7.95,0.051119548,0.014705287
noneq,9,0.05,8,0.054013675,0.015470869
noneq,9,0.05,8.05,0.053437328,0.014245412
noneq,9,0.05,8.1,0.050592785,0.013143919
noneq,9,0.05,8.15,0.051182701,0.015024451
noneq,9,0.05,8.2,0.049899775,0.015501908
noneq,9,0.05,8.25,0.048778204,0.014613269
noneq,9,0.05,8.3,0.048562182,0.012999314
noneq,9,0.05,8.35,0.052846817,0.014631805
noneq,9,0.05,8.4,0.050883219,0.014158269
noneq,9,0.05,8.45,0.051921911,0.01550832
noneq,9,0.05,8.5,0.054569433,0.015124473
noneq,9,0.05,8.55,0.05315239,0.016129058
noneq,9,0.05,8.6,0.05052985,0.013919709
noneq,9,0.05,8.65,0.054369433,0.01825567
noneq,9,0.05,8.7,0.050385085,0.017740174
noneq,9,0.05,8.75,0.050545815,0.016707112
noneq,9,0.05,8.8,0.052261246,0.014950044
noneq,9,0.05,8.85,0.05263203,0.014618967
noneq,9,0.05,8.9,0.052790918,0.014410486
noneq,9,0.05,8.95,0.052776723,0.016239667
noneq,9,0.05,9,0.051179844,0.015446478
noneq,9,0.05,9.05,0.047512809,0.014718514
noneq,9,0.05,9.1,0.047164718,0.014585717
noneq,9,0.05,9.15,0.050975204,0.016000461
noneq,9,0.05,9.2,0.053581151,0.01534204
noneq,9,0.05,9.25,0.051948936,0.015313787
noneq,9,0.05,9.3,0.053999508,0.01496299
noneq,9,0.05,9.35,0.050640556,0.01644002
noneq,9,0.05,9.4,0.054064966,0.013345799
noneq,9,0.05,9.45,0.049519438,0.01237101
noneq,9,0.05,9.5,0.053022101,0.014737007
noneq,9,0.05,9.55,0.052353829,0.015298494
noneq,9,0.05,9.6,0.047973602,0.013316623
noneq,9,0.05,9.65,0.0519953,0.0132326
noneq,9,0.05,9.7,0.055092745,0.016777845
noneq,9,0.05,9.75,0.051430965,0.01480344
noneq,9,0.05,9.8,0.051736606,0.014595835
noneq,9,0.05,9.85,0.051733708,0.014334244
noneq,9,0.05,9.9,0.05147241,0.012686579
noneq,9,0.05,9.95,0.047783239,0.011710582
noneq,9,0.05,10,0.050394437,0.012973554
noneq,9,0.05,10.05,0.05068968,0.014797523
noneq,9,0.05,10.1,0.052139052,0.013480222
noneq,9,0.05,10.15,0.052168168,0.013314721
noneq,9,0.05,10.2,0.054110114,0.015011167
noneq,9,0.05,10.25,0.051793596,0.014123753
noneq,9,0.05,10.3,0.054185272,0.015562045
noneq,9,0.05,10.35,0.051666829,0.014249344
noneq,9,0.05,10.4,0.054409404,0.012986965
noneq,9,0.05,10.45,0.049016399,0.014330255
noneq,9,0.05,10.5,0.051889715,0.013587637
noneq,9,0.05,10.55,0.050069648,0.013634997
noneq,9,0.05,10.6,0.049393374,0.012184765
noneq,9,0.05,10.65,0.05272284,0.013342138
noneq,9,0.05,10.7,0.048114579,0.014471793
noneq,9,0.05,10.75,0.04811871,0.012009169
noneq,9,0.05,10.8,0.051895712,0.01538952
noneq,9,0.05,10.85,0.046553018,0.01354848
noneq,9,0.05,10.9,0.049413307,0.012853936
noneq,9,0.05,10.95,0.050888441,0.014878327
noneq,9,0.05,11,0.053248076,0.013471319
noneq,9,0.05,11.05,0.050714195,0.013658216
noneq,9,0.05,11.1,0.051740833,0.011825425
noneq,9,0.05,11.15,0.052407591,0.011605019
noneq,9,0.05,11.2,0.049110441,0.010857892
noneq,9,0.05,11.25,0.048678076,0.011946037
noneq,9,0.05,11.3,0.049984142,0.013613686
noneq,9,0.05,11.35,0.049742334,0.013889669
noneq,9,0.05,11.4,0.05271178,0.013549666
noneq,9,0.05,11.45,0.049103009,0.01417379
noneq,9,0.05,11.5,0.05089134,0.015679429
noneq,9,0.05,11.55,0.049993663,0.012877866
noneq,9,0.05,11.6,0.050783033,0.013189445
noneq,9,0.05,11.65,0.051421685,0.013299563
noneq,9,0.05,11.7,0.05086455,0.013968029
noneq,9,0.05,11.75,0.052038129,0.015955884
noneq,9,0.05,11.8,0.053768371,0.015805671
noneq,9,0.05,11.85,0.050618385,0.014426488
noneq,9,0.05,11.9,0.051944331,0.014615401
noneq,9,0.05,11.95,0.052620269,0.014145149
noneq,9,0.05,12,0.053838944,0.014147039
noneq,9,0.05,12.05,0.056002879,0.016623755
noneq,9,0.05,12.1,0.052618895,0.015548596
noneq,9,0.05,12.15,0.051931197,0.015707964
noneq,9,0.05,12.2,0.053875764,0.015794947
noneq,9,0.05,12.25,0.053209819,0.015579136
noneq,9,0.05,12.3,0.049705333,0.011852338
noneq,9,0.05,12.35,0.049845285,0.012536747
noneq,9,0.05,12.4,0.050501962,0.01292473
noneq,9,0.05,12.45,0.050825,0.013443611
noneq,9,0.05,12.5,0.051253941,0.012331162
noneq,9,0.05,12.55,0.049414626,0.013054721
noneq,9,0.05,12.5664,0.050465934,0.013494622
noneq,16,0.0,0,0.56777678,0.47366038
noneq,16,0.0,0.1,0.53140562,0.43024292
noneq,16,0.0,0.2,0.51060002,0.40738277
noneq,16,0.0,0.3,0.491148,0.38144058
noneq,16,0.0,0.4,0.47256527,0.36951568
noneq,16,0.0,0.5,0.47092665,0.37031862
noneq,16,0.0,0.6,0.46025147,0.33670451
noneq,16,0.0,0.7,0.45472589,0.33531911
noneq,16,0.0,0.8,0.45104853,0.34106996
noneq,16,0.0,0.9,0.43947441,0.32835265
noneq,16,0.0,1,0.41881411,0.31646506
noneq,16,0.0,1.1,0.39926705,0.30022249
noneq,16,0.0,1.2,0.3941074,0.2836755
noneq,16,0.0,1.3,0.37064754,0.25761416
noneq,16,0.0,1.4,0.36298709,0.25843152
noneq,16,0.0,1.5,0.36116247,0.26065163
noneq,16,0.0,1.6,0.3564368,0.24109083
noneq,16,0.0,1.7,0.3363028,0.22450048
noneq,16,0.0,1.8,0.34037402,0.22473062
noneq,16,0.0,1.9,0.34236657,0.22879106
noneq,16,0.0,2,0.33490781,0.21605757
noneq,16,0.0,2.1,0.30590309,0.20728001
noneq,16,0.0,2.2,0.30262897,0.190607
noneq,16,0.0,2.3,0.29135273,0.19606602
noneq,16,0.0,2.4,0.28102398,0.18611526
noneq,16,0.0,2.5,0.29191863,0.19326328
noneq,16,0.0,2.6,0.28917367,0.18651261
noneq,16,0.0,2.7,0.28712087,0.18667325
noneq,16,0.0,2.8,0.28220468,0.18145965
noneq,16,0.0,2.9,0.2800963,0.18170822
noneq,16,0.0,3,0.27135726,0.18237897
noneq,16,0.0,3.1,0.26190239,0.16834808
noneq,16,0.0,3.2,0.251082,0.16489555
noneq,16,0.0,3.3,0.24836618,0.17089174
noneq,16,0.0,3.4,0.2502243,0.16112721
noneq,16,0.0,3.5,0.2489507,0.16570278
noneq,16,0.0,3.6,0.25484708,0.17532023
noneq,16,0.0,3.7,0.24325074,0.15824553
noneq,16,0.0,3.8,0.24535051,0.16219226
noneq,16,0.0,3.9,0.24123311,0.15445879
noneq,16,0.0,4,0.23471665,0.15245889
noneq,16,0.0,4.1,0.22946556,0.15196271
noneq,16,0.0,4.2,0.22820519,0.14336416
noneq,16,0.0,4.3,0.22633923,0.13887473
noneq,16,0.0,4.4,0.21939267,0.13672071
noneq,16,0.0,4.5,0.22253482,0.13681335
noneq,16,0.0,4.6,0.21850527,0.12815215
noneq,16,0.0,4.7,0.20462159,0.12711237
noneq,16,0.0,4.8,0.20242442,0.12313984
noneq,16,0.0,4.9,0.19434856,0.11790398
noneq,16,0.0,5,0.20385157,0.12407318
noneq,16,0.0,5.1,0.19472174,0.12351523
noneq,16,0.0,5.2,0.1927369,0.11792314
noneq,16,0.0,5.3,0.18721373,0.11275407
noneq,16,0.0,5.4,0.19100152,0.1134475
noneq,16,0.0,5.5,0.1862399,0.1076179
noneq,16,0.0,5.6,0.17514425,0.094870206
noneq,16,0.0,5.7,0.1721744,0.099962766
noneq,16,0.0,5.8,0.16942602,0.094498747
noneq,16,0.0,5.9,0.16196115,0.079622208
noneq,16,0.0,6,0.15414501,0.087053163
noneq,16,0.0,6.1,0.15869329,0.089462389
noneq,16,0.0,6.2,0.16633782,0.089860015
noneq,16,0.0,6.3,0.16380547,0.091756816
noneq,16,0.0,6.4,0.15423596,0.089368136
noneq,16,0.0,6.5,0.1562688,0.088039225
noneq,16,0.0,6.6,0.15190684,0.085901938
noneq,16,0.0,6.7,0.1477741,0.083754138
noneq,16,0.0,6.8,0.14644883,0.080837072
noneq,16,0.0,6.9,0.14502563,0.080707012
noneq,16,0.0,7,0.14430432,0.072077511
noneq,16,0.0,7.1,0.14370695,0.079740527
noneq,16,0.0,7.2,0.13654089,0.07741938
noneq,16,0.0,7.3,0.1374278,0.07445505
noneq,16,0.0,7.4,0.13888295,0.074796523
noneq,16,0.0,7.5,0.13525745,0.067825591
noneq,16,0.0,7.6,0.12987112,0.061910913
noneq,16,0.0,7.7,0.12396458,0.062329251
noneq,16,0.0,7.8,0.12792117,0.060785683
noneq,16,0.0,7.9,0.12254417,0.065392146
noneq,16,0.0,8,0.12525387,0.059095654
noneq,16,0.0,8.1,0.11965247,0.055138457
noneq,16,0.0,8.2,0.11911889,0.060087585
noneq,16,0.0,8.3,0.12836246,0.070974843
noneq,16,0.0,8.4,0.12127636,0.059590883
noneq,16,0.0,8.5,0.12107065,0.053151922
noneq,16,0.0,8.6,0.10905553,0.056051737
noneq,16,0.0,8.7,0.11821781,0.05572311
noneq,16,0.0,8.8,0.12537489,0.061341841
noneq,16,0.0,8.9,0.11955464,0.068321698
noneq,16,0.0,9,0.12010092,0.061714374
noneq,16,0.0,9.1,0.1100201,0.055303106
noneq,16,0.0,9.2,0.10745855,0.052828163
noneq,16,0.0,9.3,0.10554916,0.05032592
noneq,16,0.0,9.4,0.10298151,0.050047584
noneq,16,0.0,9.5,0.1051792,0.050742412
noneq,16,0.0,9.6,0.10161874,0.043075652
noneq,16,0.0,9.7,0.10500402,0.046056296
noneq,16,0.0,9.8,0.10272362,0.039816334
noneq,16,0.0,9.9,0.10473656,0.042267667
noneq,16,0.0,10,0.10397962,0.04352117
noneq,16,0.0,10.1,0.10140598,0.044889904
noneq,16,0.0,10.2,0.10128591,0.042220647
noneq,16,0.0,10.3,0.097994664,0.043430252
noneq,16,0.0,10.4,0.09250397,0.041373426
noneq,16,0.0,10.5,0.098780776,0.040848364
noneq,16,0.0,10.6,0.091389303,0.034217919
noneq,16,0.0,10.7,0.086513427,0.038039594
noneq,16,0.0,10.8,0.087221534,0.033413562
noneq,16,0.0,10.9,0.086097884,0.030790645
noneq,16,0.0,11,0.080685274,0.030545986
noneq,16,0.0,11.1,0.078909917,0.030868207
noneq,16,0.0,11.2,0.081456087,0.02925694
noneq,16,0.0,11.3,0.077134597,0.027575975
noneq,16,0.0,11.4,0.078156892,0.032147657
noneq,16,0.0,11.5,0.077377336,0.028178034
noneq,16,0.0,11.6,0.074594882,0.025636408
noneq,16,0.0,11.7,0.074496177,0.024851148
noneq,16,0.0,11.8,0.071222801,0.02495266
noneq,16,0.0,11.9,0.073331225,0.026646171
noneq,16,0.0,12,0.070726312,0.024947338
noneq,16,0.0,12.1,0.069685574,0.025224742
noneq,16,0.0,12.2,0.072565108,0.022542561
noneq,16,0.0,12.3,0.069167572,0.021696294
noneq,16,0.0,12.4,0.068688596,0.022365807
noneq,16,0.0,12.5,0.062858959,0.019788101
noneq,16,0.0,12.5664,0.065273728,0.019874493
ctrl,16,0.0,0,0.04982166,
ctrl,16,0.0,0.1,0.051668739,
ctrl,16,0.0,0.2,0.05004161,
ctrl,16,0.0,0.3,0.056816026,
ctrl,16,0.0,0.4,0.050952067,
ctrl,16,0.0,0.5,0.04893947,
ctrl,16,0.0,0.6,0.047864,
ctrl,16,0.0,0.7,0.051554441,
ctrl,16,0.0,0.8,0.05229336,
ctrl,16,0.0,0.9,0.050529301,
ctrl,16,0.0,1,0.047566963,
ctrl,16,0.0,1.1,0.050334868,
ctrl,16,0.0,1.2,0.053423715,
ctrl,16,0.0,1.3,0.05254068,
ctrl,16,0.0,1.4,0.048361777,
ctrl,16,0.0,1.5,0.051121582,
ctrl,16,0.0,1.6,0.049814894,
ctrl,16,0.0,1.7,0.052651645,
ctrl,16,0.0,1.8,0.052101784,
ctrl,16,0.0,1.9,0.050312498,
ctrl,16,0.0,2,0.05291696,
ctrl,16,0.0,2.1,0.052472804,
ctrl,16,0.0,2.2,0.054362502,
ctrl,16,0.0,2.3,0.052691378,
ctrl,16,0.0,2.4,0.05105165,
ctrl,16,0.0,2.5,0.053020968,
ctrl,16,0.0,2.6,0.051650176,
ctrl,16,0.0,2.7,0.047818738,
ctrl,16,0.0,2.8,0.051426289,
ctrl,16,0.0,2.9,0.050474836,
ctrl,16,0.0,3,0.053401051,
ctrl,16,0.0,3.1,0.051686802,
ctrl,16,0.0,3.2,0.052333808,
ctrl,16,0.0,3.3,0.052380782,
ctrl,16,0.0,3.4,0.04981878,
ctrl,16,0.0,3.5,0.05261539,
ctrl,16,0.0,3.6,0.054571195,
ctrl,16,0.0,3.7,0.054326484,
ctrl,16,0.0,3.8,0.04954963,
ctrl,16,0.0,3.9,0.051194897,
ctrl,16,0.0,4,0.052423768,
ctrl,16,0.0,4.1,0.05365189,
ctrl,16,0.0,4.2,0.050491632,
ctrl,16,0.0,4.3,0.053282271,
ctrl,16,0.0,4.4,0.054229174,
ctrl,16,0.0,4.5,0.051764594,
ctrl,16,0.0,4.6,0.048852294,
ctrl,16,0.0,4.7,0.050482386,
ctrl,16,0.0,4.8,0.048737592,
ctrl,16,0.0,4.9,0.051380659,
ctrl,16,0.0,5,0.050740981,
ctrl,16,0.0,5.1,0.053091972,
ctrl,16,0.0,5.2,0.053896465,
ctrl,16,0.0,5.3,0.050334735,
ctrl,16,0.0,5.4,0.052047288,
ctrl,16,0.0,5.5,0.053229646,
ctrl,16,0.0,5.6,0.051023472,
ctrl,16,0.0,5.7,0.053476357,
ctrl,16,0.0,5.8,0.053281981,
ctrl,16,0.0,5.9,0.052027672,
ctrl,16,0.0,6,0.05286862,
ctrl,16,0.0,6.1,0.052923588,
ctrl,16,0.0,6.2,0.054088264,
ctrl,16,0.0,6.3,0.050566347,
ctrl,16,0.0,6.4,0.051781583,
ctrl,16,0.0,6.5,0.054701457,
ctrl,16,0.0,6.6,0.05611025,
ctrl,16,0.0,6.7,0.058205899,
ctrl,16,0.0,6.8,0.053558061,
ctrl,16,0.0,6.9,0.055666801,
ctrl,16,0.0,7,0.05706113,
ctrl,16,0.0,7.1,0.052918161,
ctrl,16,0.0,7.2,0.048174246,
ctrl,16,0.0,7.3,0.05371818,
ctrl,16,0.0,7.4,0.050167936,
ctrl,16,0.0,7.5,0.050814118,
ctrl,16,0.0,7.6,0.05173954,
ctrl,16,0.0,7.7,0.049494817,
ctrl,16,0.0,7.8,0.053022178,
ctrl,16,0.0,7.9,0.049532013,
ctrl,16,0.0,8,0.051371715,
ctrl,16,0.0,8.1,0.04763305,
ctrl,16,0.0,8.2,0.052497071,
ctrl,16,0.0,8.3,0.053055497,
ctrl,16,0.0,8.4,0.050080191,
ctrl,16,0.0,8.5,0.050071476,
ctrl,16,0.0,8.6,0.053840701,
ctrl,16,0.0,8.7,0.052231295,
ctrl,16,0.0,8.8,0.049175247,
ctrl,16,0.0,8.9,0.048005296,
ctrl,16,0.0,9,0.051161132,
ctrl,16,0.0,9.1,0.049872407,
ctrl,16,0.0,9.2,0.051465821,
ctrl,16,0.0,9.3,0.052061189,
ctrl,16,0.0,9.4,0.046166346,
ctrl,16,0.0,9.5,0.047519245,
ctrl,16,0.0,9.6,0.04935695,
ctrl,16,0.0,9.7,0.04752771,
ctrl,16,0.0,9.8,0.049313858,
ctrl,16,0.0,9.9,0.048526828,
ctrl,16,0.0,10,0.051160444,
ctrl,16,0.0,10.1,0.049689113,
ctrl,16,0.0,10.2,0.04915057,
ctrl,16,0.0,10.3,0.051862459,
ctrl,16,0.0,10.4,0.049808353,
ctrl,16,0.0,10.5,0.050946961,
ctrl,16,0.0,10.6,0.052565291,
ctrl,16,0.0,10.7,0.051931597,
ctrl,16,0.0,10.8,0.051677093,
ctrl,16,0.0,10.9,0.049748319,
ctrl,16,0.0,11,0.050894969,
ctrl,16,0.0,11.1,0.050227987,
ctrl,16,0.0,11.2,0.051585242,
ctrl,16,0.0,11.3,0.051652114,
ctrl,16,0.0,11.4,0.054771098,
ctrl,16,0.0,11.5,0.048048277,
ctrl,16,0.0,11.6,0.05163536,
ctrl,16,0.0,11.7,0.049102302,
ctrl,16,0.0,11.8,0.052599762,
ctrl,16,0.0,11.9,0.050048081,
ctrl,16,0.0,12,0.053573568,
ctrl,16,0.0,12.1,0.055967246,
ctrl,16,0.0,12.2,0.052533159,
ctrl,16,0.0,12.3,0.050298972,
ctrl,16,0.0,12.4,0.049942056,
ctrl,16,0.0,12.5,0.047184601,
ctrl,16,0.0,12.5664,0.049575429,
noneq,16,0.1,0,0.56777678,0.47366038
noneq,16,0.1,0.05,0.39431807,0.33548901
noneq,16,0.1,0.1,0.31967251,0.27392769
noneq,16,0.1,0.15,0.27426321,0.22828287
noneq,16,0.1,0.2,0.23323178,0.18767229
noneq,16,0.1,0.25,0.20324247,0.15664075
noneq,16,0.1,0.3,0.17259238,0.13326752
noneq,16,0.1,0.35,0.1528504,0.11130817
noneq,16,0.1,0.4,0.135873,0.093109392
noneq,16,0.1,0.45,0.12173215,0.083434108
noneq,16,0.1,0.5,0.11261892,0.074853282
noneq,16,0.1,0.55,0.11052373,0.070982872
noneq,16,0.1,0.6,0.1043809,0.065416085
noneq,16,0.1,0.65,0.099288647,0.06147505
noneq,16,0.1,0.7,0.094052487,0.056789927
noneq,16,0.1,0.75,0.093633133,0.052843135
noneq,16,0.1,0.8,0.090381197,0.047806259
noneq,16,0.1,0.85,0.085670927,0.046762359
noneq,16,0.1,0.9,0.080454642,0.042263525
noneq,16,0.1,0.95,0.077611984,0.037370846
noneq,16,0.1,1,0.076924715,0.034963905
noneq,16,0.1,1.05,0.069621896,0.03157666
noneq,16,0.1,1.1,0.067824301,0.03099641
noneq,16,0.1,1.15,0.067163829,0.028611084
noneq,16,0.1,1.2,0.068939576,0.025913452
noneq,16,0.1,1.25,0.065102292,0.024356627
noneq,16,0.1,1.3,0.064253003,0.022142295
noneq,16,0.1,1.35,0.059523767,0.021006301
noneq,16,0.1,1.4,0.060199055,0.019451271
noneq,16,0.1,1.45,0.058912673,0.020837715
noneq,16,0.1,1.5,0.055934322,0.015089005
noneq,16,0.1,1.55,0.052507105,0.015251571
noneq,16,0.1,1.6,0.057301921,0.018205945
noneq,16,0.1,1.65,0.052323153,0.016302128
noneq,16,0.1,1.7,0.050907339,0.016041766
noneq,16,0.1,1.75,0.049951756,0.014485738
noneq,16,0.1,1.8,0.053282145,0.015691431
noneq,16,0.1,1.85,0.050927848,0.013518496
noneq,16,0.1,1.9,0.048981657,0.01223535
noneq,16,0.1,1.95,0.053167294,0.013330468
noneq,16,0.1,2,0.05491785,0.01430858
noneq,16,0.1,2.05,0.055439948,0.013865271
noneq,16,0.1,2.1,0.050206405,0.01349162
noneq,16,0.1,2.15,0.053576693,0.013751806
noneq,16,0.1,2.2,0.052895886,0.014021643
noneq,16,0.1,2.25,0.054070779,0.013130187
noneq,16,0.1,2.3,0.0511384,0.013686005
noneq,16,0.1,2.35,0.052675901,0.013278469
noneq,16,0.1,2.4,0.046774543,0.011510149
noneq,16,0.1,2.45,0.054397424,0.013536573
noneq,16,0.1,2.5,0.053175618,0.014595758
noneq,16,0.1,2.55,0.052552538,0.012577234
noneq,16,0.1,2.6,0.05180508,0.012108434
noneq,16,0.1,2.65,0.052505056,0.010907664
noneq,16,0.1,2.7,0.052493742,0.011745012
noneq,16,0.1,2.75,0.049334831,0.013215444
noneq,16,0.1,2.8,0.054844479,0.014638001
noneq,16,0.1,2.85,0.050151379,0.013561559
noneq,16,0.1,2.9,0.049031432,0.013719518
noneq,16,0.1,2.95,0.047611067,0.011191872
noneq,16,0.1,3,0.04832798,0.011070217
noneq,16,0.1,3.05,0.052696754,0.013677713
noneq,16,0.1,3.1,0.04808268,0.013435479
noneq,16,0.1,3.15,0.048287011,0.012709686
noneq,16,0.1,3.2,0.052067907,0.013802346
noneq,16,0.1,3.25,0.051394395,0.014904668
noneq,16,0.1,3.3,0.054454463,0.013252338
noneq,16,0.1,3.35,0.049400257,0.012118706
noneq,16,0.1,3.4,0.054790523,0.014036807
noneq,16,0.1,3.45,0.051494518,0.012567119
noneq,16,0.1,3.5,0.058621514,0.015206628
noneq,16,0.1,3.55,0.05305167,0.015438892
noneq,16,0.1,3.6,0.05638208,0.014214157
noneq,16,0.1,3.65,0.050282408,0.010509765
noneq,16,0.1,3.7,0.050178131,0.01189074
noneq,16,0.1,3.75,0.047881541,0.011775301
noneq,16,0.1,3.8,0.052747045,0.013125486
noneq,16,0.1,3.85,0.051840684,0.013561912
noneq,16,0.1,3.9,0.049683492,0.011749629
noneq,16,0.1,3.95,0.052720656,0.012296645
noneq,16,0.1,4,0.051099504,0.012269519
noneq,16,0.1,4.05,0.048831917,0.011892257
noneq,16,0.1,4.1,0.05248732,0.013728471
noneq,16,0.1,4.15,0.051524696,0.01150596
noneq,16,0.1,4.2,0.051871124,0.012388013
noneq,16,0.1,4.25,0.055461699,0.016633921
noneq,16,0.1,4.3,0.051239046,0.012653535
noneq,16,0.1,4.35,0.053034214,0.011138156
noneq,16,0.1,4.4,0.053291997,0.013824604
noneq,16,0.1,4.45,0.050719025,0.013479249
noneq,16,0.1,4.5,0.05445243,0.013304802
noneq,16,0.1,4.55,0.054994152,0.01427233
noneq,16,0.1,4.6,0.052540208,0.014340902
noneq,16,0.1,4.65,0.049773054,0.011651677
noneq,16,0.1,4.7,0.050829707,0.012727769
noneq,16,0.1,4.75,0.056205179,0.014224331
noneq,16,0.1,4.8,0.057622669,0.013486041
noneq,16,0.1,4.85,0.054329583,0.014173885
noneq,16,0.1,4.9,0.057265425,0.016351215
noneq,16,0.1,4.95,0.052244999,0.012818485
noneq,16,0.1,5,0.051288925,0.012939086
noneq,16,0.1,5.05,0.052513288,0.013276414
noneq,16,0.1,5.1,0.047533318,0.011823922
noneq,16,0.1,5.15,0.052803245,0.012794588
noneq,16,0.1,5.2,0.050447882,0.013501041
noneq,16,0.1,5.25,0.048869887,0.013743696
noneq,16,0.1,5.3,0.050041919,0.012743544
noneq,16,0.1,5.35,0.051436374,0.013981856
noneq,16,0.1,5.4,0.048922866,0.013847022
noneq,16,0.1,5.45,0.052376588,0.013307382
noneq,16,0.1,5.5,0.049672927,0.010628447
noneq,16,0.1,5.55,0.050877415,0.011554449
noneq,16,0.1,5.6,0.052411375,0.012947043
noneq,16,0.1,5.65,0.050784591,0.011987966
noneq,16,0.1,5.7,0.051708464,0.012116526
noneq,16,0.1,5.75,0.053794952,0.013895439
noneq,16,0.1,5.8,0.052126163,0.012159321
noneq,16,0.1,5.85,0.053633315,0.013010231
noneq,16,0.1,5.9,0.055366229,0.01260733
noneq,16,0.1,5.95,0.051265502,0.011451724
noneq,16,0.1,6,0.051695732,0.015491663
noneq,16,0.1,6.05,0.0495742,0.013993839
noneq,16,0.1,6.1,0.048742159,0.011553044
noneq,16,0.1,6.15,0.049703689,0.010844596
noneq,16,0.1,6.2,0.050718042,0.013159882
noneq,16,0.1,6.25,0.047182251,0.011975231
noneq,16,0.1,6.3,0.055447265,0.014799099
noneq,16,0.1,6.35,0.050554041,0.011790037
noneq,16,0.1,6.4,0.049395307,0.014284283
noneq,16,0.1,6.45,0.05224644,0.012810254
noneq,16,0.1,6.5,0.052356403,0.012890105
noneq,16,0.1,6.55,0.05158133,0.013120904
noneq,16,0.1,6.6,0.048367451,0.01519003
noneq,16,0.1,6.65,0.046945966,0.010761462
noneq,16,0.1,6.7,0.051890604,0.013746837
noneq,16,0.1,6.75,0.049365735,0.012816996
noneq,16,0.1,6.8,0.055093453,0.015550451
noneq,16,0.1,6.85,0.053526556,0.014486833
noneq,16,0.1,6.9,0.052668004,0.013764296
noneq,16,0.1,6.95,0.053874947,0.015275377
noneq,16,0.1,7,0.05008789,0.013483106
noneq,16,0.1,7.05,0.053296677,0.013058504
noneq,16,0.1,7.1,0.04945163,0.012768473
noneq,16,0.1,7.15,0.048314743,0.010863671
noneq,16,0.1,7.2,0.052168559,0.011377862
noneq,16,0.1,7.25,0.048267909,0.012320116
noneq,16,0.1,7.3,0.05175055,0.013092141
noneq,16,0.1,7.35,0.050021071,0.014007457
noneq,16,0.1,7.4,0.051618823,0.015073757
noneq,16,0.1,7.45,0.052260821,0.012526021
noneq,16,0.1,7.5,0.051020671,0.012009365
noneq,16,0.1,7.55,0.052001138,0.014094579
noneq,16,0.1,7.6,0.048844069,0.012621275
noneq,16,0.1,7.65,0.051247803,0.013465742
noneq,16,0.1,7.7,0.049397262,0.010991401
noneq,16,0.1,7.75,0.053891381,0.01533841
noneq,16,0.1,7.8,0.051074935,0.013047232
noneq,16,0.1,7.85,0.047155129,0.012334777
noneq,16,0.1,7.9,0.051301508,0.013233412
noneq,16,0.1,7.95,0.052739244,0.011914175
noneq,16,0.1,8,0.055408702,0.016911939
noneq,16,0.1,8.05,0.055419833,0.015704354
noneq,16,0.1,8.1,0.054309876,0.014926218
noneq,16,0.1,8.15,0.055128613,0.013473845
noneq,16,0.1,8.2,0.050117112,0.011690708
noneq,16,0.1,8.25,0.051742112,0.013935027
noneq,16,0.1,8.3,0.047558742,0.011382848
noneq,16,0.1,8.35,0.051709378,0.011451288
noneq,16,0.1,8.4,0.051656198,0.012789758
noneq,16,0.1,8.45,0.05234078,0.014525438
noneq,16,0.1,8.5,0.051356315,0.012992828
noneq,16,0.1,8.55,0.05485923,0.014376806
noneq,16,0.1,8.6,0.051987154,0.014349654
noneq,16,0.1,8.65,0.050367121,0.01291502
noneq,16,0.1,8.7,0.052836101,0.014302433
noneq,16,0.1,8.75,0.052408286,0.012404459
noneq,16,0.1,8.8,0.053417592,0.012765465
noneq,16,0.1,8.85,0.054344326,0.013287973
noneq,16,0.1,8.9,0.052370305,0.013250391
noneq,16,0.1,8.95,0.053654357,0.014074404
noneq,16,0.1,9,0.051683111,0.013207659
noneq,16,0.1,9.05,0.050847554,0.013773132
noneq,16,0.1,9.1,0.051350887,0.014701293
noneq,16,0.1,9.15,0.052785137,0.013333634
noneq,16,0.1,9.2,0.050310523,0.012524328
noneq,16,0.1,9.25,0.050625021,0.013104117
noneq,16,0.1,9.3,0.04937109,0.012970348
noneq,16,0.1,9.35,0.050205689,0.012597504
noneq,16,0.1,9.4,0.045856285,0.011820254
noneq,16,0.1,9.45,0.052236607,0.012837051
noneq,16,0.1,9.5,0.051465256,0.013151694
noneq,16,0.1,9.55,0.048186586,0.013005332
noneq,16,0.1,9.6,0.046601754,0.01187902
noneq,16,0.1,9.65,0.054231981,0.012778852
noneq,16,0.1,9.7,0.052944797,0.013499289
noneq,16,0.1,9.75,0.05074938,0.013247264
noneq,16,0.1,9.8,0.050177701,0.01215166
noneq,16,0.1,9.85,0.053569391,0.014048526
noneq,16,0.1,9.9,0.05086021,0.014260251
noneq,16,0.1,9.95,0.054901682,0.013111102
noneq,16,0.1,10,0.050307506,0.011150344
noneq,16,0.1,10.05,0.053202522,0.014520499
noneq,16,0.1,10.1,0.049571732,0.011483597
noneq,16,0.1,10.15,0.053329872,0.013901384
noneq,16,0.1,10.2,0.052918466,0.014466588
noneq,16,0.1,10.25,0.050342453,0.014905685
noneq,16,0.1,10.3,0.052086864,0.014310127
noneq,16,0.1,10.35,0.050183189,0.01318244
noneq,16,0.1,10.4,0.051551885,0.013055601
noneq,16,0.1,10.45,0.048392376,0.013221948
noneq,16,0.1,10.5,0.05376129,0.012903134
noneq,16,0.1,10.55,0.047143308,0.01298048
noneq,16,0.1,10.6,0.052355828,0.013515463
noneq,16,0.1,10.65,0.051800995,0.013213706
noneq,16,0.1,10.7,0.050189002,0.013438429
noneq,16,0.1,10.75,0.052657761,0.013373933
noneq,16,0.1,10.8,0.049391567,0.013285263
noneq,16,0.1,10.85,0.053843289,0.011792833
noneq,16,0.1,10.9,0.051970408,0.015114803
noneq,16,0.1,10.95,0.051159029,0.012471279
noneq,16,0.1,11,0.052893666,0.01364397
noneq,16,0.1,11.05,0.052366608,0.012701512
noneq,16,0.1,11.1,0.05010275,0.012194261
noneq,16,0.1,11.15,0.052283769,0.014280944
noneq,16,0.1,11.2,0.050445758,0.013506944
noneq,16,0.1,11.25,0.049806226,0.012683431
noneq,16,0.1,11.3,0.050696229,0.012670754
noneq,16,0.1,11.35,0.049395349,0.011049593
noneq,16,0.1,11.4,0.048683163,0.013001121
noneq,16,0.1,11.45,0.051428507,0.013448537
noneq,16,0.1,11.5,0.050465467,0.011202881
noneq,16,0.1,11.55,0.053547306,0.014644048
noneq,16,0.1,11.6,0.051952812,0.012522281
noneq,16,0.1,11.65,0.047737729,0.012428575
noneq,16,0.1,11.7,0.047460141,0.012442136
noneq,16,0.1,11.75,0.046695274,0.012602902
noneq,16,0.1,11.8,0.046806668,0.012552296
noneq,16,0.1,11.85,0.05190284,0.013229701
noneq,16,0.1,11.9,0.050713972,0.012055098
noneq,16,0.1,11.95,0.048669028,0.011013557
noneq,16,0.1,12,0.048703548,0.01182663
noneq,16,0.1,12.05,0.051821711,0.0097364017
noneq,16,0.1,12.1,0.055852661,0.014473101
noneq,16,0.1,12.15,0.053703073,0.015083236
noneq,16,0.1,12.2,0.048411304,0.01285559
noneq,16,0.1,12.25,0.05297829,0.013734328
noneq,16,0.1,12.3,0.05173894,0.014197207
noneq,16,0.1,12.35,0.053945292,0.012286156
noneq,16,0.1,12.4,0.051260653,0.011370337
noneq,16,0.1,12.45,0.049382707,0.012959927
noneq,16,0.1,12.5,0.053335579,0.014910056
noneq,16,0.1,12.55,0.049172932,0.012595304
noneq,16,0.1,12.5664,0.055730755,0.013308625
ctrl,16,0.1,0,0.04982166,
ctrl,16,0.1,0.05,0.049149124,
ctrl,16,0.1,0.1,0.050046948,
ctrl,16,0.1,0.15,0.05504941,
ctrl,16,0.1,0.2,0.055885467,
ctrl,16,0.1,0.25,0.055121164,
ctrl,16,0.1,0.3,0.054210614,
ctrl,16,0.1,0.35,0.05170354,
ctrl,16,0.1,0.4,0.054625676,
ctrl,16,0.1,0.45,0.054799369,
ctrl,16,0.1,0.5,0.057627365,
ctrl,16,0.1,0.55,0.055560742,
ctrl,16,0.1,0.6,0.048985019,
ctrl,16,0.1,0.65,0.055120705,
ctrl,16,0.1,0.7,0.052508679,
ctrl,16,0.1,0.75,0.054236649,
ctrl,16,0.1,0.8,0.049098929,
ctrl,16,0.1,0.85,0.052263878,
ctrl,16,0.1,0.9,0.053700674,
ctrl,16,0.1,0.95,0.049743842,
ctrl,16,0.1,1,0.050788616,
ctrl,16,0.1,1.05,0.051910378,
ctrl,16,0.1,1.1,0.04847522,
ctrl,16,0.1,1.15,0.050587187,
ctrl,16,0.1,1.2,0.05178578,
ctrl,16,0.1,1.25,0.049898204,
ctrl,16,0.1,1.3,0.051937015,
ctrl,16,0.1,1.35,0.053136198,
ctrl,16,0.1,1.4,0.054660058,
ctrl,16,0.1,1.45,0.053237273,
ctrl,16,0.1,1.5,0.050029189,
ctrl,16,0.1,1.55,0.052210226,
ctrl,16,0.1,1.6,0.054159366,
ctrl,16,0.1,1.65,0.053037861,
ctrl,16,0.1,1.7,0.051887004,
ctrl,16,0.1,1.75,0.053844767,
ctrl,16,0.1,1.8,0.055522534,
ctrl,16,0.1,1.85,0.049914941,
ctrl,16,0.1,1.9,0.056677466,
ctrl,16,0.1,1.95,0.046959035,
ctrl,16,0.1,2,0.04788499,
ctrl,16,0.1,2.05,0.051205058,
ctrl,16,0.1,2.1,0.050174687,
ctrl,16,0.1,2.15,0.049229018,
ctrl,16,0.1,2.2,0.052632398,
ctrl,16,0.1,2.25,0.04758417,
ctrl,16,0.1,2.3,0.048627859,
ctrl,16,0.1,2.35,0.048382454,
ctrl,16,0.1,2.4,0.05340093,
ctrl,16,0.1,2.45,0.051117054,
ctrl,16,0.1,2.5,0.054959961,
ctrl,16,0.1,2.55,0.051568123,
ctrl,16,0.1,2.6,0.050896602,
ctrl,16,0.1,2.65,0.049241438,
ctrl,16,0.1,2.7,0.054612233,
ctrl,16,0.1,2.75,0.052131732,
ctrl,16,0.1,2.8,0.053268001,
ctrl,16,0.1,2.85,0.049395686,
ctrl,16,0.1,2.9,0.050015123,
ctrl,16,0.1,2.95,0.051261298,
ctrl,16,0.1,3,0.049309723,
ctrl,16,0.1,3.05,0.048738227,
ctrl,16,0.1,3.1,0.049093319,
ctrl,16,0.1,3.15,0.048847298,
ctrl,16,0.1,3.2,0.045661376,
ctrl,16,0.1,3.25,0.052522278,
ctrl,16,0.1,3.3,0.046060853,
ctrl,16,0.1,3.35,0.051815717,
ctrl,16,0.1,3.4,0.054222089,
ctrl,16,0.1,3.45,0.048825575,
ctrl,16,0.1,3.5,0.053377668,
ctrl,16,0.1,3.55,0.052538065,
ctrl,16,0.1,3.6,0.050132342,
ctrl,16,0.1,3.65,0.050099248,
ctrl,16,0.1,3.7,0.053118505,
ctrl,16,0.1,3.75,0.055380362,
ctrl,16,0.1,3.8,0.05233318,
ctrl,16,0.1,3.85,0.051189256,
ctrl,16,0.1,3.9,0.052352904,
ctrl,16,0.1,3.95,0.052334624,
ctrl,16,0.1,4,0.052979867,
ctrl,16,0.1,4.05,0.049884777,
ctrl,16,0.1,4.1,0.052409633,
ctrl,16,0.1,4.15,0.050493075,
ctrl,16,0.1,4.2,0.046639004,
ctrl,16,0.1,4.25,0.053273916,
ctrl,16,0.1,4.3,0.052053675,
ctrl,16,0.1,4.35,0.052395314,
ctrl,16,0.1,4.4,0.054109372,
ctrl,16,0.1,4.45,0.050828426,
ctrl,16,0.1,4.5,0.054955759,
ctrl,16,0.1,4.55,0.049242892,
ctrl,16,0.1,4.6,0.055223401,
ctrl,16,0.1,4.65,0.050494522,
ctrl,16,0.1,4.7,0.051064975,
ctrl,16,0.1,4.75,0.050947851,
ctrl,16,0.1,4.8,0.052372883,
ctrl,16,0.1,4.85,0.050947601,
ctrl,16,0.1,4.9,0.055513472,
ctrl,16,0.1,4.95,0.050985276,
ctrl,16,0.1,5,0.050455867,
ctrl,16,0.1,5.05,0.050391162,
ctrl,16,0.1,5.1,0.051144694,
ctrl,16,0.1,5.15,0.052393299,
ctrl,16,0.1,5.2,0.05049187,
ctrl,16,0.1,5.25,0.048724871,
ctrl,16,0.1,5.3,0.051746829,
ctrl,16,0.1,5.35,0.056137251,
ctrl,16,0.1,5.4,0.050720809,
ctrl,16,0.1,5.45,0.051779175,
ctrl,16,0.1,5.5,0.049901193,
ctrl,16,0.1,5.55,0.050670951,
ctrl,16,0.1,5.6,0.051989366,
ctrl,16,0.1,5.65,0.04777662,
ctrl,16,0.1,5.7,0.051422405,
ctrl,16,0.1,5.75,0.051881561,
ctrl,16,0.1,5.8,0.053337536,
ctrl,16,0.1,5.85,0.047663142,
ctrl,16,0.1,5.9,0.047432464,
ctrl,16,0.1,5.95,0.050143865,
ctrl,16,0.1,6,0.048370025,
ctrl,16,0.1,6.05,0.046876415,
ctrl,16,0.1,6.1,0.047162891,
ctrl,16,0.1,6.15,0.051821571,
ctrl,16,0.1,6.2,0.052525277,
ctrl,16,0.1,6.25,0.050000401,
ctrl,16,0.1,6.3,0.050495375,
ctrl,16,0.1,6.35,0.050038271,
ctrl,16,0.1,6.4,0.048386018,
ctrl,16,0.1,6.45,0.052710769,
ctrl,16,0.1,6.5,0.049752306,
ctrl,16,0.1,6.55,0.055586854,
ctrl,16,0.1,6.6,0.050994204,
ctrl,16,0.1,6.65,0.049311995,
ctrl,16,0.1,6.7,0.048560972,
ctrl,16,0.1,6.75,0.049895082,
ctrl,16,0.1,6.8,0.053780636,
ctrl,16,0.1,6.85,0.048570586,
ctrl,16,0.1,6.9,0.049800501,
ctrl,16,0.1,6.95,0.051173376,
ctrl,16,0.1,7,0.053266962,
ctrl,16,0.1,7.05,0.053113551,
ctrl,16,0.1,7.1,0.052685638,
ctrl,16,0.1,7.15,0.053413846,
ctrl,16,0.1,7.2,0.053064582,
ctrl,16,0.1,7.25,0.051128928,
ctrl,16,0.1,7.3,0.046039576,
ctrl,16,0.1,7.35,0.051385095,
ctrl,16,0.1,7.4,0.052427895,
ctrl,16,0.1,7.45,0.050819455,
ctrl,16,0.1,7.5,0.048296445,
ctrl,16,0.1,7.55,0.055813217,
ctrl,16,0.1,7.6,0.04947974,
ctrl,16,0.1,7.65,0.049583594,
ctrl,16,0.1,7.7,0.050832773,
ctrl,16,0.1,7.75,0.051032643,
ctrl,16,0.1,7.8,0.049186923,
ctrl,16,0.1,7.85,0.050287728,
ctrl,16,0.1,7.9,0.047273945,
ctrl,16,0.1,7.95,0.050534683,
ctrl,16,0.1,8,0.048685907,
ctrl,16,0.1,8.05,0.050184866,
ctrl,16,0.1,8.1,0.052819406,
ctrl,16,0.1,8.15,0.051629159,
ctrl,16,0.1,8.2,0.048337881,
ctrl,16,0.1,8.25,0.054400471,
ctrl,16,0.1,8.3,0.050398555,
ctrl,16,0.1,8.35,0.050318459,
ctrl,16,0.1,8.4,0.051039478,
ctrl,16,0.1,8.45,0.052512731,
ctrl,16,0.1,8.5,0.053311742,
ctrl,16,0.1,8.55,0.050617979,
ctrl,16,0.1,8.6,0.052993053,
ctrl,16,0.1,8.65,0.051448318,
ctrl,16,0.1,8.7,0.049961908,
ctrl,16,0.1,8.75,0.053439287,
ctrl,16,0.1,8.8,0.049845424,
ctrl,16,0.1,8.85,0.046941558,
ctrl,16,0.1,8.9,0.048697467,
ctrl,16,0.1,8.95,0.051658467,
ctrl,16,0.1,9,0.051490373,
ctrl,16,0.1,9.05,0.050574883,
ctrl,16,0.1,9.1,0.051595131,
ctrl,16,0.1,9.15,0.050826655,
ctrl,16,0.1,9.2,0.050330499,
ctrl,16,0.1,9.25,0.051291595,
ctrl,16,0.1,9.3,0.050695498,
ctrl,16,0.1,9.35,0.049516908,
ctrl,16,0.1,9.4,0.055119678,
ctrl,16,0.1,9.45,0.048838595,
ctrl,16,0.1,9.5,0.05446179,
ctrl,16,0.1,9.55,0.048186546,
ctrl,16,0.1,9.6,0.053538516,
ctrl,16,0.1,9.65,0.045731775,
ctrl,16,0.1,9.7,0.049941269,
ctrl,16,0.1,9.75,0.050138334,
ctrl,16,0.1,9.8,0.054836045,
ctrl,16,0.1,9.85,0.053717546,
ctrl,16,0.1,9.9,0.052034671,
ctrl,16,0.1,9.95,0.053313849,
ctrl,16,0.1,10,0.050539955,
ctrl,16,0.1,10.05,0.052792159,
ctrl,16,0.1,10.1,0.052110089,
ctrl,16,0.1,10.15,0.051231921,
ctrl,16,0.1,10.2,0.049181386,
ctrl,16,0.1,10.25,0.054144755,
ctrl,16,0.1,10.3,0.051371031,
ctrl,16,0.1,10.35,0.052090291,
ctrl,16,0.1,10.4,0.051389121,
ctrl,16,0.1,10.45,0.052482292,
ctrl,16,0.1,10.5,0.049918752,
ctrl,16,0.1,10.55,0.052448656,
ctrl,16,0.1,10.6,0.051621286,
ctrl,16,0.1,10.65,0.051133594,
ctrl,16,0.1,10.7,0.052072226,
ctrl,16,0.1,10.75,0.055395231,
ctrl,16,0.1,10.8,0.051146979,
ctrl,16,0.1,10.85,0.049578911,
ctrl,16,0.1,10.9,0.05057671,
ctrl,16,0.1,10.95,0.051654155,
ctrl,16,0.1,11,0.053440253,
ctrl,16,0.1,11.05,0.054225071,
ctrl,16,0.1,11.1,0.05121668,
ctrl,16,0.1,11.15,0.054644928,
ctrl,16,0.1,11.2,0.051930914,
ctrl,16,0.1,11.25,0.050189506,
ctrl,16,0.1,11.3,0.050903458,
ctrl,16,0.1,11.35,0.050985465,
ctrl,16,0.1,11.4,0.052388219,
ctrl,16,0.1,11.45,0.053760887,
ctrl,16,0.1,11.5,0.046125014,
ctrl,16,0.1,11.55,0.05204669,
ctrl,16,0.1,11.6,0.047751748,
ctrl,16,0.1,11.65,0.050993457,
ctrl,16,0.1,11.7,0.052386871,
ctrl,16,0.1,11.75,0.055504128,
ctrl,16,0.1,11.8,0.050964923,
ctrl,16,0.1,11.85,0.051652471,
ctrl,16,0.1,11.9,0.046883636,
ctrl,16,0.1,11.95,0.051859656,
ctrl,16,0.1,12,0.050924082,
ctrl,16,0.1,12.05,0.05375854,
ctrl,16,0.1,12.1,0.05068117,
ctrl,16,0.1,12.15,0.053519559,
ctrl,16,0.1,12.2,0.051035528,
ctrl,16,0.1,12.25,0.049249409,
ctrl,16,0.1,12.3,0.050564601,
ctrl,16,0.1,12.35,0.051549267,
ctrl,16,0.1,12.4,0.048559368,
ctrl,16,0.1,12.45,0.049692648,
ctrl,16,0.1,12.5,0.050688185,
ctrl,16,0.1,12.55,0.054018772,
ctrl,16,0.1,12.5664,0.050207353,
noneq,16,0.5,0,0.56777678,0.47366038
noneq,16,0.5,0.02,0.3442864,0.29507989
noneq,16,0.5,0.04,0.26817416,0.22685191
noneq,16,0.5,0.06,0.23236851,0.19045165
noneq,16,0.5,0.08,0.19285334,0.15256773
noneq,16,0.5,0.1,0.17668448,0.13296493
noneq,16,0.5,0.12,0.15234031,0.1120105
noneq,16,0.5,0.14,0.1353499,0.097527958
noneq,16,0.5,0.16,0.11930359,0.081732152
noneq,16,0.5,0.18,0.1113698,0.073873554
noneq,16,0.5,0.2,0.09989186,0.060225787
noneq,16,0.5,0.22,0.096657997,0.055622084
noneq,16,0.5,0.24,0.089947211,0.049176597
noneq,16,0.5,0.26,0.083730309,0.043364882
noneq,16,0.5,0.28,0.078154099,0.038666448
noneq,16,0.5,0.3,0.077068674,0.037374268
noneq,16,0.5,0.32,0.066517224,0.029760812
noneq,16,0.5,0.34,0.067088989,0.029355451
noneq,16,0.5,0.36,0.064971315,0.026324293
noneq,16,0.5,0.38,0.063544333,0.025296694
noneq,16,0.5,0.4,0.065566526,0.026075782
noneq,16,0.5,0.42,0.059081762,0.021844526
noneq,16,0.5,0.44,0.061128076,0.021431904
noneq,16,0.5,0.46,0.058331082,0.022351379
noneq,16,0.5,0.48,0.056948165,0.018593783
noneq,16,0.5,0.5,0.057783481,0.021029138
noneq,16,0.5,0.52,0.057778795,0.019014517
noneq,16,0.5,0.54,0.061151591,0.018986816
noneq,16,0.5,0.56,0.053148076,0.018885384
noneq,16,0.5,0.58,0.056417707,0.01746392
noneq,16,0.5,0.6,0.057321703,0.016628053
noneq,16,0.5,0.62,0.0580723,0.01908529
noneq,16,0.5,0.64,0.056592729,0.016917072
noneq,16,0.5,0.66,0.055932115,0.016562128
noneq,16,0.5,0.68,0.057491994,0.016976274
noneq,16,0.5,0.7,0.053408152,0.016166621
noneq,16,0.5,0.72,0.055329824,0.016289266
noneq,16,0.5,0.74,0.055716941,0.017338795
noneq,16,0.5,0.76,0.056872245,0.016036985
noneq,16,0.5,0.78,0.055191271,0.017683519
noneq,16,0.5,0.8,0.049015595,0.015719696
noneq,16,0.5,0.82,0.05224162,0.015410573
noneq,16,0.5,0.84,0.053259092,0.016858513
noneq,16,0.5,0.86,0.052803349,0.015311493
noneq,16,0.5,0.88,0.052798932,0.01598517
noneq,16,0.5,0.9,0.052350073,0.0162141
noneq,16,0.5,0.92,0.051782336,0.015014589
noneq,16,0.5,0.94,0.05260301,0.013612644
noneq,16,0.5,0.96,0.053151036,0.014904535
noneq,16,0.5,0.98,0.054435596,0.013900526
noneq,16,0.5,1,0.050402141,0.014028783
noneq,16,0.5,1.02,0.051826008,0.014217316
noneq,16,0.5,1.04,0.05092761,0.013430812
noneq,16,0.5,1.06,0.050814843,0.013821236
noneq,16,0.5,1.08,0.055254946,0.014492731
noneq,16,0.5,1.1,0.052780341,0.013158069
noneq,16,0.5,1.12,0.05452654,0.013678524
noneq,16,0.5,1.14,0.051987592,0.014671012
noneq,16,0.5,1.16,0.053895631,0.013960079
noneq,16,0.5,1.18,0.05237141,0.013209559
noneq,16,0.5,1.2,0.054574733,0.013464996
noneq,16,0.5,1.22,0.052293115,0.014222937
noneq,16,0.5,1.24,0.053661021,0.013681302
noneq,16,0.5,1.26,0.055593228,0.012242709
noneq,16,0.5,1.28,0.050614964,0.013242302
noneq,16,0.5,1.3,0.05125694,0.014046564
noneq,16,0.5,1.32,0.050692066,0.012882062
noneq,16,0.5,1.34,0.0525321,0.014216599
noneq,16,0.5,1.36,0.050061035,0.014459865
noneq,16,0.5,1.38,0.053559861,0.013924463
noneq,16,0.5,1.4,0.052499567,0.013355652
noneq,16,0.5,1.42,0.049965081,0.014204111
noneq,16,0.5,1.44,0.053678667,0.013148396
noneq,16,0.5,1.46,0.050575445,0.010915627
noneq,16,0.5,1.48,0.051149323,0.01330811
noneq,16,0.5,1.5,0.050467768,0.011974337
noneq,16,0.5,1.52,0.053165366,0.013986086
noneq,16,0.5,1.54,0.050837678,0.012589557
noneq,16,0.5,1.56,0.050734485,0.013467581
noneq,16,0.5,1.58,0.050513592,0.012456643
noneq,16,0.5,1.6,0.049997669,0.013579605
noneq,16,0.5,1.62,0.051330554,0.011825819
noneq,16,0.5,1.64,0.049721311,0.011680931
noneq,16,0.5,1.66,0.050106236,0.012283615
noneq,16,0.5,1.68,0.051846058,0.014144007
noneq,16,0.5,1.7,0.049346148,0.012581398
noneq,16,0.5,1.72,0.050778422,0.012449925
noneq,16,0.5,1.74,0.052040452,0.011897961
noneq,16,0.5,1.76,0.056409026,0.015778762
noneq,16,0.5,1.78,0.049425841,0.012785376
noneq,16,0.5,1.8,0.051869543,0.013692343
noneq,16,0.5,1.82,0.052263036,0.011749598
noneq,16,0.5,1.84,0.052872869,0.013849679
noneq,16,0.5,1.86,0.049706172,0.012392645
noneq,16,0.5,1.88,0.0514638,0.01261506
noneq,16,0.5,1.9,0.050818381,0.012882556
noneq,16,0.5,1.92,0.054576309,0.013591442
noneq,16,0.5,1.94,0.050184102,0.012224294
noneq,16,0.5,1.96,0.05193409,0.012552664
noneq,16,0.5,1.98,0.049900824,0.012797293
noneq,16,0.5,2,0.055364439,0.014497221
noneq,16,0.5,2.02,0.053643867,0.012888763
noneq,16,0.5,2.04,0.050789403,0.013768866
noneq,16,0.5,2.06,0.048547971,0.011774381
noneq,16,0.5,2.08,0.049785401,0.013257115
noneq,16,0.5,2.1,0.053895322,0.013771185
noneq,16,0.5,2.12,0.050615819,0.012513627
noneq,16,0.5,2.14,0.051347741,0.01384541
noneq,16,0.5,2.16,0.055228663,0.015160945
noneq,16,0.5,2.18,0.049623056,0.012275636
noneq,16,0.5,2.2,0.050636551,0.012726362
noneq,16,0.5,2.22,0.047179686,0.01380774
noneq,16,0.5,2.24,0.051418277,0.013148337
noneq,16,0.5,2.26,0.052716388,0.012898988
noneq,16,0.5,2.28,0.047993368,0.010151144
noneq,16,0.5,2.3,0.053262785,0.015512152
noneq,16,0.5,2.32,0.05110676,0.013342648
noneq,16,0.5,2.34,0.056348933,0.014546494
noneq,16,0.5,2.36,0.049342836,0.012386258
noneq,16,0.5,2.38,0.050005407,0.012860859
noneq,16,0.5,2.4,0.048017488,0.011504522
noneq,16,0.5,2.42,0.057732595,0.015082261
noneq,16,0.5,2.44,0.048333503,0.013540492
noneq,16,0.5,2.46,0.053363146,0.012795133
noneq,16,0.5,2.48,0.053934206,0.013755641
noneq,16,0.5,2.5,0.050887701,0.012318566
noneq,16,0.5,2.52,0.052154721,0.013895093
noneq,16,0.5,2.54,0.052534147,0.013878099
noneq,16,0.5,2.56,0.048434933,0.012400869
noneq,16,0.5,2.58,0.050811615,0.012105092
noneq,16,0.5,2.6,0.049248518,0.012199722
noneq,16,0.5,2.62,0.054216485,0.013371898
noneq,16,0.5,2.64,0.051741189,0.013265186
noneq,16,0.5,2.66,0.048925012,0.011607732
noneq,16,0.5,2.68,0.050659965,0.012007316
noneq,16,0.5,2.7,0.051877349,0.010690009
noneq,16,0.5,2.72,0.050502331,0.013233308
noneq,16,0.5,2.74,0.056996522,0.013677117
noneq,16,0.5,2.76,0.051035332,0.01261457
noneq,16,0.5,2.78,0.050940028,0.013045717
noneq,16,0.5,2.8,0.051683987,0.013171928
noneq,16,0.5,2.82,0.0526138,0.01403265
noneq,16,0.5,2.84,0.052363035,0.013072235
noneq,16,0.5,2.86,0.047724777,0.012102704
noneq,16,0.5,2.88,0.04974655,0.013296934
noneq,16,0.5,2.9,0.051150088,0.011349006
noneq,16,0.5,2.92,0.050111574,0.012818475
noneq,16,0.5,2.94,0.055041501,0.014152714
noneq,16,0.5,2.96,0.047898135,0.012914081
noneq,16,0.5,2.98,0.050275187,0.012952587
noneq,16,0.5,3,0.048852384,0.013016852
noneq,16,0.5,3.02,0.047147813,0.012492966
noneq,16,0.5,3.04,0.050577234,0.01433658
noneq,16,0.5,3.06,0.052617077,0.012619364
noneq,16,0.5,3.08,0.049483413,0.012711956
noneq,16,0.5,3.1,0.050901536,0.012585132
noneq,16,0.5,3.12,0.04897792,0.012450473
noneq,16,0.5,3.14,0.052283458,0.0120395
noneq,16,0.5,3.16,0.048262873,0.01139508
noneq,16,0.5,3.18,0.047936488,0.012964443
noneq,16,0.5,3.2,0.050983856,0.012819476
noneq,16,0.5,3.22,0.049969445,0.011437027
noneq,16,0.5,3.24,0.050871293,0.012909046
noneq,16,0.5,3.26,0.04977184,0.012472778
noneq,16,0.5,3.28,0.051835992,0.013646661
noneq,16,0.5,3.3,0.051205633,0.014176242
noneq,16,0.5,3.32,0.047513894,0.013230315
noneq,16,0.5,3.34,0.052220385,0.013694943
noneq,16,0.5,3.36,0.048824314,0.014097213
noneq,16,0.5,3.38,0.051881659,0.012890503
noneq,16,0.5,3.4,0.053482827,0.014684716
noneq,16,0.5,3.42,0.051043953,0.012969189
noneq,16,0.5,3.44,0.056210481,0.013995568
noneq,16,0.5,3.46,0.052128443,0.013549932
noneq,16,0.5,3.48,0.055712695,0.01218074
noneq,16,0.5,3.5,0.053924046,0.0149659
noneq,16,0.5,3.52,0.051083197,0.013635263
noneq,16,0.5,3.54,0.05260351,0.014628657
noneq,16,0.5,3.56,0.050763558,0.013154635
noneq,16,0.5,3.58,0.051309432,0.012045068
noneq,16,0.5,3.6,0.050668833,0.014132369
noneq,16,0.5,3.62,0.052162088,0.014318888
noneq,16,0.5,3.64,0.052849541,0.012689272
noneq,16,0.5,3.66,0.055961345,0.01353783
noneq,16,0.5,3.68,0.050031672,0.012910319
noneq,16,0.5,3.7,0.049456741,0.013218673
noneq,16,0.5,3.72,0.053193418,0.012923838
noneq,16,0.5,3.74,0.052334742,0.012965975
noneq,16,0.5,3.76,0.051159106,0.012840018
noneq,16,0.5,3.78,0.053045474,0.012996598
noneq,16,0.5,3.8,0.053106863,0.011570979
noneq,16,0.5,3.82,0.050682598,0.012365152
noneq,16,0.5,3.84,0.053110541,0.014194097
noneq,16,0.5,3.86,0.053878848,0.012269452
noneq,16,0.5,3.88,0.049065732,0.012219423
noneq,16,0.5,3.9,0.051605893,0.011187093
noneq,16,0.5,3.92,0.052783,0.013497573
noneq,16,0.5,3.94,0.052099678,0.012831131
noneq,16,0.5,3.96,0.052299446,0.0124944
noneq,16,0.5,3.98,0.0534918,0.013006587
noneq,16,0.5,4,0.052441924,0.01373919
noneq,16,0.5,4.02,0.051124493,0.013279187
noneq,16,0.5,4.04,0.049474037,0.011157144
noneq,16,0.5,4.06,0.051006619,0.012927606
noneq,16,0.5,4.08,0.051912558,0.012784939
noneq,16,0.5,4.1,0.050788057,0.01328037
noneq,16,0.5,4.12,0.05058624,0.012659077
noneq,16,0.5,4.14,0.050006264,0.012997891
noneq,16,0.5,4.16,0.051875395,0.013814059
noneq,16,0.5,4.18,0.050888105,0.013360221
noneq,16,0.5,4.2,0.048672853,0.011348386
noneq,16,0.5,4.22,0.049284075,0.01294174
noneq,16,0.5,4.24,0.052202735,0.012469374
noneq,16,0.5,4.26,0.052580501,0.01227893
noneq,16,0.5,4.28,0.050868642,0.012613148
noneq,16,0.5,4.3,0.05025709,0.012731704
noneq,16,0.5,4.32,0.053297291,0.012919164
noneq,16,0.5,4.34,0.050924826,0.013151569
noneq,16,0.5,4.36,0.051734573,0.015863083
noneq,16,0.5,4.38,0.053533809,0.01366087
noneq,16,0.5,4.4,0.054986968,0.013372378
noneq,16,0.5,4.42,0.050189045,0.013914122
noneq,16,0.5,4.44,0.052513967,0.013287524
noneq,16,0.5,4.46,0.053851587,0.012739318
noneq,16,0.5,4.48,0.053439642,0.013004288
noneq,16,0.5,4.5,0.058421593,0.015388122
noneq,16,0.5,4.52,0.052831597,0.013173941
noneq,16,0.5,4.54,0.05098154,0.010790822
noneq,16,0.5,4.56,0.051328359,0.012322287
noneq,16,0.5,4.58,0.051762228,0.012433284
noneq,16,0.5,4.6,0.051498161,0.012815488
noneq,16,0.5,4.62,0.054742645,0.013901323
noneq,16,0.5,4.64,0.052127833,0.013700863
noneq,16,0.5,4.66,0.052150849,0.012074268
noneq,16,0.5,4.68,0.051358745,0.013598963
noneq,16,0.5,4.7,0.053725501,0.012679306
noneq,16,0.5,4.72,0.058107788,0.016641763
noneq,16,0.5,4.74,0.050549027,0.011729987
noneq,16,0.5,4.76,0.047546483,0.012955292
noneq,16,0.5,4.78,0.051943382,0.012664133
noneq,16,0.5,4.8,0.055365454,0.014479952
noneq,16,0.5,4.82,0.050954703,0.013275597
noneq,16,0.5,4.84,0.049839522,0.013354381
noneq,16,0.5,4.86,0.051046505,0.013340367
noneq,16,0.5,4.88,0.054258987,0.013820643
noneq,16,0.5,4.9,0.053398249,0.012838448
noneq,16,0.5,4.92,0.054296022,0.013378254
noneq,16,0.5,4.94,0.051682122,0.010947866
noneq,16,0.5,4.96,0.052837362,0.014282977
noneq,16,0.5,4.98,0.052210189,0.014008033
noneq,16,0.5,5,0.050575274,0.012778619
noneq,16,0.5,5.02,0.052060561,0.011263793
noneq,16,0.5,5.04,0.052830859,0.014205521
noneq,16,0.5,5.06,0.049437277,0.01126416
noneq,16,0.5,5.08,0.050636125,0.013565317
noneq,16,0.5,5.1,0.051132567,0.012198401
noneq,16,0.5,5.12,0.047841643,0.011178136
noneq,16,0.5,5.14,0.052790773,0.013642077
noneq,16,0.5,5.16,0.052281048,0.012850824
noneq,16,0.5,5.18,0.049786947,0.012815053
noneq,16,0.5,5.2,0.050476799,0.011770275
noneq,16,0.5,5.22,0.051325391,0.013046119
noneq,16,0.5,5.24,0.050591571,0.013130116
noneq,16,0.5,5.26,0.05259464,0.013116826
noneq,16,0.5,5.28,0.055346169,0.013384552
noneq,16,0.5,5.3,0.052804448,0.013163288
noneq,16,0.5,5.32,0.048861414,0.013297557
noneq,16,0.5,5.34,0.04958199,0.013869875
noneq,16,0.5,5.36,0.054958389,0.013701787
noneq,16,0.5,5.38,0.051430754,0.013571834
noneq,16,0.5,5.4,0.052265057,0.013497758
noneq,16,0.5,5.42,0.050188524,0.013653387
noneq,16,0.5,5.44,0.052911469,0.012096359
noneq,16,0.5,5.46,0.051193797,0.013980618
noneq,16,0.5,5.48,0.050700788,0.012408597
noneq,16,0.5,5.5,0.051496889,0.013624317
noneq,16,0.5,5.52,0.04947858,0.011637499
noneq,16,0.5,5.54,0.048260664,0.012605567
noneq,16,0.5,5.56,0.051045642,0.01131373
noneq,16,0.5,5.58,0.053727587,0.01547284
noneq,16,0.5,5.6,0.048511364,0.01238663
noneq,16,0.5,5.62,0.052744149,0.01335032
noneq,16,0.5,5.64,0.054539345,0.01447587
noneq,16,0.5,5.66,0.047520821,0.011363096
noneq,16,0.5,5.68,0.04875055,0.012462587
noneq,16,0.5,5.7,0.04808592,0.012315835
noneq,16,0.5,5.72,0.051751792,0.014670937
noneq,16,0.5,5.74,0.050354512,0.013461137
noneq,16,0.5,5.76,0.051440043,0.014536033
noneq,16,0.5,5.78,0.051712379,0.012916062
noneq,16,0.5,5.8,0.047239445,0.01076226
noneq,16,0.5,5.82,0.048240068,0.011943867
noneq,16,0.5,5.84,0.050999723,0.011284851
noneq,16,0.5,5.86,0.053126723,0.012104674
noneq,16,0.5,5.88,0.051556387,0.011883018
noneq,16,0.5,5.9,0.050607988,0.013050122
noneq,16,0.5,5.92,0.049834728,0.010953649
noneq,16,0.5,5.94,0.052266693,0.012958348
noneq,16,0.5,5.96,0.048599321,0.012915785
noneq,16,0.5,5.98,0.051938975,0.013472732
noneq,16,0.5,6,0.056942301,0.015332751
noneq,16,0.5,6.02,0.048561173,0.012959278
noneq,16,0.5,6.04,0.050752258,0.011860623
noneq,16,0.5,6.06,0.047630734,0.011725522
noneq,16,0.5,6.08,0.049426273,0.011888629
noneq,16,0.5,6.1,0.05039807,0.014097329
noneq,16,0.5,6.12,0.050136988,0.012183371
noneq,16,0.5,6.14,0.051942245,0.0141862
noneq,16,0.5,6.16,0.049997321,0.013305455
noneq,16,0.5,6.18,0.049584667,0.012569839
noneq,16,0.5,6.2,0.052679311,0.013040001
noneq,16,0.5,6.22,0.053531523,0.016229642
noneq,16,0.5,6.24,0.052813557,0.013153997
noneq,16,0.5,6.26,0.04996708,0.01146864
noneq,16,0.5,6.28,0.050108068,0.011821865
noneq,16,0.5,6.3,0.051084092,0.012043867
noneq,16,0.5,6.32,0.051001706,0.013428773
noneq,16,0.5,6.34,0.048571451,0.011556433
noneq,16,0.5,6.36,0.05182819,0.011395567
noneq,16,0.5,6.38,0.053667492,0.012960044
noneq,16,0.5,6.4,0.04926113,0.013534209
noneq,16,0.5,6.42,0.050592287,0.013248279
noneq,16,0.5,6.44,0.049407512,0.014003429
noneq,16,0.5,6.46,0.052419148,0.014559605
noneq,16,0.5,6.48,0.05320105,0.01206496
noneq,16,0.5,6.5,0.050110783,0.012347103
noneq,16,0.5,6.52,0.050094781,0.010833551
noneq,16,0.5,6.54,0.049684118,0.012663274
noneq,16,0.5,6.56,0.048827802,0.010368494
noneq,16,0.5,6.58,0.053545266,0.014079698
noneq,16,0.5,6.6,0.051572168,0.011624428
noneq,16,0.5,6.62,0.054683695,0.014951612
noneq,16,0.5,6.64,0.052714632,0.013478611
noneq,16,0.5,6.66,0.050766822,0.012626281
noneq,16,0.5,6.68,0.049795072,0.011952474
noneq,16,0.5,6.7,0.052681061,0.012463121
noneq,16,0.5,6.72,0.053524652,0.013540747
noneq,16,0.5,6.74,0.053301526,0.013402778
noneq,16,0.5,6.76,0.051188201,0.013526458
noneq,16,0.5,6.78,0.05051322,0.012547608
noneq,16,0.5,6.8,0.053322733,0.013936046
noneq,16,0.5,6.82,0.053232996,0.012601913
noneq,16,0.5,6.84,0.053069952,0.011856307
noneq,16,0.5,6.86,0.053459908,0.013777124
noneq,16,0.5,6.88,0.053654871,0.013378216
noneq,16,0.5,6.9,0.054410794,0.014014282
noneq,16,0.5,6.92,0.057545513,0.013467462
noneq,16,0.5,6.94,0.055299713,0.014076246
noneq,16,0.5,6.96,0.050702324,0.012088753
noneq,16,0.5,6.98,0.049037918,0.013630845
noneq,16,0.5,7,0.051129414,0.012550638
noneq,16,0.5,7.02,0.049763607,0.011921683
noneq,16,0.5,7.04,0.048550519,0.01398544
noneq,16,0.5,7.06,0.054119661,0.013120772
noneq,16,0.5,7.08,0.053431648,0.013316554
noneq,16,0.5,7.1,0.050359337,0.011333071
noneq,16,0.5,7.12,0.050549508,0.012033476
noneq,16,0.5,7.14,0.04740544,0.013057849
noneq,16,0.5,7.16,0.052633435,0.014501372
noneq,16,0.5,7.18,0.049755135,0.013881296
noneq,16,0.5,7.2,0.05199694,0.014335337
noneq,16,0.5,7.22,0.05428071,0.012728667
noneq,16,0.5,7.24,0.049836667,0.011905716
noneq,16,0.5,7.26,0.052934525,0.013505226
noneq,16,0.5,7.28,0.048930299,0.011235272
noneq,16,0.5,7.3,0.048755122,0.01396637
noneq,16,0.5,7.32,0.054898134,0.011080436
noneq,16,0.5,7.34,0.051250977,0.013424328
noneq,16,0.5,7.36,0.049882868,0.011777345
noneq,16,0.5,7.38,0.050464621,0.012790307
noneq,16,0.5,7.4,0.050008273,0.013086896
noneq,16,0.5,7.42,0.045068397,0.0091080261
noneq,16,0.5,7.44,0.05317208,0.012647311
noneq,16,0.5,7.46,0.049694826,0.013225892
noneq,16,0.5,7.48,0.050707068,0.01304123
noneq,16,0.5,7.5,0.052484635,0.014658069
noneq,16,0.5,7.52,0.053480111,0.013609683
noneq,16,0.5,7.54,0.051809921,0.012658104
noneq,16,0.5,7.56,0.055454493,0.012100277
noneq,16,0.5,7.58,0.053777216,0.01474106
noneq,16,0.5,7.6,0.051228188,0.014381017
noneq,16,0.5,7.62,0.05072086,0.01255056
noneq,16,0.5,7.64,0.051386985,0.014195023
noneq,16,0.5,7.66,0.051482588,0.013367386
noneq,16,0.5,7.68,0.050769413,0.014019995
noneq,16,0.5,7.7,0.053321234,0.012609711
noneq,16,0.5,7.72,0.052640364,0.013098664
noneq,16,0.5,7.74,0.052345122,0.012733054
noneq,16,0.5,7.76,0.050459413,0.011139345
noneq,16,0.5,7.78,0.04874309,0.012928449
noneq,16,0.5,7.8,0.046775741,0.011880967
noneq,16,0.5,7.82,0.054337375,0.015973812
noneq,16,0.5,7.84,0.055713699,0.013970119
noneq,16,0.5,7.86,0.052796744,0.01359535
noneq,16,0.5,7.88,0.052483601,0.012079418
noneq,16,0.5,7.9,0.050750388,0.013770622
noneq,16,0.5,7.92,0.051054133,0.012262808
noneq,16,0.5,7.94,0.051872341,0.015642803
noneq,16,0.5,7.96,0.050657573,0.012358511
noneq,16,0.5,7.98,0.050815484,0.014619226
noneq,16,0.5,8,0.053146664,0.014642054
noneq,16,0.5,8.02,0.055597629,0.013082209
noneq,16,0.5,8.04,0.04866355,0.01380052
noneq,16,0.5,8.06,0.052630094,0.014450356
noneq,16,0.5,8.08,0.051098038,0.01169292
noneq,16,0.5,8.1,0.052928324,0.01307085
noneq,16,0.5,8.12,0.053894565,0.012760978
noneq,16,0.5,8.14,0.053399873,0.01484116
noneq,16,0.5,8.16,0.054082003,0.014097909
noneq,16,0.5,8.18,0.052620942,0.01312267
noneq,16,0.5,8.2,0.050220225,0.012593688
noneq,16,0.5,8.22,0.051233605,0.0140103
noneq,16,0.5,8.24,0.049139947,0.01162078
noneq,16,0.5,8.26,0.050708285,0.012868031
noneq,16,0.5,8.28,0.050036109,0.011908085
noneq,16,0.5,8.3,0.05134276,0.013356248
noneq,16,0.5,8.32,0.051623426,0.012073646
noneq,16,0.5,8.34,0.048524033,0.013219207
noneq,16,0.5,8.36,0.049438206,0.013490027
noneq,16,0.5,8.38,0.053105027,0.01522076
noneq,16,0.5,8.4,0.0499151,0.012394612
noneq,16,0.5,8.42,0.054452769,0.011707418
noneq,16,0.5,8.44,0.050281029,0.010557722
noneq,16,0.5,8.46,0.052405244,0.012716323
noneq,16,0.5,8.48,0.048655285,0.012002482
noneq,16,0.5,8.5,0.050392511,0.013321579
noneq,16,0.5,8.52,0.049890501,0.01361604
noneq,16,0.5,8.54,0.052179872,0.013791122
noneq,16,0.5,8.56,0.052575687,0.013902816
noneq,16,0.5,8.58,0.051955223,0.012865874
noneq,16,0.5,8.6,0.050935905,0.01341365
noneq,16,0.5,8.62,0.050131542,0.013847375
noneq,16,0.5,8.64,0.052697977,0.014333645
noneq,16,0.5,8.66,0.052706619,0.013833985
noneq,16,0.5,8.68,0.055523181,0.015657994
noneq,16,0.5,8.7,0.053844648,0.012650781
noneq,16,0.5,8.72,0.053649431,0.013394502
noneq,16,0.5,8.74,0.056349291,0.013671345
noneq,16,0.5,8.76,0.05528501,0.013365817
noneq,16,0.5,8.78,0.052414191,0.013796607
noneq,16,0.5,8.8,0.052531082,0.011559451
noneq,16,0.5,8.82,0.054623256,0.014086074
noneq,16,0.5,8.84,0.053662169,0.015590157
noneq,16,0.5,8.86,0.053258817,0.013688384
noneq,16,0.5,8.88,0.048945439,0.012207815
noneq,16,0.5,8.9,0.053012068,0.014382252
noneq,16,0.5,8.92,0.05337283,0.012268664
noneq,16,0.5,8.94,0.053081132,0.013765691
noneq,16,0.5,8.96,0.051492934,0.013923361
noneq,16,0.5,8.98,0.051086359,0.01328259
noneq,16,0.5,9,0.05185429,0.014134083
noneq,16,0.5,9.02,0.04972188,0.011884509
noneq,16,0.5,9.04,0.050401648,0.011835277
noneq,16,0.5,9.06,0.053023327,0.014661478
noneq,16,0.5,9.08,0.051763816,0.012671721
noneq,16,0.5,9.1,0.052862625,0.015302855
noneq,16,0.5,9.12,0.052658679,0.012958543
noneq,16,0.5,9.14,0.053114051,0.012204584
noneq,16,0.5,9.16,0.049575639,0.012689773
noneq,16,0.5,9.18,0.050417289,0.011223096
noneq,16,0.5,9.2,0.055480796,0.013148525
noneq,16,0.5,9.22,0.049161409,0.011526933
noneq,16,0.5,9.24,0.050368354,0.015450867
noneq,16,0.5,9.26,0.053979122,0.01476042
noneq,16,0.5,9.28,0.051945001,0.0135296
noneq,16,0.5,9.3,0.047517827,0.010818014
noneq,16,0.5,9.32,0.048619709,0.012842357
noneq,16,0.5,9.34,0.046970728,0.010438778
noneq,16,0.5,9.36,0.047368079,0.012311471
noneq,16,0.5,9.38,0.054632838,0.013590344
noneq,16,0.5,9.4,0.050221251,0.013388536
noneq,16,0.5,9.42,0.050054883,0.012060524
noneq,16,0.5,9.44,0.048475449,0.011703952
noneq,16,0.5,9.46,0.050910839,0.013921525
noneq,16,0.5,9.48,0.049926403,0.012157506
noneq,16,0.5,9.5,0.047487825,0.013260112
noneq,16,0.5,9.52,0.048483021,0.013107479
noneq,16,0.5,9.54,0.056989247,0.015015668
noneq,16,0.5,9.56,0.050376643,0.012145819
noneq,16,0.5,9.58,0.04934473,0.01316173
noneq,16,0.5,9.6,0.053667473,0.012964499
noneq,16,0.5,9.62,0.055221601,0.01495276
noneq,16,0.5,9.64,0.053894557,0.014828178
noneq,16,0.5,9.66,0.053663658,0.015351458
noneq,16,0.5,9.68,0.052186288,0.0145965
noneq,16,0.5,9.7,0.049532287,0.011396564
noneq,16,0.5,9.72,0.051277046,0.012574678
noneq,16,0.5,9.74,0.049962157,0.012639692
noneq,16,0.5,9.76,0.052144703,0.014565093
noneq,16,0.5,9.78,0.052347285,0.012782256
noneq,16,0.5,9.8,0.05004404,0.014734122
noneq,16,0.5,9.82,0.055893685,0.011878715
noneq,16,0.5,9.84,0.050370664,0.012865681
noneq,16,0.5,9.86,0.054765458,0.015178482
noneq,16,0.5,9.88,0.051763193,0.013930206
noneq,16,0.5,9.9,0.054466435,0.015218818
noneq,16,0.5,9.92,0.053751884,0.015025432
noneq,16,0.5,9.94,0.0530545,0.014530174
noneq,16,0.5,9.96,0.053076064,0.012543447
noneq,16,0.5,9.98,0.053873691,0.01412489
noneq,16,0.5,10,0.04986089,0.011437254
noneq,16,0.5,10.02,0.053055481,0.010983982
noneq,16,0.5,10.04,0.054708384,0.013057428
noneq,16,0.5,10.06,0.051375476,0.011710011
noneq,16,0.5,10.08,0.054619677,0.013571195
noneq,16,0.5,10.1,0.055591335,0.013263059
noneq,16,0.5,10.12,0.051074473,0.012552895
noneq,16,0.5,10.14,0.051821352,0.013486269
noneq,16,0.5,10.16,0.052380925,0.01139078
noneq,16,0.5,10.18,0.053826004,0.012455755
noneq,16,0.5,10.2,0.05360385,0.013544501
noneq,16,0.5,10.22,0.055370697,0.013853941
noneq,16,0.5,10.24,0.05466444,0.013386835
noneq,16,0.5,10.26,0.051910708,0.011700754
noneq,16,0.5,10.28,0.051412512,0.011756345
noneq,16,0.5,10.3,0.053522395,0.012994169
noneq,16,0.5,10.32,0.052847887,0.012898119
noneq,16,0.5,10.34,0.051957927,0.014259805
noneq,16,0.5,10.36,0.045510589,0.011121764
noneq,16,0.5,10.38,0.049291982,0.0099536569
noneq,16,0.5,10.4,0.051874422,0.011529057
noneq,16,0.5,10.42,0.050430231,0.01149924
noneq,16,0.5,10.44,0.051093209,0.013551791
noneq,16,0.5,10.46,0.051803746,0.014586195
noneq,16,0.5,10.48,0.046401614,0.011198395
noneq,16,0.5,10.5,0.052152808,0.012207233
noneq,16,0.5,10.52,0.053028807,0.013344551
noneq,16,0.5,10.54,0.052765161,0.013180095
noneq,16,0.5,10.56,0.054560239,0.0143492
noneq,16,0.5,10.58,0.055674471,0.016061633
noneq,16,0.5,10.6,0.051039642,0.012486916
noneq,16,0.5,10.62,0.048746989,0.01288485
noneq,16,0.5,10.64,0.050199224,0.012234756
noneq,16,0.5,10.66,0.049664036,0.011885184
noneq,16,0.5,10.68,0.051760476,0.012673061
noneq,16,0.5,10.7,0.052224068,0.013180851
noneq,16,0.5,10.72,0.047801358,0.012108983
noneq,16,0.5,10.74,0.052110487,0.012837738
noneq,16,0.5,10.76,0.055549105,0.01320712
noneq,16,0.5,10.78,0.053166545,0.013996411
noneq,16,0.5,10.8,0.051221979,0.012862403
noneq,16,0.5,10.82,0.054843982,0.012864737
noneq,16,0.5,10.84,0.057043986,0.015555652
noneq,16,0.5,10.86,0.049667489,0.012398269
noneq,16,0.5,10.88,0.051741046,0.014405805
noneq,16,0.5,10.9,0.050201092,0.012618194
noneq,16,0.5,10.92,0.057213603,0.014607375
noneq,16,0.5,10.94,0.053477992,0.012653585
noneq,16,0.5,10.96,0.051346965,0.014264113
noneq,16,0.5,10.98,0.051911921,0.01201094
noneq,16,0.5,11,0.052015231,0.013198451
noneq,16,0.5,11.02,0.054432553,0.012861662
noneq,16,0.5,11.04,0.056889824,0.012687934
noneq,16,0.5,11.06,0.053762593,0.014636288
noneq,16,0.5,11.08,0.04986876,0.01152941
noneq,16,0.5,11.1,0.052793142,0.013458858
noneq,16,0.5,11.12,0.047740801,0.012163084
noneq,16,0.5,11.14,0.050826363,0.012666552
noneq,16,0.5,11.16,0.053835268,0.016302831
noneq,16,0.5,11.18,0.050067293,0.012430034
noneq,16,0.5,11.2,0.052741343,0.014621581
noneq,16,0.5,11.22,0.055203885,0.013906302
noneq,16,0.5,11.24,0.055471333,0.013431835
noneq,16,0.5,11.26,0.050586711,0.012347735
noneq,16,0.5,11.28,0.050237621,0.012613165
noneq,16,0.5,11.3,0.045375714,0.011551929
noneq,16,0.5,11.32,0.051697161,0.013465006
noneq,16,0.5,11.34,0.051288293,0.012516165
noneq,16,0.5,11.36,0.050782668,0.011381887
noneq,16,0.5,11.38,0.051711187,0.012937206
noneq,16,0.5,11.4,0.04865635,0.011431074
noneq,16,0.5,11.42,0.053564783,0.014522476
noneq,16,0.5,11.44,0.051786041,0.01338465
noneq,16,0.5,11.46,0.052160379,0.013042543
noneq,16,0.5,11.48,0.053940941,0.01327108
noneq,16,0.5,11.5,0.052120289,0.012816676
noneq,16,0.5,11.52,0.052480081,0.012104655
noneq,16,0.5,11.54,0.051845697,0.013697009
noneq,16,0.5,11.56,0.053063174,0.013921981
noneq,16,0.5,11.58,0.050757519,0.013326064
noneq,16,0.5,11.6,0.051766074,0.014187017
noneq,16,0.5,11.62,0.051329626,0.011867249
noneq,16,0.5,11.64,0.052727925,0.013719764
noneq,16,0.5,11.66,0.052632909,0.012878263
noneq,16,0.5,11.68,0.049691189,0.011594705
noneq,16,0.5,11.7,0.050437899,0.013111939
noneq,16,0.5,11.72,0.053799845,0.011220442
noneq,16,0.5,11.74,0.053248173,0.013899342
noneq,16,0.5,11.76,0.051140893,0.012653462
noneq,16,0.5,11.78,0.051872098,0.012434502
noneq,16,0.5,11.8,0.050662389,0.013536016
noneq,16,0.5,11.82,0.053172334,0.012818943
noneq,16,0.5,11.84,0.051950496,0.012993864
noneq,16,0.5,11.86,0.047825143,0.012104094
noneq,16,0.5,11.88,0.051105151,0.014280829
noneq,16,0.5,11.9,0.051816776,0.013196932
noneq,16,0.5,11.92,0.047233745,0.011388486
noneq,16,0.5,11.94,0.049218184,0.012114021
noneq,16,0.5,11.96,0.052382266,0.013158179
noneq,16,0.5,11.98,0.047269152,0.010770589
noneq,16,0.5,12,0.053504052,0.012776512
noneq,16,0.5,12.02,0.049056649,0.012463497
noneq,16,0.5,12.04,0.054370424,0.014518196
noneq,16,0.5,12.06,0.055624158,0.013636813
noneq,16,0.5,12.08,0.052890009,0.01357361
noneq,16,0.5,12.1,0.053585503,0.013518594
noneq,16,0.5,12.12,0.050650476,0.01258869
noneq,16,0.5,12.14,0.052159658,0.01287904
noneq,16,0.5,12.16,0.053399583,0.014114302
noneq,16,0.5,12.18,0.052774699,0.013218688
noneq,16,0.5,12.2,0.054883052,0.014444442
noneq,16,0.5,12.22,0.052523342,0.01208452
noneq,16,0.5,12.24,0.050327432,0.011601767
noneq,16,0.5,12.26,0.052316401,0.012030598
noneq,16,0.5,12.28,0.048594458,0.012643749
noneq,16,0.5,12.3,0.050103186,0.01200374
noneq,16,0.5,12.32,0.049729277,0.011622198
noneq,16,0.5,12.34,0.050763253,0.012217089
noneq,16,0.5,12.36,0.050595281,0.014375238
noneq,16,0.5,12.38,0.052792682,0.012308565
noneq,16,0.5,12.4,0.056577107,0.013127277
noneq,16,0.5,12.42,0.05280711,0.014708521
noneq,16,0.5,12.44,0.050386664,0.012953658
noneq,16,0.5,12.46,0.052572126,0.011976607
noneq,16,0.5,12.48,0.050924714,0.014236494
noneq,16,0.5,12.5,0.051883643,0.011418121
noneq,16,0.5,12.52,0.04703302,0.010742394
noneq,16,0.5,12.54,0.052626317,0.014206268
noneq,16,0.5,12.56,0.051156553,0.011597848
noneq,16,0.5,12.5664,0.051321645,0.013422939
ctrl,16,0.5,0,0.04982166,
ctrl,16,0.5,0.02,0.05194534,
ctrl,16,0.5,0.04,0.04763697,
ctrl,16,0.5,0.06,0.051677218,
ctrl,16,0.5,0.08,0.051027233,
ctrl,16,0.5,0.1,0.050895965,
ctrl,16,0.5,0.12,0.055653852,
ctrl,16,0.5,0.14,0.051094317,
ctrl,16,0.5,0.16,0.049030035,
ctrl,16,0.5,0.18,0.050894742,
ctrl,16,0.5,0.2,0.052250645,
ctrl,16,0.5,0.22,0.047289708,
ctrl,16,0.5,0.24,0.053369702,
ctrl,16,0.5,0.26,0.051353671,
ctrl,16,0.5,0.28,0.055049364,
ctrl,16,0.5,0.3,0.056568964,
ctrl,16,0.5,0.32,0.052967018,
ctrl,16,0.5,0.34,0.055984437,
ctrl,16,0.5,0.36,0.053716948,
ctrl,16,0.5,0.38,0.053495679,
ctrl,16,0.5,0.4,0.053004826,
ctrl,16,0.5,0.42,0.053986635,
ctrl,16,0.5,0.44,0.053486837,
ctrl,16,0.5,0.46,0.051669728,
ctrl,16,0.5,0.48,0.054017375,
ctrl,16,0.5,0.5,0.054098191,
ctrl,16,0.5,0.52,0.055203171,
ctrl,16,0.5,0.54,0.051756333,
ctrl,16,0.5,0.56,0.051981927,
ctrl,16,0.5,0.58,0.050833186,
ctrl,16,0.5,0.6,0.051930312,
ctrl,16,0.5,0.62,0.05105624,
ctrl,16,0.5,0.64,0.050331355,
ctrl,16,0.5,0.66,0.050764221,
ctrl,16,0.5,0.68,0.051608232,
ctrl,16,0.5,0.7,0.055036026,
ctrl,16,0.5,0.72,0.057418081,
ctrl,16,0.5,0.74,0.050918246,
ctrl,16,0.5,0.76,0.054147108,
ctrl,16,0.5,0.78,0.049305383,
ctrl,16,0.5,0.8,0.05296832,
ctrl,16,0.5,0.82,0.052461238,
ctrl,16,0.5,0.84,0.048842287,
ctrl,16,0.5,0.86,0.05342922,
ctrl,16,0.5,0.88,0.050097389,
ctrl,16,0.5,0.9,0.053252332,
ctrl,16,0.5,0.92,0.051526199,
ctrl,16,0.5,0.94,0.051447892,
ctrl,16,0.5,0.96,0.053744834,
ctrl,16,0.5,0.98,0.050843495,
ctrl,16,0.5,1,0.053288674,
ctrl,16,0.5,1.02,0.046935584,
ctrl,16,0.5,1.04,0.055601558,
ctrl,16,0.5,1.06,0.054154448,
ctrl,16,0.5,1.08,0.04904856,
ctrl,16,0.5,1.1,0.053126349,
ctrl,16,0.5,1.12,0.053881734,
ctrl,16,0.5,1.14,0.051735433,
ctrl,16,0.5,1.16,0.052315548,
ctrl,16,0.5,1.18,0.049887712,
ctrl,16,0.5,1.2,0.051661271,
ctrl,16,0.5,1.22,0.05143292,
ctrl,16,0.5,1.24,0.052499405,
ctrl,16,0.5,1.26,0.05672637,
ctrl,16,0.5,1.28,0.052520715,
ctrl,16,0.5,1.3,0.053095726,
ctrl,16,0.5,1.32,0.053797487,
ctrl,16,0.5,1.34,0.054959116,
ctrl,16,0.5,1.36,0.048423106,
ctrl,16,0.5,1.38,0.052254963,
ctrl,16,0.5,1.4,0.049358239,
ctrl,16,0.5,1.42,0.047890838,
ctrl,16,0.5,1.44,0.051566082,
ctrl,16,0.5,1.46,0.050534561,
ctrl,16,0.5,1.48,0.052125695,
ctrl,16,0.5,1.5,0.051033985,
ctrl,16,0.5,1.52,0.052473306,
ctrl,16,0.5,1.54,0.051729665,
ctrl,16,0.5,1.56,0.049603482,
ctrl,16,0.5,1.58,0.05253396,
ctrl,16,0.5,1.6,0.051548553,
ctrl,16,0.5,1.62,0.055790289,
ctrl,16,0.5,1.64,0.049102681,
ctrl,16,0.5,1.66,0.054786956,
ctrl,16,0.5,1.68,0.048255985,
ctrl,16,0.5,1.7,0.053655809,
ctrl,16,0.5,1.72,0.048616695,
ctrl,16,0.5,1.74,0.053258529,
ctrl,16,0.5,1.76,0.050502562,
ctrl,16,0.5,1.78,0.053479123,
ctrl,16,0.5,1.8,0.05406824,
ctrl,16,0.5,1.82,0.052920785,
ctrl,16,0.5,1.84,0.054962193,
ctrl,16,0.5,1.86,0.049786298,
ctrl,16,0.5,1.88,0.051979848,
ctrl,16,0.5,1.9,0.050689632,
ctrl,16,0.5,1.92,0.051121269,
ctrl,16,0.5,1.94,0.051707518,
ctrl,16,0.5,1.96,0.052924554,
ctrl,16,0.5,1.98,0.050197517,
ctrl,16,0.5,2,0.04902805,
ctrl,16,0.5,2.02,0.055111559,
ctrl,16,0.5,2.04,0.051649143,
ctrl,16,0.5,2.06,0.04931394,
ctrl,16,0.5,2.08,0.052092412,
ctrl,16,0.5,2.1,0.052484635,
ctrl,16,0.5,2.12,0.050827426,
ctrl,16,0.5,2.14,0.051058496,
ctrl,16,0.5,2.16,0.051356918,
ctrl,16,0.5,2.18,0.048752426,
ctrl,16,0.5,2.2,0.049551236,
ctrl,16,0.5,2.22,0.051445134,
ctrl,16,0.5,2.24,0.053925469,
ctrl,16,0.5,2.26,0.051342793,
ctrl,16,0.5,2.28,0.050419617,
ctrl,16,0.5,2.3,0.051031176,
ctrl,16,0.5,2.32,0.051693813,
ctrl,16,0.5,2.34,0.052322598,
ctrl,16,0.5,2.36,0.050093205,
ctrl,16,0.5,2.38,0.054031973,
ctrl,16,0.5,2.4,0.049448517,
ctrl,16,0.5,2.42,0.050100907,
ctrl,16,0.5,2.44,0.049068936,
ctrl,16,0.5,2.46,0.052425984,
ctrl,16,0.5,2.48,0.051409671,
ctrl,16,0.5,2.5,0.05363518,
ctrl,16,0.5,2.52,0.05326704,
ctrl,16,0.5,2.54,0.051935658,
ctrl,16,0.5,2.56,0.053481416,
ctrl,16,0.5,2.58,0.049973018,
ctrl,16,0.5,2.6,0.054325972,
ctrl,16,0.5,2.62,0.0539434,
ctrl,16,0.5,2.64,0.050787702,
ctrl,16,0.5,2.66,0.049267858,
ctrl,16,0.5,2.68,0.050098403,
ctrl,16,0.5,2.7,0.052641527,
ctrl,16,0.5,2.72,0.053513046,
ctrl,16,0.5,2.74,0.049821428,
ctrl,16,0.5,2.76,0.052076773,
ctrl,16,0.5,2.78,0.05272667,
ctrl,16,0.5,2.8,0.056030378,
ctrl,16,0.5,2.82,0.05752416,
ctrl,16,0.5,2.84,0.054425496,
ctrl,16,0.5,2.86,0.047938633,
ctrl,16,0.5,2.88,0.049069671,
ctrl,16,0.5,2.9,0.048746805,
ctrl,16,0.5,2.92,0.053395328,
ctrl,16,0.5,2.94,0.048945831,
ctrl,16,0.5,2.96,0.055090684,
ctrl,16,0.5,2.98,0.052288938,
ctrl,16,0.5,3,0.050963039,
ctrl,16,0.5,3.02,0.049812434,
ctrl,16,0.5,3.04,0.052518524,
ctrl,16,0.5,3.06,0.051320408,
ctrl,16,0.5,3.08,0.052160454,
ctrl,16,0.5,3.1,0.046482347,
ctrl,16,0.5,3.12,0.049002233,
ctrl,16,0.5,3.14,0.053171188,
ctrl,16,0.5,3.16,0.049398284,
ctrl,16,0.5,3.18,0.051831215,
ctrl,16,0.5,3.2,0.048402847,
ctrl,16,0.5,3.22,0.050768225,
ctrl,16,0.5,3.24,0.048718205,
ctrl,16,0.5,3.26,0.050966355,
ctrl,16,0.5,3.28,0.050580618,
ctrl,16,0.5,3.3,0.048198847,
ctrl,16,0.5,3.32,0.055693512,
ctrl,16,0.5,3.34,0.049077088,
ctrl,16,0.5,3.36,0.049390403,
ctrl,16,0.5,3.38,0.050776921,
ctrl,16,0.5,3.4,0.051441631,
ctrl,16,0.5,3.42,0.053891789,
ctrl,16,0.5,3.44,0.050117235,
ctrl,16,0.5,3.46,0.050407447,
ctrl,16,0.5,3.48,0.050699002,
ctrl,16,0.5,3.5,0.056850935,
ctrl,16,0.5,3.52,0.052688533,
ctrl,16,0.5,3.54,0.052323923,
ctrl,16,0.5,3.56,0.052564743,
ctrl,16,0.5,3.58,0.052623136,
ctrl,16,0.5,3.6,0.054508662,
ctrl,16,0.5,3.62,0.051674895,
ctrl,16,0.5,3.64,0.053812157,
ctrl,16,0.5,3.66,0.049458281,
ctrl,16,0.5,3.68,0.052396089,
ctrl,16,0.5,3.7,0.049100592,
ctrl,16,0.5,3.72,0.054282747,
ctrl,16,0.5,3.74,0.051221032,
ctrl,16,0.5,3.76,0.053057274,
ctrl,16,0.5,3.78,0.050708087,
ctrl,16,0.5,3.8,0.055730442,
ctrl,16,0.5,3.82,0.052040599,
ctrl,16,0.5,3.84,0.05633034,
ctrl,16,0.5,3.86,0.053452719,
ctrl,16,0.5,3.88,0.05124133,
ctrl,16,0.5,3.9,0.054942215,
ctrl,16,0.5,3.92,0.055334934,
ctrl,16,0.5,3.94,0.050656495,
ctrl,16,0.5,3.96,0.053135822,
ctrl,16,0.5,3.98,0.055224502,
ctrl,16,0.5,4,0.053709973,
ctrl,16,0.5,4.02,0.050865906,
ctrl,16,0.5,4.04,0.052647089,
ctrl,16,0.5,4.06,0.048503778,
ctrl,16,0.5,4.08,0.052635669,
ctrl,16,0.5,4.1,0.05511561,
ctrl,16,0.5,4.12,0.04771491,
ctrl,16,0.5,4.14,0.051140622,
ctrl,16,0.5,4.16,0.049052292,
ctrl,16,0.5,4.18,0.053593028,
ctrl,16,0.5,4.2,0.052741455,
ctrl,16,0.5,4.22,0.049948635,
ctrl,16,0.5,4.24,0.049823589,
ctrl,16,0.5,4.26,0.05125236,
ctrl,16,0.5,4.28,0.049942224,
ctrl,16,0.5,4.3,0.051964104,
ctrl,16,0.5,4.32,0.048715855,
ctrl,16,0.5,4.34,0.050661505,
ctrl,16,0.5,4.36,0.053178517,
ctrl,16,0.5,4.38,0.049000425,
ctrl,16,0.5,4.4,0.052322449,
ctrl,16,0.5,4.42,0.050699339,
ctrl,16,0.5,4.44,0.051164884,
ctrl,16,0.5,4.46,0.052583019,
ctrl,16,0.5,4.48,0.051668617,
ctrl,16,0.5,4.5,0.05600122,
ctrl,16,0.5,4.52,0.052257832,
ctrl,16,0.5,4.54,0.049683399,
ctrl,16,0.5,4.56,0.053589312,
ctrl,16,0.5,4.58,0.051807478,
ctrl,16,0.5,4.6,0.054814334,
ctrl,16,0.5,4.62,0.054893919,
ctrl,16,0.5,4.64,0.051225704,
ctrl,16,0.5,4.66,0.048567731,
ctrl,16,0.5,4.68,0.051608633,
ctrl,16,0.5,4.7,0.049186435,
ctrl,16,0.5,4.72,0.055698736,
ctrl,16,0.5,4.74,0.054379771,
ctrl,16,0.5,4.76,0.055068622,
ctrl,16,0.5,4.78,0.049298062,
ctrl,16,0.5,4.8,0.052718979,
ctrl,16,0.5,4.82,0.051711075,
ctrl,16,0.5,4.84,0.052119882,
ctrl,16,0.5,4.86,0.051781133,
ctrl,16,0.5,4.88,0.056373498,
ctrl,16,0.5,4.9,0.054545458,
ctrl,16,0.5,4.92,0.052549138,
ctrl,16,0.5,4.94,0.051985151,
ctrl,16,0.5,4.96,0.050802905,
ctrl,16,0.5,4.98,0.049175051,
ctrl,16,0.5,5,0.050202819,
ctrl,16,0.5,5.02,0.053061231,
ctrl,16,0.5,5.04,0.051544934,
ctrl,16,0.5,5.06,0.052514586,
ctrl,16,0.5,5.08,0.049904785,
ctrl,16,0.5,5.1,0.053820974,
ctrl,16,0.5,5.12,0.050925825,
ctrl,16,0.5,5.14,0.049390882,
ctrl,16,0.5,5.16,0.052496334,
ctrl,16,0.5,5.18,0.055621507,
ctrl,16,0.5,5.2,0.051295525,
ctrl,16,0.5,5.22,0.048342175,
ctrl,16,0.5,5.24,0.049971385,
ctrl,16,0.5,5.26,0.047405087,
ctrl,16,0.5,5.28,0.052101777,
ctrl,16,0.5,5.3,0.049344006,
ctrl,16,0.5,5.32,0.053749827,
ctrl,16,0.5,5.34,0.046476055,
ctrl,16,0.5,5.36,0.052170543,
ctrl,16,0.5,5.38,0.055626283,
ctrl,16,0.5,5.4,0.051295712,
ctrl,16,0.5,5.42,0.050019863,
ctrl,16,0.5,5.44,0.054034842,
ctrl,16,0.5,5.46,0.060479238,
ctrl,16,0.5,5.48,0.05570659,
ctrl,16,0.5,5.5,0.052831119,
ctrl,16,0.5,5.52,0.049614563,
ctrl,16,0.5,5.54,0.053745802,
ctrl,16,0.5,5.56,0.051918353,
ctrl,16,0.5,5.58,0.052773536,
ctrl,16,0.5,5.6,0.05165343,
ctrl,16,0.5,5.62,0.052673295,
ctrl,16,0.5,5.64,0.05144595,
ctrl,16,0.5,5.66,0.051199861,
ctrl,16,0.5,5.68,0.051853364,
ctrl,16,0.5,5.7,0.056180308,
ctrl,16,0.5,5.72,0.048195423,
ctrl,16,0.5,5.74,0.049754218,
ctrl,16,0.5,5.76,0.053787133,
ctrl,16,0.5,5.78,0.054840571,
ctrl,16,0.5,5.8,0.054905052,
ctrl,16,0.5,5.82,0.05328618,
ctrl,16,0.5,5.84,0.057221246,
ctrl,16,0.5,5.86,0.050239714,
ctrl,16,0.5,5.88,0.052291665,
ctrl,16,0.5,5.9,0.051699758,
ctrl,16,0.5,5.92,0.052093131,
ctrl,16,0.5,5.94,0.051717453,
ctrl,16,0.5,5.96,0.051147504,
ctrl,16,0.5,5.98,0.050493954,
ctrl,16,0.5,6,0.049334497,
ctrl,16,0.5,6.02,0.053492542,
ctrl,16,0.5,6.04,0.056001445,
ctrl,16,0.5,6.06,0.052945072,
ctrl,16,0.5,6.08,0.052656832,
ctrl,16,0.5,6.1,0.053903823,
ctrl,16,0.5,6.12,0.053118335,
ctrl,16,0.5,6.14,0.050992886,
ctrl,16,0.5,6.16,0.049897183,
ctrl,16,0.5,6.18,0.049576239,
ctrl,16,0.5,6.2,0.051411133,
ctrl,16,0.5,6.22,0.050598638,
ctrl,16,0.5,6.24,0.049804486,
ctrl,16,0.5,6.26,0.048174935,
ctrl,16,0.5,6.28,0.051594106,
ctrl,16,0.5,6.3,0.050556585,
ctrl,16,0.5,6.32,0.048440159,
ctrl,16,0.5,6.34,0.04898425,
ctrl,16,0.5,6.36,0.052869551,
ctrl,16,0.5,6.38,0.054348533,
ctrl,16,0.5,6.4,0.050056071,
ctrl,16,0.5,6.42,0.047236656,
ctrl,16,0.5,6.44,0.052151983,
ctrl,16,0.5,6.46,0.051606815,
ctrl,16,0.5,6.48,0.05352815,
ctrl,16,0.5,6.5,0.049201083,
ctrl,16,0.5,6.52,0.052606333,
ctrl,16,0.5,6.54,0.054436763,
ctrl,16,0.5,6.56,0.053904434,
ctrl,16,0.5,6.58,0.055418809,
ctrl,16,0.5,6.6,0.052898469,
ctrl,16,0.5,6.62,0.052015562,
ctrl,16,0.5,6.64,0.056308937,
ctrl,16,0.5,6.66,0.04900095,
ctrl,16,0.5,6.68,0.054089636,
ctrl,16,0.5,6.7,0.05303604,
ctrl,16,0.5,6.72,0.052430036,
ctrl,16,0.5,6.74,0.049763466,
ctrl,16,0.5,6.76,0.04946328,
ctrl,16,0.5,6.78,0.054808481,
ctrl,16,0.5,6.8,0.052101498,
ctrl,16,0.5,6.82,0.050712802,
ctrl,16,0.5,6.84,0.051058906,
ctrl,16,0.5,6.86,0.052713178,
ctrl,16,0.5,6.88,0.050141476,
ctrl,16,0.5,6.9,0.051273503,
ctrl,16,0.5,6.92,0.054176838,
ctrl,16,0.5,6.94,0.05342256,
ctrl,16,0.5,6.96,0.050081102,
ctrl,16,0.5,6.98,0.056548746,
ctrl,16,0.5,7,0.053431945,
ctrl,16,0.5,7.02,0.052218061,
ctrl,16,0.5,7.04,0.052784635,
ctrl,16,0.5,7.06,0.0535309,
ctrl,16,0.5,7.08,0.050972952,
ctrl,16,0.5,7.1,0.053626924,
ctrl,16,0.5,7.12,0.050119855,
ctrl,16,0.5,7.14,0.051036377,
ctrl,16,0.5,7.16,0.052880903,
ctrl,16,0.5,7.18,0.051891694,
ctrl,16,0.5,7.2,0.050960861,
ctrl,16,0.5,7.22,0.053369193,
ctrl,16,0.5,7.24,0.053820039,
ctrl,16,0.5,7.26,0.049996033,
ctrl,16,0.5,7.28,0.052682797,
ctrl,16,0.5,7.3,0.05191597,
ctrl,16,0.5,7.32,0.04964272,
ctrl,16,0.5,7.34,0.052132818,
ctrl,16,0.5,7.36,0.050850516,
ctrl,16,0.5,7.38,0.05461892,
ctrl,16,0.5,7.4,0.048639633,
ctrl,16,0.5,7.42,0.049516321,
ctrl,16,0.5,7.44,0.052507697,
ctrl,16,0.5,7.46,0.056193982,
ctrl,16,0.5,7.48,0.049825251,
ctrl,16,0.5,7.5,0.051882755,
ctrl,16,0.5,7.52,0.047690169,
ctrl,16,0.5,7.54,0.05306903,
ctrl,16,0.5,7.56,0.052113902,
ctrl,16,0.5,7.58,0.049496498,
ctrl,16,0.5,7.6,0.050572131,
ctrl,16,0.5,7.62,0.050568416,
ctrl,16,0.5,7.64,0.057482851,
ctrl,16,0.5,7.66,0.053276842,
ctrl,16,0.5,7.68,0.05432054,
ctrl,16,0.5,7.7,0.051488629,
ctrl,16,0.5,7.72,0.051740561,
ctrl,16,0.5,7.74,0.05322873,
ctrl,16,0.5,7.76,0.052590595,
ctrl,16,0.5,7.78,0.054038703,
ctrl,16,0.5,7.8,0.050991355,
ctrl,16,0.5,7.82,0.053051814,
ctrl,16,0.5,7.84,0.056118653,
ctrl,16,0.5,7.86,0.050755055,
ctrl,16,0.5,7.88,0.051516729,
ctrl,16,0.5,7.9,0.052961504,
ctrl,16,0.5,7.92,0.052317852,
ctrl,16,0.5,7.94,0.049740574,
ctrl,16,0.5,7.96,0.052092411,
ctrl,16,0.5,7.98,0.055017969,
ctrl,16,0.5,8,0.051789645,
ctrl,16,0.5,8.02,0.04976216,
ctrl,16,0.5,8.04,0.052473399,
ctrl,16,0.5,8.06,0.050710628,
ctrl,16,0.5,8.08,0.050654075,
ctrl,16,0.5,8.1,0.053326307,
ctrl,16,0.5,8.12,0.050589199,
ctrl,16,0.5,8.14,0.052343994,
ctrl,16,0.5,8.16,0.054345266,
ctrl,16,0.5,8.18,0.051290249,
ctrl,16,0.5,8.2,0.053002916,
ctrl,16,0.5,8.22,0.050960272,
ctrl,16,0.5,8.24,0.048842076,
ctrl,16,0.5,8.26,0.048798676,
ctrl,16,0.5,8.28,0.051654494,
ctrl,16,0.5,8.3,0.05036377,
ctrl,16,0.5,8.32,0.054882203,
ctrl,16,0.5,8.34,0.052636536,
ctrl,16,0.5,8.36,0.054816495,
ctrl,16,0.5,8.38,0.052160732,
ctrl,16,0.5,8.4,0.053026013,
ctrl,16,0.5,8.42,0.051450766,
ctrl,16,0.5,8.44,0.052726137,
ctrl,16,0.5,8.46,0.052064503,
ctrl,16,0.5,8.48,0.052789158,
ctrl,16,0.5,8.5,0.050389653,
ctrl,16,0.5,8.52,0.052976661,
ctrl,16,0.5,8.54,0.050004362,
ctrl,16,0.5,8.56,0.052654257,
ctrl,16,0.5,8.58,0.055935409,
ctrl,16,0.5,8.6,0.054546174,
ctrl,16,0.5,8.62,0.05002467,
ctrl,16,0.5,8.64,0.05079568,
ctrl,16,0.5,8.66,0.051866048,
ctrl,16,0.5,8.68,0.051459125,
ctrl,16,0.5,8.7,0.053133265,
ctrl,16,0.5,8.72,0.052473473,
ctrl,16,0.5,8.74,0.054403389,
ctrl,16,0.5,8.76,0.051379843,
ctrl,16,0.5,8.78,0.054144762,
ctrl,16,0.5,8.8,0.050953801,
ctrl,16,0.5,8.82,0.054220666,
ctrl,16,0.5,8.84,0.052561891,
ctrl,16,0.5,8.86,0.055254066,
ctrl,16,0.5,8.88,0.050012046,
ctrl,16,0.5,8.9,0.048974296,
ctrl,16,0.5,8.92,0.050728856,
ctrl,16,0.5,8.94,0.052442374,
ctrl,16,0.5,8.96,0.04953076,
ctrl,16,0.5,8.98,0.050497372,
ctrl,16,0.5,9,0.05214229,
ctrl,16,0.5,9.02,0.054668349,
ctrl,16,0.5,9.04,0.052936222,
ctrl,16,0.5,9.06,0.054662767,
ctrl,16,0.5,9.08,0.053191201,
ctrl,16,0.5,9.1,0.053311315,
ctrl,16,0.5,9.12,0.049682744,
ctrl,16,0.5,9.14,0.049296821,
ctrl,16,0.5,9.16,0.05390168,
ctrl,16,0.5,9.18,0.050301801,
ctrl,16,0.5,9.2,0.050765508,
ctrl,16,0.5,9.22,0.055406427,
ctrl,16,0.5,9.24,0.048257513,
ctrl,16,0.5,9.26,0.049487268,
ctrl,16,0.5,9.28,0.052532923,
ctrl,16,0.5,9.3,0.054001921,
ctrl,16,0.5,9.32,0.051207047,
ctrl,16,0.5,9.34,0.052948723,
ctrl,16,0.5,9.36,0.04923526,
ctrl,16,0.5,9.38,0.048665089,
ctrl,16,0.5,9.4,0.055185087,
ctrl,16,0.5,9.42,0.047573906,
ctrl,16,0.5,9.44,0.046885499,
ctrl,16,0.5,9.46,0.048739269,
ctrl,16,0.5,9.48,0.050942124,
ctrl,16,0.5,9.5,0.050228499,
ctrl,16,0.5,9.52,0.049552609,
ctrl,16,0.5,9.54,0.048613851,
ctrl,16,0.5,9.56,0.051066001,
ctrl,16,0.5,9.58,0.047602826,
ctrl,16,0.5,9.6,0.049329058,
ctrl,16,0.5,9.62,0.048845225,
ctrl,16,0.5,9.64,0.047339455,
ctrl,16,0.5,9.66,0.050616157,
ctrl,16,0.5,9.68,0.048958317,
ctrl,16,0.5,9.7,0.049830938,
ctrl,16,0.5,9.72,0.04955446,
ctrl,16,0.5,9.74,0.053799919,
ctrl,16,0.5,9.76,0.052970281,
ctrl,16,0.5,9.78,0.051626218,
ctrl,16,0.5,9.8,0.05543449,
ctrl,16,0.5,9.82,0.052272887,
ctrl,16,0.5,9.84,0.051060439,
ctrl,16,0.5,9.86,0.053211264,
ctrl,16,0.5,9.88,0.056162376,
ctrl,16,0.5,9.9,0.053627434,
ctrl,16,0.5,9.92,0.055542134,
ctrl,16,0.5,9.94,0.051360754,
ctrl,16,0.5,9.96,0.053086535,
ctrl,16,0.5,9.98,0.050768172,
ctrl,16,0.5,10,0.052103483,
ctrl,16,0.5,10.02,0.049484523,
ctrl,16,0.5,10.04,0.053342391,
ctrl,16,0.5,10.06,0.048955903,
ctrl,16,0.5,10.08,0.049426013,
ctrl,16,0.5,10.1,0.054833952,
ctrl,16,0.5,10.12,0.050621922,
ctrl,16,0.5,10.14,0.054065632,
ctrl,16,0.5,10.16,0.056509967,
ctrl,16,0.5,10.18,0.051945043,
ctrl,16,0.5,10.2,0.048515205,
ctrl,16,0.5,10.22,0.046842373,
ctrl,16,0.5,10.24,0.05131704,
ctrl,16,0.5,10.26,0.050060844,
ctrl,16,0.5,10.28,0.054179357,
ctrl,16,0.5,10.3,0.052830392,
ctrl,16,0.5,10.32,0.051350996,
ctrl,16,0.5,10.34,0.049539129,
ctrl,16,0.5,10.36,0.050321434,
ctrl,16,0.5,10.38,0.051061196,
ctrl,16,0.5,10.4,0.053630502,
ctrl,16,0.5,10.42,0.05027215,
ctrl,16,0.5,10.44,0.050476776,
ctrl,16,0.5,10.46,0.053040567,
ctrl,16,0.5,10.48,0.049951475,
ctrl,16,0.5,10.5,0.053447111,
ctrl,16,0.5,10.52,0.051169771,
ctrl,16,0.5,10.54,0.050819955,
ctrl,16,0.5,10.56,0.052607981,
ctrl,16,0.5,10.58,0.051657491,
ctrl,16,0.5,10.6,0.053334518,
ctrl,16,0.5,10.62,0.050427001,
ctrl,16,0.5,10.64,0.050724883,
ctrl,16,0.5,10.66,0.050045648,
ctrl,16,0.5,10.68,0.050825115,
ctrl,16,0.5,10.7,0.047066353,
ctrl,16,0.5,10.72,0.052726924,
ctrl,16,0.5,10.74,0.049488973,
ctrl,16,0.5,10.76,0.050870036,
ctrl,16,0.5,10.78,0.051846671,
ctrl,16,0.5,10.8,0.050234996,
ctrl,16,0.5,10.82,0.05189432,
ctrl,16,0.5,10.84,0.051466656,
ctrl,16,0.5,10.86,0.057433849,
ctrl,16,0.5,10.88,0.054449231,
ctrl,16,0.5,10.9,0.053355752,
ctrl,16,0.5,10.92,0.054835153,
ctrl,16,0.5,10.94,0.04928192,
ctrl,16,0.5,10.96,0.054707756,
ctrl,16,0.5,10.98,0.049252805,
ctrl,16,0.5,11,0.053229027,
ctrl,16,0.5,11.02,0.048322322,
ctrl,16,0.5,11.04,0.050937771,
ctrl,16,0.5,11.06,0.050396122,
ctrl,16,0.5,11.08,0.055609385,
ctrl,16,0.5,11.1,0.05075347,
ctrl,16,0.5,11.12,0.053084218,
ctrl,16,0.5,11.14,0.049958198,
ctrl,16,0.5,11.16,0.052232204,
ctrl,16,0.5,11.18,0.05193023,
ctrl,16,0.5,11.2,0.048138783,
ctrl,16,0.5,11.22,0.053037057,
ctrl,16,0.5,11.24,0.051148421,
ctrl,16,0.5,11.26,0.051690952,
ctrl,16,0.5,11.28,0.051317594,
ctrl,16,0.5,11.3,0.056697494,
ctrl,16,0.5,11.32,0.04957689,
ctrl,16,0.5,11.34,0.05296172,
ctrl,16,0.5,11.36,0.053663371,
ctrl,16,0.5,11.38,0.052698336,
ctrl,16,0.5,11.4,0.050396798,
ctrl,16,0.5,11.42,0.054872536,
ctrl,16,0.5,11.44,0.051203704,
ctrl,16,0.5,11.46,0.052476139,
ctrl,16,0.5,11.48,0.052551519,
ctrl,16,0.5,11.5,0.04991815,
ctrl,16,0.5,11.52,0.048905969,
ctrl,16,0.5,11.54,0.046394559,
ctrl,16,0.5,11.56,0.050185042,
ctrl,16,0.5,11.58,0.053738703,
ctrl,16,0.5,11.6,0.052671688,
ctrl,16,0.5,11.62,0.050269476,
ctrl,16,0.5,11.64,0.050161803,
ctrl,16,0.5,11.66,0.049683689,
ctrl,16,0.5,11.68,0.052772573,
ctrl,16,0.5,11.7,0.052465063,
ctrl,16,0.5,11.72,0.053046499,
ctrl,16,0.5,11.74,0.049279196,
ctrl,16,0.5,11.76,0.052358042,
ctrl,16,0.5,11.78,0.048093602,
ctrl,16,0.5,11.8,0.05165807,
ctrl,16,0.5,11.82,0.050069246,
ctrl,16,0.5,11.84,0.048079013,
ctrl,16,0.5,11.86,0.050896835,
ctrl,16,0.5,11.88,0.049479635,
ctrl,16,0.5,11.9,0.049122821,
ctrl,16,0.5,11.92,0.048571329,
ctrl,16,0.5,11.94,0.049714021,
ctrl,16,0.5,11.96,0.054053769,
ctrl,16,0.5,11.98,0.05388111,
ctrl,16,0.5,12,0.051283233,
ctrl,16,0.5,12.02,0.050917685,
ctrl,16,0.5,12.04,0.04588663,
ctrl,16,0.5,12.06,0.04823334,
ctrl,16,0.5,12.08,0.045304532,
ctrl,16,0.5,12.1,0.052179716,
ctrl,16,0.5,12.12,0.052009386,
ctrl,16,0.5,12.14,0.047986951,
ctrl,16,0.5,12.16,0.051218545,
ctrl,16,0.5,12.18,0.053059257,
ctrl,16,0.5,12.2,0.053361999,
ctrl,16,0.5,12.22,0.056573455,
ctrl,16,0.5,12.24,0.053519448,
ctrl,16,0.5,12.26,0.054479695,
ctrl,16,0.5,12.28,0.053214538,
ctrl,16,0.5,12.3,0.050038748,
ctrl,16,0.5,12.32,0.051695248,
ctrl,16,0.5,12.34,0.051655816,
ctrl,16,0.5,12.36,0.052469772,
ctrl,16,0.5,12.38,0.051287988,
ctrl,16,0.5,12.4,0.049497719,
ctrl,16,0.5,12.42,0.050881,
ctrl,16,0.5,12.44,0.050199229,
ctrl,16,0.5,12.46,0.052725882,
ctrl,16,0.5,12.48,0.052476493,
ctrl,16,0.5,12.5,0.047760529,
ctrl,16,0.5,12.52,0.051191134,
ctrl,16,0.5,12.54,0.051722014,
ctrl,16,0.5,12.56,0.054963018,
ctrl,16,0.5,12.5664,0.049068881,
noneq,16,1.0,0,0.56777678,0.47366038
noneq,16,1.0,0.02,0.27658154,0.23272036
noneq,16,1.0,0.04,0.21138674,0.1715278
noneq,16,1.0,0.06,0.17149952,0.13105197
noneq,16,1.0,0.08,0.1407909,0.10347363
noneq,16,1.0,0.1,0.1221701,0.081767647
noneq,16,1.0,0.12,0.10316477,0.063785528
noneq,16,1.0,0.14,0.088656661,0.053804311
noneq,16,1.0,0.16,0.085203582,0.044583692
noneq,16,1.0,0.18,0.073491897,0.035828913
noneq,16,1.0,0.2,0.0718945,0.034756314
noneq,16,1.0,0.22,0.0679221,0.026883925
noneq,16,1.0,0.24,0.06520606,0.026946612
noneq,16,1.0,0.26,0.064278361,0.024835304
noneq,16,1.0,0.28,0.063901934,0.023285116
noneq,16,1.0,0.3,0.06220895,0.02203052
noneq,16,1.0,0.32,0.05907644,0.020666219
noneq,16,1.0,0.34,0.056649693,0.018702532
noneq,16,1.0,0.36,0.058557271,0.019461363
noneq,16,1.0,0.38,0.056109477,0.016385582
noneq,16,1.0,0.4,0.05332317,0.0159811
noneq,16,1.0,0.42,0.054003009,0.017337489
noneq,16,1.0,0.44,0.055747132,0.018149913
noneq,16,1.0,0.46,0.054179733,0.016023851
noneq,16,1.0,0.48,0.056719782,0.015645696
noneq,16,1.0,0.5,0.056739054,0.015734554
noneq,16,1.0,0.52,0.055341187,0.017637489
noneq,16,1.0,0.54,0.055838775,0.015200916
noneq,16,1.0,0.56,0.055100753,0.016938835
noneq,16,1.0,0.58,0.051325627,0.012910845
noneq,16,1.0,0.6,0.054438098,0.015866999
noneq,16,1.0,0.62,0.05794827,0.017662249
noneq,16,1.0,0.64,0.055308469,0.015198387
noneq,16,1.0,0.66,0.05111765,0.013434237
noneq,16,1.0,0.68,0.053763169,0.012386879
noneq,16,1.0,0.7,0.052316374,0.011877321
noneq,16,1.0,0.72,0.053283927,0.01519481
noneq,16,1.0,0.74,0.051454501,0.013946137
noneq,16,1.0,0.76,0.054791428,0.016148989
noneq,16,1.0,0.78,0.051238166,0.014117709
noneq,16,1.0,0.8,0.054310438,0.013948071
noneq,16,1.0,0.82,0.053837301,0.013975703
noneq,16,1.0,0.84,0.053191249,0.015593295
noneq,16,1.0,0.86,0.055191953,0.014514938
noneq,16,1.0,0.88,0.050989805,0.012211378
noneq,16,1.0,0.9,0.053288503,0.012619304
noneq,16,1.0,0.92,0.054940233,0.015208999
noneq,16,1.0,0.94,0.053817416,0.015524392
noneq,16,1.0,0.96,0.053442929,0.012762104
noneq,16,1.0,0.98,0.05889965,0.01499041
noneq,16,1.0,1,0.051121424,0.01403745
noneq,16,1.0,1.02,0.053414025,0.013935264
noneq,16,1.0,1.04,0.050091222,0.0125166
noneq,16,1.0,1.06,0.04942838,0.01360554
noneq,16,1.0,1.08,0.050955608,0.01500236
noneq,16,1.0,1.1,0.0484429,0.01294869
noneq,16,1.0,1.12,0.053499362,0.013646682
noneq,16,1.0,1.14,0.052550862,0.012837278
noneq,16,1.0,1.16,0.050374707,0.012810354
noneq,16,1.0,1.18,0.051860861,0.014727272
noneq,16,1.0,1.2,0.054659279,0.014214872
noneq,16,1.0,1.22,0.054252915,0.017228259
noneq,16,1.0,1.24,0.049776796,0.011066259
noneq,16,1.0,1.26,0.051955498,0.014977748
noneq,16,1.0,1.28,0.05280523,0.012693494
noneq,16,1.0,1.3,0.055147818,0.014097812
noneq,16,1.0,1.32,0.051993286,0.014444414
noneq,16,1.0,1.34,0.050736876,0.013163298
noneq,16,1.0,1.36,0.054272168,0.013775886
noneq,16,1.0,1.38,0.050005539,0.012303858
noneq,16,1.0,1.4,0.050540067,0.012137297
noneq,16,1.0,1.42,0.053864359,0.013790942
noneq,16,1.0,1.44,0.050664257,0.011188654
noneq,16,1.0,1.46,0.054290489,0.014692672
noneq,16,1.0,1.48,0.053037307,0.012596329
noneq,16,1.0,1.5,0.049013417,0.014780744
noneq,16,1.0,1.52,0.057554331,0.013678241
noneq,16,1.0,1.54,0.054587985,0.014261729
noneq,16,1.0,1.56,0.054480039,0.014276788
noneq,16,1.0,1.58,0.054600406,0.013973166
noneq,16,1.0,1.6,0.053180477,0.015047545
noneq,16,1.0,1.62,0.053852528,0.013781247
noneq,16,1.0,1.64,0.055426418,0.015530471
noneq,16,1.0,1.66,0.051172471,0.013532657
noneq,16,1.0,1.68,0.05270423,0.013026977
noneq,16,1.0,1.7,0.051584927,0.015117588
noneq,16,1.0,1.72,0.05151584,0.014252775
noneq,16,1.0,1.74,0.056171172,0.014511034
noneq,16,1.0,1.76,0.051551912,0.013040229
noneq,16,1.0,1.78,0.052764579,0.013752921
noneq,16,1.0,1.8,0.050600511,0.012228902
noneq,16,1.0,1.82,0.049189561,0.012491191
noneq,16,1.0,1.84,0.055556426,0.015403867
noneq,16,1.0,1.86,0.050641978,0.013334278
noneq,16,1.0,1.88,0.051888231,0.013250168
noneq,16,1.0,1.9,0.0534695,0.013157557
noneq,16,1.0,1.92,0.052295195,0.014699831
noneq,16,1.0,1.94,0.05118694,0.013639486
noneq,16,1.0,1.96,0.055492911,0.013556871
noneq,16,1.0,1.98,0.052909549,0.013104324
noneq,16,1.0,2,0.052495123,0.012422332
noneq,16,1.0,2.02,0.055287914,0.017327424
noneq,16,1.0,2.04,0.056362885,0.015342581
noneq,16,1.0,2.06,0.053182781,0.014449942
noneq,16,1.0,2.08,0.049644341,0.012727744
noneq,16,1.0,2.1,0.055352988,0.014142598
noneq,16,1.0,2.12,0.049953244,0.012819308
noneq,16,1.0,2.14,0.050332266,0.012633787
noneq,16,1.0,2.16,0.052219052,0.01227149
noneq,16,1.0,2.18,0.049560531,0.013408727
noneq,16,1.0,2.2,0.054367066,0.012855365
noneq,16,1.0,2.22,0.049445553,0.012268976
noneq,16,1.0,2.24,0.050166151,0.012608006
noneq,16,1.0,2.26,0.050631942,0.013327887
noneq,16,1.0,2.28,0.055843676,0.014764779
noneq,16,1.0,2.3,0.05457669,0.013405193
noneq,16,1.0,2.32,0.055164477,0.01656994
noneq,16,1.0,2.34,0.05369189,0.01330079
noneq,16,1.0,2.36,0.051542756,0.011627714
noneq,16,1.0,2.38,0.048791187,0.011931374
noneq,16,1.0,2.4,0.053313757,0.013576915
noneq,16,1.0,2.42,0.054291702,0.013132904
noneq,16,1.0,2.44,0.048353533,0.012520638
noneq,16,1.0,2.46,0.048301393,0.010816447
noneq,16,1.0,2.48,0.050637559,0.012269176
noneq,16,1.0,2.5,0.055137949,0.014684846
noneq,16,1.0,2.52,0.054957591,0.014003079
noneq,16,1.0,2.54,0.053683691,0.012669726
noneq,16,1.0,2.56,0.057727258,0.013243114
noneq,16,1.0,2.58,0.054512129,0.013723296
noneq,16,1.0,2.6,0.050973284,0.01170819
noneq,16,1.0,2.62,0.052395743,0.012828334
noneq,16,1.0,2.64,0.052074131,0.013448228
noneq,16,1.0,2.66,0.051108193,0.01270314
noneq,16,1.0,2.68,0.0574568,0.013805402
noneq,16,1.0,2.7,0.053651436,0.01249053
noneq,16,1.0,2.72,0.052054725,0.011457825
noneq,16,1.0,2.74,0.051945662,0.013657189
noneq,16,1.0,2.76,0.054260356,0.012017025
noneq,16,1.0,2.78,0.052184245,0.011324181
noneq,16,1.0,2.8,0.05366046,0.01322792
noneq,16,1.0,2.82,0.049673462,0.01263285
noneq,16,1.0,2.84,0.051505031,0.01411103
noneq,16,1.0,2.86,0.053518153,0.014180067
noneq,16,1.0,2.88,0.053429412,0.01425192
noneq,16,1.0,2.9,0.054878302,0.015983817
noneq,16,1.0,2.92,0.052493249,0.012967503
noneq,16,1.0,2.94,0.049607861,0.012258896
noneq,16,1.0,2.96,0.053718757,0.013298917
noneq,16,1.0,2.98,0.050243727,0.012674694
noneq,16,1.0,3,0.051666977,0.013390498
noneq,16,1.0,3.02,0.048888989,0.012020837
noneq,16,1.0,3.04,0.051133968,0.010697513
noneq,16,1.0,3.06,0.049556064,0.013658758
noneq,16,1.0,3.08,0.051256225,0.014097582
noneq,16,1.0,3.1,0.049389835,0.011526629
noneq,16,1.0,3.12,0.053977957,0.014209236
noneq,16,1.0,3.14,0.048978233,0.012186234
noneq,16,1.0,3.16,0.050072785,0.013279059
noneq,16,1.0,3.18,0.052167113,0.013536997
noneq,16,1.0,3.2,0.049646652,0.011922961
noneq,16,1.0,3.22,0.049854743,0.014405317
noneq,16,1.0,3.24,0.054181204,0.013584184
noneq,16,1.0,3.26,0.047743852,0.012088501
noneq,16,1.0,3.28,0.050305327,0.01322182
noneq,16,1.0,3.3,0.053070808,0.013994309
noneq,16,1.0,3.32,0.049908472,0.012936957
noneq,16,1.0,3.34,0.049888426,0.012409619
noneq,16,1.0,3.36,0.048450938,0.011096772
noneq,16,1.0,3.38,0.048847464,0.014745669
noneq,16,1.0,3.4,0.050513096,0.01247602
noneq,16,1.0,3.42,0.054137488,0.013328518
noneq,16,1.0,3.44,0.05476721,0.01452187
noneq,16,1.0,3.46,0.055290554,0.015843792
noneq,16,1.0,3.48,0.05390801,0.013632315
noneq,16,1.0,3.5,0.05455006,0.013281157
noneq,16,1.0,3.52,0.052255846,0.014010572
noneq,16,1.0,3.54,0.051861641,0.014695513
noneq,16,1.0,3.56,0.055939914,0.014806201
noneq,16,1.0,3.58,0.0545267,0.014500432
noneq,16,1.0,3.6,0.056126777,0.014260882
noneq,16,1.0,3.62,0.052055005,0.015350847
noneq,16,1.0,3.64,0.052629413,0.012849442
noneq,16,1.0,3.66,0.049955383,0.011083997
noneq,16,1.0,3.68,0.055384843,0.01434002
noneq,16,1.0,3.7,0.052814569,0.014277416
noneq,16,1.0,3.72,0.051875759,0.012708245
noneq,16,1.0,3.74,0.053448578,0.012860712
noneq,16,1.0,3.76,0.048769845,0.010804518
noneq,16,1.0,3.78,0.051531548,0.013461489
noneq,16,1.0,3.8,0.053210514,0.012168095
noneq,16,1.0,3.82,0.053176515,0.012574757
noneq,16,1.0,3.84,0.050844749,0.012453624
noneq,16,1.0,3.86,0.053383447,0.013465165
noneq,16,1.0,3.88,0.05315598,0.013258743
noneq,16,1.0,3.9,0.053612997,0.014634855
noneq,16,1.0,3.92,0.051178272,0.012839169
noneq,16,1.0,3.94,0.049127825,0.013036898
noneq,16,1.0,3.96,0.053371399,0.01363732
noneq,16,1.0,3.98,0.049927311,0.011777807
noneq,16,1.0,4,0.052401995,0.012158381
noneq,16,1.0,4.02,0.049248593,0.012510387
noneq,16,1.0,4.04,0.056291325,0.016129489
noneq,16,1.0,4.06,0.049271704,0.013457197
noneq,16,1.0,4.08,0.049717948,0.014536117
noneq,16,1.0,4.1,0.05002083,0.013063749
noneq,16,1.0,4.12,0.049399231,0.011619658
noneq,16,1.0,4.14,0.051900461,0.011261513
noneq,16,1.0,4.16,0.049765905,0.014285145
noneq,16,1.0,4.18,0.05394219,0.013597724
noneq,16,1.0,4.2,0.051811094,0.014217867
noneq,16,1.0,4.22,0.051062169,0.013310276
noneq,16,1.0,4.24,0.051420706,0.012389389
noneq,16,1.0,4.26,0.051317395,0.013247796
noneq,16,1.0,4.28,0.050379722,0.014073866
noneq,16,1.0,4.3,0.0522917,0.015398642
noneq,16,1.0,4.32,0.048264511,0.011500952
noneq,16,1.0,4.34,0.050633466,0.012349291
noneq,16,1.0,4.36,0.051955775,0.014516401
noneq,16,1.0,4.38,0.047068875,0.010357816
noneq,16,1.0,4.4,0.051320076,0.011705609
noneq,16,1.0,4.42,0.055435706,0.01323292
noneq,16,1.0,4.44,0.054753155,0.012556989
noneq,16,1.0,4.46,0.048781974,0.010824151
noneq,16,1.0,4.48,0.052546418,0.013212678
noneq,16,1.0,4.5,0.052017287,0.013296162
noneq,16,1.0,4.52,0.052849352,0.012564362
noneq,16,1.0,4.54,0.054919515,0.014380168
noneq,16,1.0,4.56,0.054713203,0.014273337
noneq,16,1.0,4.58,0.049110353,0.011709702
noneq,16,1.0,4.6,0.051271038,0.012402221
noneq,16,1.0,4.62,0.051611139,0.013544736
noneq,16,1.0,4.64,0.053001018,0.0151427
noneq,16,1.0,4.66,0.05128438,0.011708329
noneq,16,1.0,4.68,0.056431931,0.014658164
noneq,16,1.0,4.7,0.048951081,0.013311935
noneq,16,1.0,4.72,0.058392048,0.013091904
noneq,16,1.0,4.74,0.051088736,0.012492178
noneq,16,1.0,4.76,0.053777434,0.014452012
noneq,16,1.0,4.78,0.050247014,0.01359903
noneq,16,1.0,4.8,0.053574417,0.013666122
noneq,16,1.0,4.82,0.048017821,0.013076921
noneq,16,1.0,4.84,0.053413014,0.013512882
noneq,16,1.0,4.86,0.049444577,0.014091695
noneq,16,1.0,4.88,0.051449209,0.01025925
noneq,16,1.0,4.9,0.049133396,0.01250298
noneq,16,1.0,4.92,0.053994061,0.014036646
noneq,16,1.0,4.94,0.05045957,0.010380401
noneq,16,1.0,4.96,0.053579207,0.014316159
noneq,16,1.0,4.98,0.050895926,0.012725886
noneq,16,1.0,5,0.052900885,0.01255596
noneq,16,1.0,5.02,0.048672779,0.01283236
noneq,16,1.0,5.04,0.055109594,0.014795249
noneq,16,1.0,5.06,0.05019179,0.01179887
noneq,16,1.0,5.08,0.050216226,0.013491919
noneq,16,1.0,5.1,0.051597034,0.011775567
noneq,16,1.0,5.12,0.050936988,0.01145435
noneq,16,1.0,5.14,0.048197179,0.013924356
noneq,16,1.0,5.16,0.052765737,0.012861654
noneq,16,1.0,5.18,0.054008852,0.016370026
noneq,16,1.0,5.2,0.04809019,0.01280982
noneq,16,1.0,5.22,0.053063006,0.013590132
noneq,16,1.0,5.24,0.047976973,0.013597427
noneq,16,1.0,5.26,0.050689761,0.011874536
noneq,16,1.0,5.28,0.04755824,0.013323834
noneq,16,1.0,5.3,0.05037733,0.012537207
noneq,16,1.0,5.32,0.052895284,0.014589028
noneq,16,1.0,5.34,0.053755602,0.012015023
noneq,16,1.0,5.36,0.052677795,0.01291187
noneq,16,1.0,5.38,0.049669246,0.011376254
noneq,16,1.0,5.4,0.052209,0.012706323
noneq,16,1.0,5.42,0.056812713,0.014034317
noneq,16,1.0,5.44,0.049374255,0.013148463
noneq,16,1.0,5.46,0.049005067,0.013440805
noneq,16,1.0,5.48,0.050705507,0.010414597
noneq,16,1.0,5.5,0.05164067,0.013223061
noneq,16,1.0,5.52,0.051609097,0.013683822
noneq,16,1.0,5.54,0.05002419,0.014098531
noneq,16,1.0,5.56,0.051482992,0.012597072
noneq,16,1.0,5.58,0.047305961,0.012115468
noneq,16,1.0,5.6,0.051242695,0.014556131
noneq,16,1.0,5.62,0.054940755,0.012217166
noneq,16,1.0,5.64,0.052257513,0.014339683
noneq,16,1.0,5.66,0.052691594,0.01392541
noneq,16,1.0,5.68,0.051305299,0.012967496
noneq,16,1.0,5.7,0.050548055,0.010857041
noneq,16,1.0,5.72,0.052599235,0.012614853
noneq,16,1.0,5.74,0.054307434,0.012547482
noneq,16,1.0,5.76,0.049846437,0.01261006
noneq,16,1.0,5.78,0.052993598,0.012897455
noneq,16,1.0,5.8,0.053223871,0.013632661
noneq,16,1.0,5.82,0.052024022,0.016253993
noneq,16,1.0,5.84,0.054214929,0.014071426
noneq,16,1.0,5.86,0.052103777,0.012714693
noneq,16,1.0,5.88,0.049528085,0.012847695
noneq,16,1.0,5.9,0.052683284,0.012109398
noneq,16,1.0,5.92,0.052736677,0.013094961
noneq,16,1.0,5.94,0.051202254,0.012231025
noneq,16,1.0,5.96,0.052414843,0.01177017
noneq,16,1.0,5.98,0.053605062,0.013994696
noneq,16,1.0,6,0.04781905,0.013224705
noneq,16,1.0,6.02,0.051890915,0.013420535
noneq,16,1.0,6.04,0.052203107,0.014611027
noneq,16,1.0,6.06,0.047429354,0.01160213
noneq,16,1.0,6.08,0.052970729,0.014007482
noneq,16,1.0,6.1,0.049060981,0.011433643
noneq,16,1.0,6.12,0.052341608,0.014560814
noneq,16,1.0,6.14,0.050820795,0.012231729
noneq,16,1.0,6.16,0.050925217,0.012147157
noneq,16,1.0,6.18,0.052398258,0.012857363
noneq,16,1.0,6.2,0.050501661,0.013551082
noneq,16,1.0,6.22,0.048166723,0.011368613
noneq,16,1.0,6.24,0.052083697,0.012902818
noneq,16,1.0,6.26,0.051922209,0.013485803
noneq,16,1.0,6.28,0.048115608,0.011744722
noneq,16,1.0,6.3,0.053266914,0.014031789
noneq,16,1.0,6.32,0.051911528,0.014516566
noneq,16,1.0,6.34,0.05210924,0.014216528
noneq,16,1.0,6.36,0.052328713,0.013345519
noneq,16,1.0,6.38,0.050709697,0.012766492
noneq,16,1.0,6.4,0.054441218,0.013547601
noneq,16,1.0,6.42,0.055566838,0.01581361
noneq,16,1.0,6.44,0.052177705,0.013090332
noneq,16,1.0,6.46,0.053497681,0.016324229
noneq,16,1.0,6.48,0.053868987,0.015206426
noneq,16,1.0,6.5,0.049804172,0.012564086
noneq,16,1.0,6.52,0.05153315,0.011050303
noneq,16,1.0,6.54,0.051417543,0.01193
noneq,16,1.0,6.56,0.052110031,0.014046433
noneq,16,1.0,6.58,0.053944837,0.012441365
noneq,16,1.0,6.6,0.054622221,0.013617605
noneq,16,1.0,6.62,0.049017834,0.011918061
noneq,16,1.0,6.64,0.054490698,0.013134
noneq,16,1.0,6.66,0.05272302,0.014009634
noneq,16,1.0,6.68,0.053017882,0.013470501
noneq,16,1.0,6.7,0.049864749,0.011977692
noneq,16,1.0,6.72,0.049862112,0.011591195
noneq,16,1.0,6.74,0.051207144,0.014610689
noneq,16,1.0,6.76,0.050034527,0.013657501
noneq,16,1.0,6.78,0.051333802,0.011887246
noneq,16,1.0,6.8,0.047738761,0.011953101
noneq,16,1.0,6.82,0.051805865,0.013205191
noneq,16,1.0,6.84,0.055100578,0.016218024
noneq,16,1.0,6.86,0.05621404,0.013833297
noneq,16,1.0,6.88,0.054505488,0.013237993
noneq,16,1.0,6.9,0.053349402,0.011528241
noneq,16,1.0,6.92,0.053534634,0.012899114
noneq,16,1.0,6.94,0.050232355,0.010888417
noneq,16,1.0,6.96,0.053363766,0.012365127
noneq,16,1.0,6.98,0.052100922,0.013061564
noneq,16,1.0,7,0.050888249,0.012560891
noneq,16,1.0,7.02,0.055451469,0.013547757
noneq,16,1.0,7.04,0.054965052,0.013039426
noneq,16,1.0,7.06,0.052104332,0.013627676
noneq,16,1.0,7.08,0.052876622,0.011213818
noneq,16,1.0,7.1,0.05085068,0.013329283
noneq,16,1.0,7.12,0.050496003,0.011980352
noneq,16,1.0,7.14,0.053563494,0.012705314
noneq,16,1.0,7.16,0.05269591,0.013282533
noneq,16,1.0,7.18,0.050162185,0.012860073
noneq,16,1.0,7.2,0.053248728,0.011354939
noneq,16,1.0,7.22,0.05511575,0.014093977
noneq,16,1.0,7.24,0.04735861,0.012817268
noneq,16,1.0,7.26,0.051155802,0.012802773
noneq,16,1.0,7.28,0.053088384,0.013041705
noneq,16,1.0,7.3,0.052052662,0.013181842
noneq,16,1.0,7.32,0.054779791,0.015048885
noneq,16,1.0,7.34,0.051408644,0.014756794
noneq,16,1.0,7.36,0.046600519,0.011961802
noneq,16,1.0,7.38,0.05841708,0.01527357
noneq,16,1.0,7.4,0.054934236,0.016081816
noneq,16,1.0,7.42,0.048872435,0.011841236
noneq,16,1.0,7.44,0.051751285,0.012357815
noneq,16,1.0,7.46,0.052450059,0.014427352
noneq,16,1.0,7.48,0.05272502,0.012740927
noneq,16,1.0,7.5,0.048599963,0.012026417
noneq,16,1.0,7.52,0.050398794,0.012010166
noneq,16,1.0,7.54,0.05046684,0.013349282
noneq,16,1.0,7.56,0.050835253,0.011538383
noneq,16,1.0,7.58,0.053790507,0.012616116
noneq,16,1.0,7.6,0.056897274,0.013237034
noneq,16,1.0,7.62,0.051853625,0.011807325
noneq,16,1.0,7.64,0.052765331,0.013458125
noneq,16,1.0,7.66,0.050082221,0.013306912
noneq,16,1.0,7.68,0.047682148,0.011815223
noneq,16,1.0,7.7,0.051472755,0.013889692
noneq,16,1.0,7.72,0.051426475,0.011591053
noneq,16,1.0,7.74,0.050695267,0.014152415
noneq,16,1.0,7.76,0.049005325,0.011652968
noneq,16,1.0,7.78,0.053608479,0.012605683
noneq,16,1.0,7.8,0.051512448,0.013912782
noneq,16,1.0,7.82,0.054031265,0.014247542
noneq,16,1.0,7.84,0.051281574,0.013884734
noneq,16,1.0,7.86,0.049891328,0.013715527
noneq,16,1.0,7.88,0.053531757,0.013770591
noneq,16,1.0,7.9,0.054666525,0.011694253
noneq,16,1.0,7.92,0.050212991,0.012617412
noneq,16,1.0,7.94,0.051737035,0.013024869
noneq,16,1.0,7.96,0.053272576,0.013664498
noneq,16,1.0,7.98,0.048620633,0.010766689
noneq,16,1.0,8,0.050810301,0.013456668
noneq,16,1.0,8.02,0.053416488,0.013797562
noneq,16,1.0,8.04,0.0501098,0.013252556
noneq,16,1.0,8.06,0.055743266,0.012647769
noneq,16,1.0,8.08,0.049139742,0.014131761
noneq,16,1.0,8.1,0.053675752,0.014570384
noneq,16,1.0,8.12,0.05505374,0.012902726
noneq,16,1.0,8.14,0.053991181,0.015012644
noneq,16,1.0,8.16,0.048876875,0.010868594
noneq,16,1.0,8.18,0.056498086,0.013805835
noneq,16,1.0,8.2,0.048430476,0.011502856
noneq,16,1.0,8.22,0.053208034,0.01272632
noneq,16,1.0,8.24,0.056285719,0.016376635
noneq,16,1.0,8.26,0.056344923,0.013466026
noneq,16,1.0,8.28,0.051835442,0.013436768
noneq,16,1.0,8.3,0.049366416,0.013893387
noneq,16,1.0,8.32,0.0487961,0.01249485
noneq,16,1.0,8.34,0.053386163,0.013740487
noneq,16,1.0,8.36,0.053654273,0.012369463
noneq,16,1.0,8.38,0.05518573,0.013937615
noneq,16,1.0,8.4,0.053952997,0.0111185
noneq,16,1.0,8.42,0.049798023,0.014063592
noneq,16,1.0,8.44,0.04949584,0.012704011
noneq,16,1.0,8.46,0.05016689,0.011565971
noneq,16,1.0,8.48,0.047972878,0.01246006
noneq,16,1.0,8.5,0.051108268,0.01262739
noneq,16,1.0,8.52,0.053225433,0.012320076
noneq,16,1.0,8.54,0.052527374,0.014334153
noneq,16,1.0,8.56,0.053240728,0.01168107
noneq,16,1.0,8.58,0.054794106,0.015524715
noneq,16,1.0,8.6,0.048834744,0.011844877
noneq,16,1.0,8.62,0.050946289,0.013039819
noneq,16,1.0,8.64,0.049234757,0.012302893
noneq,16,1.0,8.66,0.053296782,0.012390017
noneq,16,1.0,8.68,0.052916382,0.013874486
noneq,16,1.0,8.7,0.056120121,0.01328107
noneq,16,1.0,8.72,0.051489315,0.013180835
noneq,16,1.0,8.74,0.054285018,0.013853967
noneq,16,1.0,8.76,0.049380506,0.011975787
noneq,16,1.0,8.78,0.050611707,0.012119562
noneq,16,1.0,8.8,0.050669066,0.012829902
noneq,16,1.0,8.82,0.049641303,0.012221709
noneq,16,1.0,8.84,0.049046461,0.012486323
noneq,16,1.0,8.86,0.054415072,0.012625448
noneq,16,1.0,8.88,0.054707668,0.013589592
noneq,16,1.0,8.9,0.051131918,0.013081926
noneq,16,1.0,8.92,0.051470716,0.0138617
noneq,16,1.0,8.94,0.051693182,0.011095056
noneq,16,1.0,8.96,0.052918664,0.01317252
noneq,16,1.0,8.98,0.055892128,0.015838994
noneq,16,1.0,9,0.053351817,0.013667001
noneq,16,1.0,9.02,0.053428893,0.014037288
noneq,16,1.0,9.04,0.052542974,0.013677202
noneq,16,1.0,9.06,0.054113934,0.012957332
noneq,16,1.0,9.08,0.05296602,0.014970811
noneq,16,1.0,9.1,0.050864012,0.011513033
noneq,16,1.0,9.12,0.051305392,0.013397498
noneq,16,1.0,9.14,0.049396294,0.0099363239
noneq,16,1.0,9.16,0.049302604,0.012939885
noneq,16,1.0,9.18,0.051847155,0.012221954
noneq,16,1.0,9.2,0.050107734,0.013178949
noneq,16,1.0,9.22,0.052126123,0.013329092
noneq,16,1.0,9.24,0.050308108,0.012977182
noneq,16,1.0,9.26,0.055390614,0.013620563
noneq,16,1.0,9.28,0.05211163,0.012831687
noneq,16,1.0,9.3,0.050385536,0.011456935
noneq,16,1.0,9.32,0.046803971,0.010710922
noneq,16,1.0,9.34,0.049385144,0.012820523
noneq,16,1.0,9.36,0.050233856,0.011875338
noneq,16,1.0,9.38,0.048827001,0.01149798
noneq,16,1.0,9.4,0.049545971,0.013050543
noneq,16,1.0,9.42,0.051492852,0.0129724
noneq,16,1.0,9.44,0.051917429,0.015008311
noneq,16,1.0,9.46,0.051838939,0.013588758
noneq,16,1.0,9.48,0.044973236,0.010603011
noneq,16,1.0,9.5,0.048204587,0.012414433
noneq,16,1.0,9.52,0.048589521,0.011390581
noneq,16,1.0,9.54,0.049320318,0.012450442
noneq,16,1.0,9.56,0.04813867,0.013797827
noneq,16,1.0,9.58,0.045088472,0.01022615
noneq,16,1.0,9.6,0.052545952,0.012201754
noneq,16,1.0,9.62,0.054564376,0.014516018
noneq,16,1.0,9.64,0.054431058,0.012966219
noneq,16,1.0,9.66,0.053101764,0.012901648
noneq,16,1.0,9.68,0.051587506,0.012002713
noneq,16,1.0,9.7,0.05172061,0.012427729
noneq,16,1.0,9.72,0.053778637,0.014467157
noneq,16,1.0,9.74,0.052766904,0.013208047
noneq,16,1.0,9.76,0.050877475,0.013530484
noneq,16,1.0,9.78,0.051921435,0.01317842
noneq,16,1.0,9.8,0.049762236,0.012134317
noneq,16,1.0,9.82,0.055057022,0.014947562
noneq,16,1.0,9.84,0.053317361,0.013702577
noneq,16,1.0,9.86,0.053837107,0.011658643
noneq,16,1.0,9.88,0.050978608,0.010761507
noneq,16,1.0,9.9,0.054633767,0.014347203
noneq,16,1.0,9.92,0.049103908,0.014033246
noneq,16,1.0,9.94,0.051696104,0.013774172
noneq,16,1.0,9.96,0.054100126,0.013896521
noneq,16,1.0,9.98,0.055994378,0.012338824
noneq,16,1.0,10,0.052257136,0.013160696
noneq,16,1.0,10.02,0.056525127,0.013559253
noneq,16,1.0,10.04,0.052174653,0.012878555
noneq,16,1.0,10.06,0.052462695,0.012022465
noneq,16,1.0,10.08,0.052479016,0.013554303
noneq,16,1.0,10.1,0.051273442,0.0126812
noneq,16,1.0,10.12,0.055578258,0.011589427
noneq,16,1.0,10.14,0.052027321,0.012686796
noneq,16,1.0,10.16,0.048857538,0.012618074
noneq,16,1.0,10.18,0.052047604,0.012176738
noneq,16,1.0,10.2,0.053056965,0.014204507
noneq,16,1.0,10.22,0.051693007,0.01364664
noneq,16,1.0,10.24,0.052324692,0.013452471
noneq,16,1.0,10.26,0.049531144,0.012240041
noneq,16,1.0,10.28,0.050583564,0.012858692
noneq,16,1.0,10.3,0.050858388,0.012438891
noneq,16,1.0,10.32,0.058028852,0.0165102
noneq,16,1.0,10.34,0.054254669,0.013693861
noneq,16,1.0,10.36,0.051702415,0.014494286
noneq,16,1.0,10.38,0.054492246,0.013440173
noneq,16,1.0,10.4,0.052065872,0.015670959
noneq,16,1.0,10.42,0.049668593,0.011664563
noneq,16,1.0,10.44,0.05211677,0.012205826
noneq,16,1.0,10.46,0.049012901,0.012998866
noneq,16,1.0,10.48,0.04787199,0.012099618
noneq,16,1.0,10.5,0.052947977,0.013290471
noneq,16,1.0,10.52,0.052281731,0.01472536
noneq,16,1.0,10.54,0.050705036,0.014064634
noneq,16,1.0,10.56,0.044738204,0.010460064
noneq,16,1.0,10.58,0.051934446,0.012410354
noneq,16,1.0,10.6,0.053048702,0.013937922
noneq,16,1.0,10.62,0.050442012,0.014243128
noneq,16,1.0,10.64,0.052591359,0.013452942
noneq,16,1.0,10.66,0.050037966,0.012329107
noneq,16,1.0,10.68,0.054127522,0.012942582
noneq,16,1.0,10.7,0.052502279,0.014479719
noneq,16,1.0,10.72,0.048904342,0.011718929
noneq,16,1.0,10.74,0.058075767,0.013835018
noneq,16,1.0,10.76,0.054342589,0.013858651
noneq,16,1.0,10.78,0.05301863,0.013617674
noneq,16,1.0,10.8,0.050837699,0.012494251
noneq,16,1.0,10.82,0.054334745,0.014682404
noneq,16,1.0,10.84,0.050981035,0.012320969
noneq,16,1.0,10.86,0.05191596,0.013631249
noneq,16,1.0,10.88,0.052019652,0.012587562
noneq,16,1.0,10.9,0.04968417,0.011430126
noneq,16,1.0,10.92,0.05553386,0.013217732
noneq,16,1.0,10.94,0.056490394,0.015168689
noneq,16,1.0,10.96,0.050295507,0.012758903
noneq,16,1.0,10.98,0.051820177,0.012272706
noneq,16,1.0,11,0.053630836,0.013352323
noneq,16,1.0,11.02,0.053349475,0.014166111
noneq,16,1.0,11.04,0.051495796,0.013100959
noneq,16,1.0,11.06,0.05501808,0.013980593
noneq,16,1.0,11.08,0.050298252,0.012722588
noneq,16,1.0,11.1,0.050348751,0.012397049
noneq,16,1.0,11.12,0.049460472,0.01321773
noneq,16,1.0,11.14,0.05269679,0.012209942
noneq,16,1.0,11.16,0.05180072,0.014408879
noneq,16,1.0,11.18,0.054901899,0.013962496
noneq,16,1.0,11.2,0.055451339,0.01418393
noneq,16,1.0,11.22,0.047127564,0.013420201
noneq,16,1.0,11.24,0.051996023,0.01377058
noneq,16,1.0,11.26,0.051841028,0.013456298
noneq,16,1.0,11.28,0.052924554,0.014307119
noneq,16,1.0,11.3,0.049668811,0.01320977
noneq,16,1.0,11.32,0.0494289,0.011964204
noneq,16,1.0,11.34,0.052557306,0.011898227
noneq,16,1.0,11.36,0.056548885,0.014314789
noneq,16,1.0,11.38,0.050439722,0.012699879
noneq,16,1.0,11.4,0.049275944,0.013131977
noneq,16,1.0,11.42,0.05026334,0.012097738
noneq,16,1.0,11.44,0.048838667,0.011853166
noneq,16,1.0,11.46,0.051908116,0.011010841
noneq,16,1.0,11.48,0.05158811,0.013271986
noneq,16,1.0,11.5,0.051092975,0.013861131
noneq,16,1.0,11.52,0.053452985,0.012622341
noneq,16,1.0,11.54,0.049397134,0.010853975
noneq,16,1.0,11.56,0.049455779,0.013601877
noneq,16,1.0,11.58,0.053972138,0.012798853
noneq,16,1.0,11.6,0.050296946,0.013669668
noneq,16,1.0,11.62,0.053268081,0.013623288
noneq,16,1.0,11.64,0.055774065,0.01368152
noneq,16,1.0,11.66,0.049283259,0.013407749
noneq,16,1.0,11.68,0.053074524,0.011879627
noneq,16,1.0,11.7,0.054459346,0.014434754
noneq,16,1.0,11.72,0.05301167,0.012032723
noneq,16,1.0,11.74,0.051276299,0.011584874
noneq,16,1.0,11.76,0.053407217,0.013221041
noneq,16,1.0,11.78,0.058290532,0.013472804
noneq,16,1.0,11.8,0.05312262,0.012784451
noneq,16,1.0,11.82,0.055660102,0.013600443
noneq,16,1.0,11.84,0.050552162,0.013456098
noneq,16,1.0,11.86,0.05039422,0.012293589
noneq,16,1.0,11.88,0.054059459,0.015716533
noneq,16,1.0,11.9,0.048585543,0.013656383
noneq,16,1.0,11.92,0.051876289,0.014348863
noneq,16,1.0,11.94,0.051322069,0.01394651
noneq,16,1.0,11.96,0.050022577,0.01273393
noneq,16,1.0,11.98,0.049945139,0.013018029
noneq,16,1.0,12,0.049842392,0.010967424
noneq,16,1.0,12.02,0.053603166,0.011401787
noneq,16,1.0,12.04,0.056358424,0.01422879
noneq,16,1.0,12.06,0.049541705,0.012116874
noneq,16,1.0,12.08,0.046400759,0.012925106
noneq,16,1.0,12.1,0.048469,0.012264607
noneq,16,1.0,12.12,0.049947981,0.011236509
noneq,16,1.0,12.14,0.050632383,0.011823547
noneq,16,1.0,12.16,0.054117539,0.013020388
noneq,16,1.0,12.18,0.050618736,0.012095377
noneq,16,1.0,12.2,0.051224088,0.01396525
noneq,16,1.0,12.22,0.052696355,0.013117756
noneq,16,1.0,12.24,0.050427173,0.012712968
noneq,16,1.0,12.26,0.048673665,0.012111256
noneq,16,1.0,12.28,0.048997526,0.013367146
noneq,16,1.0,12.3,0.048534286,0.012117836
noneq,16,1.0,12.32,0.051180562,0.013579904
noneq,16,1.0,12.34,0.052162596,0.013561397
noneq,16,1.0,12.36,0.0487888,0.014019798
noneq,16,1.0,12.38,0.050267473,0.013704513
noneq,16,1.0,12.4,0.050943687,0.013338931
noneq,16,1.0,12.42,0.049087592,0.012632641
noneq,16,1.0,12.44,0.053437107,0.014152258
noneq,16,1.0,12.46,0.051621454,0.012975274
noneq,16,1.0,12.48,0.048228368,0.01142037
noneq,16,1.0,12.5,0.052105699,0.011842097
noneq,16,1.0,12.52,0.051525908,0.012831113
noneq,16,1.0,12.54,0.048288846,0.012521155
noneq,16,1.0,12.56,0.052195279,0.013806068
noneq,16,1.0,12.5664,0.055339674,0.014004275
ctrl,16,1.0,0,0.04982166,
ctrl,16,1.0,0.02,0.052352509,
ctrl,16,1.0,0.04,0.05222076,
ctrl,16,1.0,0.06,0.051321132,
ctrl,16,1.0,0.08,0.045925512,
ctrl,16,1.0,0.1,0.049597529,
ctrl,16,1.0,0.12,0.050521517,
ctrl,16,1.0,0.14,0.049858417,
ctrl,16,1.0,0.16,0.050256068,
ctrl,16,1.0,0.18,0.052477259,
ctrl,16,1.0,0.2,0.05370477,
ctrl,16,1.0,0.22,0.049062088,
ctrl,16,1.0,0.24,0.05247347,
ctrl,16,1.0,0.26,0.053667778,
ctrl,16,1.0,0.28,0.048987022,
ctrl,16,1.0,0.3,0.05044983,
ctrl,16,1.0,0.32,0.055350761,
ctrl,16,1.0,0.34,0.054249618,
ctrl,16,1.0,0.36,0.052316871,
ctrl,16,1.0,0.38,0.051734465,
ctrl,16,1.0,0.4,0.052070669,
ctrl,16,1.0,0.42,0.051160602,
ctrl,16,1.0,0.44,0.051010449,
ctrl,16,1.0,0.46,0.049596381,
ctrl,16,1.0,0.48,0.054874794,
ctrl,16,1.0,0.5,0.052593945,
ctrl,16,1.0,0.52,0.056563994,
ctrl,16,1.0,0.54,0.054528639,
ctrl,16,1.0,0.56,0.050347891,
ctrl,16,1.0,0.58,0.052321618,
ctrl,16,1.0,0.6,0.055272473,
ctrl,16,1.0,0.62,0.054343586,
ctrl,16,1.0,0.64,0.05418802,
ctrl,16,1.0,0.66,0.050815238,
ctrl,16,1.0,0.68,0.050804704,
ctrl,16,1.0,0.7,0.05368112,
ctrl,16,1.0,0.72,0.048976711,
ctrl,16,1.0,0.74,0.051823772,
ctrl,16,1.0,0.76,0.051467454,
ctrl,16,1.0,0.78,0.052354142,
ctrl,16,1.0,0.8,0.052514137,
ctrl,16,1.0,0.82,0.050691622,
ctrl,16,1.0,0.84,0.050674502,
ctrl,16,1.0,0.86,0.053426913,
ctrl,16,1.0,0.88,0.048899491,
ctrl,16,1.0,0.9,0.051409114,
ctrl,16,1.0,0.92,0.048705232,
ctrl,16,1.0,0.94,0.050706574,
ctrl,16,1.0,0.96,0.047102167,
ctrl,16,1.0,0.98,0.053403825,
ctrl,16,1.0,1,0.048925495,
ctrl,16,1.0,1.02,0.048390738,
ctrl,16,1.0,1.04,0.056521955,
ctrl,16,1.0,1.06,0.051007976,
ctrl,16,1.0,1.08,0.047713052,
ctrl,16,1.0,1.1,0.053356143,
ctrl,16,1.0,1.12,0.049089274,
ctrl,16,1.0,1.14,0.050250192,
ctrl,16,1.0,1.16,0.053630829,
ctrl,16,1.0,1.18,0.05360746,
ctrl,16,1.0,1.2,0.052330065,
ctrl,16,1.0,1.22,0.052379069,
ctrl,16,1.0,1.24,0.047817768,
ctrl,16,1.0,1.26,0.049778558,
ctrl,16,1.0,1.28,0.049622393,
ctrl,16,1.0,1.3,0.056134751,
ctrl,16,1.0,1.32,0.053048083,
ctrl,16,1.0,1.34,0.0477152,
ctrl,16,1.0,1.36,0.051100716,
ctrl,16,1.0,1.38,0.04998421,
ctrl,16,1.0,1.4,0.047358365,
ctrl,16,1.0,1.42,0.050923118,
ctrl,16,1.0,1.44,0.05053247,
ctrl,16,1.0,1.46,0.051303337,
ctrl,16,1.0,1.48,0.053635122,
ctrl,16,1.0,1.5,0.053628356,
ctrl,16,1.0,1.52,0.051040901,
ctrl,16,1.0,1.54,0.050650542,
ctrl,16,1.0,1.56,0.050467635,
ctrl,16,1.0,1.58,0.052147104,
ctrl,16,1.0,1.6,0.052888297,
ctrl,16,1.0,1.62,0.054947752,
ctrl,16,1.0,1.64,0.055103114,
ctrl,16,1.0,1.66,0.054424235,
ctrl,16,1.0,1.68,0.051763281,
ctrl,16,1.0,1.7,0.048289587,
ctrl,16,1.0,1.72,0.051361197,
ctrl,16,1.0,1.74,0.049088141,
ctrl,16,1.0,1.76,0.049439055,
ctrl,16,1.0,1.78,0.048293186,
ctrl,16,1.0,1.8,0.055584912,
ctrl,16,1.0,1.82,0.054491783,
ctrl,16,1.0,1.84,0.051947638,
ctrl,16,1.0,1.86,0.052860681,
ctrl,16,1.0,1.88,0.057570338,
ctrl,16,1.0,1.9,0.052515381,
ctrl,16,1.0,1.92,0.053143105,
ctrl,16,1.0,1.94,0.050987997,
ctrl,16,1.0,1.96,0.053437323,
ctrl,16,1.0,1.98,0.049641806,
ctrl,16,1.0,2,0.055147872,
ctrl,16,1.0,2.02,0.051801214,
ctrl,16,1.0,2.04,0.051355073,
ctrl,16,1.0,2.06,0.053238131,
ctrl,16,1.0,2.08,0.054889705,
ctrl,16,1.0,2.1,0.048067927,
ctrl,16,1.0,2.12,0.053457897,
ctrl,16,1.0,2.14,0.052515198,
ctrl,16,1.0,2.16,0.05066489,
ctrl,16,1.0,2.18,0.050884849,
ctrl,16,1.0,2.2,0.049589552,
ctrl,16,1.0,2.22,0.052070267,
ctrl,16,1.0,2.24,0.046815877,
ctrl,16,1.0,2.26,0.0522303,
ctrl,16,1.0,2.28,0.051488729,
ctrl,16,1.0,2.3,0.049267463,
ctrl,16,1.0,2.32,0.051831291,
ctrl,16,1.0,2.34,0.053376348,
ctrl,16,1.0,2.36,0.050420056,
ctrl,16,1.0,2.38,0.052552405,
ctrl,16,1.0,2.4,0.049605782,
ctrl,16,1.0,2.42,0.049855278,
ctrl,16,1.0,2.44,0.052718449,
ctrl,16,1.0,2.46,0.051288053,
ctrl,16,1.0,2.48,0.047897236,
ctrl,16,1.0,2.5,0.050852154,
ctrl,16,1.0,2.52,0.053479503,
ctrl,16,1.0,2.54,0.051885846,
ctrl,16,1.0,2.56,0.051536693,
ctrl,16,1.0,2.58,0.052338584,
ctrl,16,1.0,2.6,0.047171671,
ctrl,16,1.0,2.62,0.053130859,
ctrl,16,1.0,2.64,0.047630227,
ctrl,16,1.0,2.66,0.051919822,
ctrl,16,1.0,2.68,0.048052349,
ctrl,16,1.0,2.7,0.048421932,
ctrl,16,1.0,2.72,0.050056281,
ctrl,16,1.0,2.74,0.051033773,
ctrl,16,1.0,2.76,0.055156187,
ctrl,16,1.0,2.78,0.048157876,
ctrl,16,1.0,2.8,0.054848495,
ctrl,16,1.0,2.82,0.051735811,
ctrl,16,1.0,2.84,0.050047601,
ctrl,16,1.0,2.86,0.050165461,
ctrl,16,1.0,2.88,0.049065999,
ctrl,16,1.0,2.9,0.050205782,
ctrl,16,1.0,2.92,0.051864468,
ctrl,16,1.0,2.94,0.055159821,
ctrl,16,1.0,2.96,0.050456063,
ctrl,16,1.0,2.98,0.049393682,
ctrl,16,1.0,3,0.050945596,
ctrl,16,1.0,3.02,0.051487504,
ctrl,16,1.0,3.04,0.050082568,
ctrl,16,1.0,3.06,0.048108898,
ctrl,16,1.0,3.08,0.050203331,
ctrl,16,1.0,3.1,0.050073524,
ctrl,16,1.0,3.12,0.053515862,
ctrl,16,1.0,3.14,0.053802475,
ctrl,16,1.0,3.16,0.052711404,
ctrl,16,1.0,3.18,0.053082928,
ctrl,16,1.0,3.2,0.048653262,
ctrl,16,1.0,3.22,0.0533834,
ctrl,16,1.0,3.24,0.052875689,
ctrl,16,1.0,3.26,0.05147583,
ctrl,16,1.0,3.28,0.050513569,
ctrl,16,1.0,3.3,0.048350938,
ctrl,16,1.0,3.32,0.050429137,
ctrl,16,1.0,3.34,0.05249069,
ctrl,16,1.0,3.36,0.052878885,
ctrl,16,1.0,3.38,0.052269316,
ctrl,16,1.0,3.4,0.055735254,
ctrl,16,1.0,3.42,0.049590977,
ctrl,16,1.0,3.44,0.054264209,
ctrl,16,1.0,3.46,0.051613748,
ctrl,16,1.0,3.48,0.05019268,
ctrl,16,1.0,3.5,0.051135184,
ctrl,16,1.0,3.52,0.055061371,
ctrl,16,1.0,3.54,0.051253941,
ctrl,16,1.0,3.56,0.053093561,
ctrl,16,1.0,3.58,0.054687134,
ctrl,16,1.0,3.6,0.053761395,
ctrl,16,1.0,3.62,0.052448978,
ctrl,16,1.0,3.64,0.053069751,
ctrl,16,1.0,3.66,0.051520663,
ctrl,16,1.0,3.68,0.053366368,
ctrl,16,1.0,3.7,0.055608417,
ctrl,16,1.0,3.72,0.049274078,
ctrl,16,1.0,3.74,0.05149766,
ctrl,16,1.0,3.76,0.055742294,
ctrl,16,1.0,3.78,0.056613545,
ctrl,16,1.0,3.8,0.052813101,
ctrl,16,1.0,3.82,0.050134169,
ctrl,16,1.0,3.84,0.054586491,
ctrl,16,1.0,3.86,0.052761311,
ctrl,16,1.0,3.88,0.053496441,
ctrl,16,1.0,3.9,0.054995703,
ctrl,16,1.0,3.92,0.051058534,
ctrl,16,1.0,3.94,0.054884829,
ctrl,16,1.0,3.96,0.056148589,
ctrl,16,1.0,3.98,0.051642358,
ctrl,16,1.0,4,0.055786287,
ctrl,16,1.0,4.02,0.047127515,
ctrl,16,1.0,4.04,0.049767956,
ctrl,16,1.0,4.06,0.054386863,
ctrl,16,1.0,4.08,0.05282504,
ctrl,16,1.0,4.1,0.05183818,
ctrl,16,1.0,4.12,0.04768202,
ctrl,16,1.0,4.14,0.051153865,
ctrl,16,1.0,4.16,0.045579351,
ctrl,16,1.0,4.18,0.054064624,
ctrl,16,1.0,4.2,0.049926949,
ctrl,16,1.0,4.22,0.052008548,
ctrl,16,1.0,4.24,0.050879571,
ctrl,16,1.0,4.26,0.052686969,
ctrl,16,1.0,4.28,0.052184336,
ctrl,16,1.0,4.3,0.048111767,
ctrl,16,1.0,4.32,0.052636817,
ctrl,16,1.0,4.34,0.053096178,
ctrl,16,1.0,4.36,0.051512842,
ctrl,16,1.0,4.38,0.054640989,
ctrl,16,1.0,4.4,0.051233939,
ctrl,16,1.0,4.42,0.051542577,
ctrl,16,1.0,4.44,0.052343999,
ctrl,16,1.0,4.46,0.052097046,
ctrl,16,1.0,4.48,0.054009501,
ctrl,16,1.0,4.5,0.054231947,
ctrl,16,1.0,4.52,0.052314106,
ctrl,16,1.0,4.54,0.053966718,
ctrl,16,1.0,4.56,0.055369503,
ctrl,16,1.0,4.58,0.054003528,
ctrl,16,1.0,4.6,0.053900303,
ctrl,16,1.0,4.62,0.049784937,
ctrl,16,1.0,4.64,0.050778659,
ctrl,16,1.0,4.66,0.053723925,
ctrl,16,1.0,4.68,0.052629311,
ctrl,16,1.0,4.7,0.051317382,
ctrl,16,1.0,4.72,0.053667968,
ctrl,16,1.0,4.74,0.049393804,
ctrl,16,1.0,4.76,0.053982787,
ctrl,16,1.0,4.78,0.049805338,
ctrl,16,1.0,4.8,0.050379064,
ctrl,16,1.0,4.82,0.051460994,
ctrl,16,1.0,4.84,0.051265685,
ctrl,16,1.0,4.86,0.050755081,
ctrl,16,1.0,4.88,0.050837534,
ctrl,16,1.0,4.9,0.054406361,
ctrl,16,1.0,4.92,0.051144032,
ctrl,16,1.0,4.94,0.053357413,
ctrl,16,1.0,4.96,0.05314182,
ctrl,16,1.0,4.98,0.053996717,
ctrl,16,1.0,5,0.054236264,
ctrl,16,1.0,5.02,0.051437192,
ctrl,16,1.0,5.04,0.05157351,
ctrl,16,1.0,5.06,0.052565984,
ctrl,16,1.0,5.08,0.052271256,
ctrl,16,1.0,5.1,0.052043166,
ctrl,16,1.0,5.12,0.050330512,
ctrl,16,1.0,5.14,0.052617429,
ctrl,16,1.0,5.16,0.053055721,
ctrl,16,1.0,5.18,0.054033094,
ctrl,16,1.0,5.2,0.049853402,
ctrl,16,1.0,5.22,0.050390176,
ctrl,16,1.0,5.24,0.053506956,
ctrl,16,1.0,5.26,0.050532818,
ctrl,16,1.0,5.28,0.047634057,
ctrl,16,1.0,5.3,0.051252325,
ctrl,16,1.0,5.32,0.053245423,
ctrl,16,1.0,5.34,0.050527885,
ctrl,16,1.0,5.36,0.052320529,
ctrl,16,1.0,5.38,0.055333509,
ctrl,16,1.0,5.4,0.050992456,
ctrl,16,1.0,5.42,0.04957032,
ctrl,16,1.0,5.44,0.05280345,
ctrl,16,1.0,5.46,0.050209971,
ctrl,16,1.0,5.48,0.050144008,
ctrl,16,1.0,5.5,0.049245891,
ctrl,16,1.0,5.52,0.052061313,
ctrl,16,1.0,5.54,0.052287412,
ctrl,16,1.0,5.56,0.05296054,
ctrl,16,1.0,5.58,0.05152501,
ctrl,16,1.0,5.6,0.051311236,
ctrl,16,1.0,5.62,0.05238622,
ctrl,16,1.0,5.64,0.056938687,
ctrl,16,1.0,5.66,0.056433452,
ctrl,16,1.0,5.68,0.047901403,
ctrl,16,1.0,5.7,0.051231426,
ctrl,16,1.0,5.72,0.05812723,
ctrl,16,1.0,5.74,0.053124685,
ctrl,16,1.0,5.76,0.051654562,
ctrl,16,1.0,5.78,0.052734028,
ctrl,16,1.0,5.8,0.051832381,
ctrl,16,1.0,5.82,0.055757042,
ctrl,16,1.0,5.84,0.055918626,
ctrl,16,1.0,5.86,0.049814775,
ctrl,16,1.0,5.88,0.051437286,
ctrl,16,1.0,5.9,0.051080677,
ctrl,16,1.0,5.92,0.05532298,
ctrl,16,1.0,5.94,0.0537939,
ctrl,16,1.0,5.96,0.051398957,
ctrl,16,1.0,5.98,0.04814801,
ctrl,16,1.0,6,0.05323488,
ctrl,16,1.0,6.02,0.046008835,
ctrl,16,1.0,6.04,0.051457924,
ctrl,16,1.0,6.06,0.05356591,
ctrl,16,1.0,6.08,0.051005946,
ctrl,16,1.0,6.1,0.051579395,
ctrl,16,1.0,6.12,0.050426342,
ctrl,16,1.0,6.14,0.052372021,
ctrl,16,1.0,6.16,0.054698331,
ctrl,16,1.0,6.18,0.047404523,
ctrl,16,1.0,6.2,0.054314528,
ctrl,16,1.0,6.22,0.052266718,
ctrl,16,1.0,6.24,0.052557068,
ctrl,16,1.0,6.26,0.052132012,
ctrl,16,1.0,6.28,0.05134349,
ctrl,16,1.0,6.3,0.049193507,
ctrl,16,1.0,6.32,0.051196566,
ctrl,16,1.0,6.34,0.050906649,
ctrl,16,1.0,6.36,0.048216768,
ctrl,16,1.0,6.38,0.052182186,
ctrl,16,1.0,6.4,0.052319972,
ctrl,16,1.0,6.42,0.055236812,
ctrl,16,1.0,6.44,0.052151398,
ctrl,16,1.0,6.46,0.053303816,
ctrl,16,1.0,6.48,0.050875022,
ctrl,16,1.0,6.5,0.054871731,
ctrl,16,1.0,6.52,0.053342165,
ctrl,16,1.0,6.54,0.048294832,
ctrl,16,1.0,6.56,0.050417281,
ctrl,16,1.0,6.58,0.054702595,
ctrl,16,1.0,6.6,0.052502256,
ctrl,16,1.0,6.62,0.048995964,
ctrl,16,1.0,6.64,0.054141226,
ctrl,16,1.0,6.66,0.050527969,
ctrl,16,1.0,6.68,0.04871992,
ctrl,16,1.0,6.7,0.052889664,
ctrl,16,1.0,6.72,0.049801997,
ctrl,16,1.0,6.74,0.056500724,
ctrl,16,1.0,6.76,0.054303963,
ctrl,16,1.0,6.78,0.054509471,
ctrl,16,1.0,6.8,0.050428455,
ctrl,16,1.0,6.82,0.049202877,
ctrl,16,1.0,6.84,0.053099518,
ctrl,16,1.0,6.86,0.051779176,
ctrl,16,1.0,6.88,0.053117748,
ctrl,16,1.0,6.9,0.056099386,
ctrl,16,1.0,6.92,0.051475932,
ctrl,16,1.0,6.94,0.052083419,
ctrl,16,1.0,6.96,0.055110062,
ctrl,16,1.0,6.98,0.054847843,
ctrl,16,1.0,7,0.054181395,
ctrl,16,1.0,7.02,0.053744357,
ctrl,16,1.0,7.04,0.052195798,
ctrl,16,1.0,7.06,0.052878823,
ctrl,16,1.0,7.08,0.051512096,
ctrl,16,1.0,7.1,0.049541994,
ctrl,16,1.0,7.12,0.05281522,
ctrl,16,1.0,7.14,0.05332736,
ctrl,16,1.0,7.16,0.050913992,
ctrl,16,1.0,7.18,0.052944592,
ctrl,16,1.0,7.2,0.051510219,
ctrl,16,1.0,7.22,0.047465499,
ctrl,16,1.0,7.24,0.049871432,
ctrl,16,1.0,7.26,0.050430994,
ctrl,16,1.0,7.28,0.049123336,
ctrl,16,1.0,7.3,0.050873123,
ctrl,16,1.0,7.32,0.051476924,
ctrl,16,1.0,7.34,0.047512349,
ctrl,16,1.0,7.36,0.05416013,
ctrl,16,1.0,7.38,0.051315894,
ctrl,16,1.0,7.4,0.052542978,
ctrl,16,1.0,7.42,0.04912442,
ctrl,16,1.0,7.44,0.054224879,
ctrl,16,1.0,7.46,0.05326907,
ctrl,16,1.0,7.48,0.053451236,
ctrl,16,1.0,7.5,0.05140074,
ctrl,16,1.0,7.52,0.052915651,
ctrl,16,1.0,7.54,0.05038477,
ctrl,16,1.0,7.56,0.049989787,
ctrl,16,1.0,7.58,0.046082212,
ctrl,16,1.0,7.6,0.053867144,
ctrl,16,1.0,7.62,0.054954101,
ctrl,16,1.0,7.64,0.052646926,
ctrl,16,1.0,7.66,0.047819062,
ctrl,16,1.0,7.68,0.054139748,
ctrl,16,1.0,7.7,0.052878377,
ctrl,16,1.0,7.72,0.051958551,
ctrl,16,1.0,7.74,0.052571679,
ctrl,16,1.0,7.76,0.050118283,
ctrl,16,1.0,7.78,0.05137123,
ctrl,16,1.0,7.8,0.05453556,
ctrl,16,1.0,7.82,0.048813992,
ctrl,16,1.0,7.84,0.057393582,
ctrl,16,1.0,7.86,0.050547437,
ctrl,16,1.0,7.88,0.052379999,
ctrl,16,1.0,7.9,0.054988544,
ctrl,16,1.0,7.92,0.053856679,
ctrl,16,1.0,7.94,0.051860266,
ctrl,16,1.0,7.96,0.052229015,
ctrl,16,1.0,7.98,0.049352945,
ctrl,16,1.0,8,0.053698638,
ctrl,16,1.0,8.02,0.054233291,
ctrl,16,1.0,8.04,0.04851453,
ctrl,16,1.0,8.06,0.05040836,
ctrl,16,1.0,8.08,0.048366556,
ctrl,16,1.0,8.1,0.052965572,
ctrl,16,1.0,8.12,0.0533554,
ctrl,16,1.0,8.14,0.052074728,
ctrl,16,1.0,8.16,0.053954848,
ctrl,16,1.0,8.18,0.05109955,
ctrl,16,1.0,8.2,0.049998158,
ctrl,16,1.0,8.22,0.049993777,
ctrl,16,1.0,8.24,0.054467911,
ctrl,16,1.0,8.26,0.05432656,
ctrl,16,1.0,8.28,0.057569624,
ctrl,16,1.0,8.3,0.052496839,
ctrl,16,1.0,8.32,0.054206869,
ctrl,16,1.0,8.34,0.049038079,
ctrl,16,1.0,8.36,0.052390559,
ctrl,16,1.0,8.38,0.051148301,
ctrl,16,1.0,8.4,0.048800308,
ctrl,16,1.0,8.42,0.050169243,
ctrl,16,1.0,8.44,0.052665119,
ctrl,16,1.0,8.46,0.052063254,
ctrl,16,1.0,8.48,0.053377002,
ctrl,16,1.0,8.5,0.051214571,
ctrl,16,1.0,8.52,0.054508154,
ctrl,16,1.0,8.54,0.048883626,
ctrl,16,1.0,8.56,0.046574153,
ctrl,16,1.0,8.58,0.048894702,
ctrl,16,1.0,8.6,0.045859737,
ctrl,16,1.0,8.62,0.048663757,
ctrl,16,1.0,8.64,0.053632337,
ctrl,16,1.0,8.66,0.054021232,
ctrl,16,1.0,8.68,0.050607111,
ctrl,16,1.0,8.7,0.05413838,
ctrl,16,1.0,8.72,0.050670384,
ctrl,16,1.0,8.74,0.052147681,
ctrl,16,1.0,8.76,0.052278662,
ctrl,16,1.0,8.78,0.05074105,
ctrl,16,1.0,8.8,0.050829687,
ctrl,16,1.0,8.82,0.052880133,
ctrl,16,1.0,8.84,0.051433938,
ctrl,16,1.0,8.86,0.051571043,
ctrl,16,1.0,8.88,0.048460874,
ctrl,16,1.0,8.9,0.052371811,
ctrl,16,1.0,8.92,0.055642249,
ctrl,16,1.0,8.94,0.05367544,
ctrl,16,1.0,8.96,0.051469348,
ctrl,16,1.0,8.98,0.054589681,
ctrl,16,1.0,9,0.049577174,
ctrl,16,1.0,9.02,0.050204993,
ctrl,16,1.0,9.04,0.05296897,
ctrl,16,1.0,9.06,0.051390084,
ctrl,16,1.0,9.08,0.046147374,
ctrl,16,1.0,9.1,0.05319295,
ctrl,16,1.0,9.12,0.049554275,
ctrl,16,1.0,9.14,0.045048009,
ctrl,16,1.0,9.16,0.05030543,
ctrl,16,1.0,9.18,0.0486273,
ctrl,16,1.0,9.2,0.051936484,
ctrl,16,1.0,9.22,0.048204827,
ctrl,16,1.0,9.24,0.051074475,
ctrl,16,1.0,9.26,0.052275572,
ctrl,16,1.0,9.28,0.04803117,
ctrl,16,1.0,9.3,0.049290354,
ctrl,16,1.0,9.32,0.048955893,
ctrl,16,1.0,9.34,0.048828415,
ctrl,16,1.0,9.36,0.053375231,
ctrl,16,1.0,9.38,0.050256984,
ctrl,16,1.0,9.4,0.052762294,
ctrl,16,1.0,9.42,0.055643967,
ctrl,16,1.0,9.44,0.051609116,
ctrl,16,1.0,9.46,0.048898553,
ctrl,16,1.0,9.48,0.048861049,
ctrl,16,1.0,9.5,0.049518072,
ctrl,16,1.0,9.52,0.049764011,
ctrl,16,1.0,9.54,0.049391485,
ctrl,16,1.0,9.56,0.052858322,
ctrl,16,1.0,9.58,0.051102569,
ctrl,16,1.0,9.6,0.04858187,
ctrl,16,1.0,9.62,0.049440247,
ctrl,16,1.0,9.64,0.049795093,
ctrl,16,1.0,9.66,0.051907871,
ctrl,16,1.0,9.68,0.051713636,
ctrl,16,1.0,9.7,0.049842704,
ctrl,16,1.0,9.72,0.054469803,
ctrl,16,1.0,9.74,0.050375726,
ctrl,16,1.0,9.76,0.052244653,
ctrl,16,1.0,9.78,0.053892614,
ctrl,16,1.0,9.8,0.052801067,
ctrl,16,1.0,9.82,0.052948799,
ctrl,16,1.0,9.84,0.051836451,
ctrl,16,1.0,9.86,0.051524867,
ctrl,16,1.0,9.88,0.055197855,
ctrl,16,1.0,9.9,0.053724289,
ctrl,16,1.0,9.92,0.053821451,
ctrl,16,1.0,9.94,0.052309561,
ctrl,16,1.0,9.96,0.052602872,
ctrl,16,1.0,9.98,0.05204546,
ctrl,16,1.0,10,0.050630676,
ctrl,16,1.0,10.02,0.051845038,
ctrl,16,1.0,10.04,0.052147952,
ctrl,16,1.0,10.06,0.051905363,
ctrl,16,1.0,10.08,0.05181569,
ctrl,16,1.0,10.1,0.050692781,
ctrl,16,1.0,10.12,0.052531869,
ctrl,16,1.0,10.14,0.052293496,
ctrl,16,1.0,10.16,0.051920526,
ctrl,16,1.0,10.18,0.050874971,
ctrl,16,1.0,10.2,0.053987801,
ctrl,16,1.0,10.22,0.054605387,
ctrl,16,1.0,10.24,0.047626722,
ctrl,16,1.0,10.26,0.050530707,
ctrl,16,1.0,10.28,0.05602074,
ctrl,16,1.0,10.3,0.056919316,
ctrl,16,1.0,10.32,0.054437457,
ctrl,16,1.0,10.34,0.054573462,
ctrl,16,1.0,10.36,0.047350998,
ctrl,16,1.0,10.38,0.050954371,
ctrl,16,1.0,10.4,0.051657755,
ctrl,16,1.0,10.42,0.052801958,
ctrl,16,1.0,10.44,0.052938637,
ctrl,16,1.0,10.46,0.0496131,
ctrl,16,1.0,10.48,0.047700465,
ctrl,16,1.0,10.5,0.048589193,
ctrl,16,1.0,10.52,0.051230371,
ctrl,16,1.0,10.54,0.05351863,
ctrl,16,1.0,10.56,0.049179388,
ctrl,16,1.0,10.58,0.050272635,
ctrl,16,1.0,10.6,0.054866104,
ctrl,16,1.0,10.62,0.053466645,
ctrl,16,1.0,10.64,0.050968057,
ctrl,16,1.0,10.66,0.053807485,
ctrl,16,1.0,10.68,0.051599153,
ctrl,16,1.0,10.7,0.052777427,
ctrl,16,1.0,10.72,0.05263018,
ctrl,16,1.0,10.74,0.048879299,
ctrl,16,1.0,10.76,0.052806861,
ctrl,16,1.0,10.78,0.051328091,
ctrl,16,1.0,10.8,0.05422339,
ctrl,16,1.0,10.82,0.050245603,
ctrl,16,1.0,10.84,0.048899103,
ctrl,16,1.0,10.86,0.05328857,
ctrl,16,1.0,10.88,0.053422795,
ctrl,16,1.0,10.9,0.054667275,
ctrl,16,1.0,10.92,0.052303201,
ctrl,16,1.0,10.94,0.052350958,
ctrl,16,1.0,10.96,0.054560353,
ctrl,16,1.0,10.98,0.049002066,
ctrl,16,1.0,11,0.051821955,
ctrl,16,1.0,11.02,0.048279538,
ctrl,16,1.0,11.04,0.053261043,
ctrl,16,1.0,11.06,0.052926785,
ctrl,16,1.0,11.08,0.051784461,
ctrl,16,1.0,11.1,0.053119241,
ctrl,16,1.0,11.12,0.052494752,
ctrl,16,1.0,11.14,0.050576517,
ctrl,16,1.0,11.16,0.055259768,
ctrl,16,1.0,11.18,0.052020767,
ctrl,16,1.0,11.2,0.052278243,
ctrl,16,1.0,11.22,0.054638099,
ctrl,16,1.0,11.24,0.051460951,
ctrl,16,1.0,11.26,0.049113831,
ctrl,16,1.0,11.28,0.050100754,
ctrl,16,1.0,11.3,0.047945955,
ctrl,16,1.0,11.32,0.049180268,
ctrl,16,1.0,11.34,0.050288204,
ctrl,16,1.0,11.36,0.053363395,
ctrl,16,1.0,11.38,0.04760629,
ctrl,16,1.0,11.4,0.051397209,
ctrl,16,1.0,11.42,0.052896863,
ctrl,16,1.0,11.44,0.053711943,
ctrl,16,1.0,11.46,0.0513744,
ctrl,16,1.0,11.48,0.054568492,
ctrl,16,1.0,11.5,0.052337329,
ctrl,16,1.0,11.52,0.052314577,
ctrl,16,1.0,11.54,0.052416687,
ctrl,16,1.0,11.56,0.048509929,
ctrl,16,1.0,11.58,0.049671996,
ctrl,16,1.0,11.6,0.05255803,
ctrl,16,1.0,11.62,0.048877101,
ctrl,16,1.0,11.64,0.050801364,
ctrl,16,1.0,11.66,0.050041841,
ctrl,16,1.0,11.68,0.050301948,
ctrl,16,1.0,11.7,0.049705155,
ctrl,16,1.0,11.72,0.053377071,
ctrl,16,1.0,11.74,0.04987999,
ctrl,16,1.0,11.76,0.053974349,
ctrl,16,1.0,11.78,0.050685547,
ctrl,16,1.0,11.8,0.053790181,
ctrl,16,1.0,11.82,0.053672892,
ctrl,16,1.0,11.84,0.054176631,
ctrl,16,1.0,11.86,0.049408966,
ctrl,16,1.0,11.88,0.053443078,
ctrl,16,1.0,11.9,0.050069406,
ctrl,16,1.0,11.92,0.051212064,
ctrl,16,1.0,11.94,0.051871289,
ctrl,16,1.0,11.96,0.051763788,
ctrl,16,1.0,11.98,0.052546327,
ctrl,16,1.0,12,0.05252668,
ctrl,16,1.0,12.02,0.052287278,
ctrl,16,1.0,12.04,0.053868995,
ctrl,16,1.0,12.06,0.050819561,
ctrl,16,1.0,12.08,0.052287243,
ctrl,16,1.0,12.1,0.055201183,
ctrl,16,1.0,12.12,0.051556994,
ctrl,16,1.0,12.14,0.056756478,
ctrl,16,1.0,12.16,0.052322412,
ctrl,16,1.0,12.18,0.054225816,
ctrl,16,1.0,12.2,0.051963884,
ctrl,16,1.0,12.22,0.060068978,
ctrl,16,1.0,12.24,0.054580725,
ctrl,16,1.0,12.26,0.052129192,
ctrl,16,1.0,12.28,0.054387433,
ctrl,16,1.0,12.3,0.050687107,
ctrl,16,1.0,12.32,0.051145725,
ctrl,16,1.0,12.34,0.050996709,
ctrl,16,1.0,12.36,0.051565091,
ctrl,16,1.0,12.38,0.053026836,
ctrl,16,1.0,12.4,0.051375137,
ctrl,16,1.0,12.42,0.052920967,
ctrl,16,1.0,12.44,0.052527351,
ctrl,16,1.0,12.46,0.054420125,
ctrl,16,1.0,12.48,0.048698589,
ctrl,16,1.0,12.5,0.051860657,
ctrl,16,1.0,12.52,0.052670206,
ctrl,16,1.0,12.54,0.052602815,
ctrl,16,1.0,12.56,0.05579515,
ctrl,16,1.0,12.5664,0.055778958,
noneq,16,0.02,0,0.56777678,0.47366038
noneq,16,0.02,0.05,0.48800457,0.41648206
noneq,16,0.02,0.1,0.43839895,0.37039797
noneq,16,0.02,0.15,0.40546515,0.33824262
noneq,16,0.02,0.2,0.36982255,0.31204257
noneq,16,0.02,0.25,0.34853951,0.28978347
noneq,16,0.02,0.3,0.32026102,0.2596738
noneq,16,0.02,0.35,0.29404278,0.23733588
noneq,16,0.02,0.4,0.27278953,0.21967301
noneq,16,0.02,0.45,0.25860111,0.20652693
noneq,16,0.02,0.5,0.24648829,0.19479914
noneq,16,0.02,0.55,0.23594288,0.18727945
noneq,16,0.02,0.6,0.22995972,0.17965044
noneq,16,0.02,0.65,0.21966341,0.17461101
noneq,16,0.02,0.7,0.20962287,0.16437273
noneq,16,0.02,0.75,0.20379902,0.15640814
noneq,16,0.02,0.8,0.1927331,0.14668698
noneq,16,0.02,0.85,0.18607273,0.14234715
noneq,16,0.02,0.9,0.17768962,0.13529321
noneq,16,0.02,0.95,0.17244255,0.12793074
noneq,16,0.02,1,0.16238446,0.11949607
noneq,16,0.02,1.05,0.16672691,0.11965393
noneq,16,0.02,1.1,0.15550999,0.11366458
noneq,16,0.02,1.15,0.14831075,0.10617881
noneq,16,0.02,1.2,0.14590115,0.10154622
noneq,16,0.02,1.25,0.14340061,0.10066617
noneq,16,0.02,1.3,0.13750861,0.092818921
noneq,16,0.02,1.35,0.13060046,0.088962106
noneq,16,0.02,1.4,0.12518972,0.08495871
noneq,16,0.02,1.45,0.12012713,0.082233646
noneq,16,0.02,1.5,0.11658641,0.075733964
noneq,16,0.02,1.55,0.11523593,0.075263253
noneq,16,0.02,1.6,0.1109615,0.069980103
noneq,16,0.02,1.65,0.10980778,0.069587752
noneq,16,0.02,1.7,0.1017672,0.063490603
noneq,16,0.02,1.75,0.10324466,0.059310065
noneq,16,0.02,1.8,0.097792331,0.059364251
noneq,16,0.02,1.85,0.097525134,0.057189227
noneq,16,0.02,1.9,0.097050248,0.058136136
noneq,16,0.02,1.95,0.098230567,0.057304168
noneq,16,0.02,2,0.097827646,0.057628082
noneq,16,0.02,2.05,0.094733116,0.055286477
noneq,16,0.02,2.1,0.094473615,0.051525213
noneq,16,0.02,2.15,0.089444818,0.050016532
noneq,16,0.02,2.2,0.089280283,0.04889473
noneq,16,0.02,2.25,0.086894355,0.050415632
noneq,16,0.02,2.3,0.084329213,0.046714311
noneq,16,0.02,2.35,0.085551217,0.043206833
noneq,16,0.02,2.4,0.083446472,0.042328633
noneq,16,0.02,2.45,0.080553632,0.038705328
noneq,16,0.02,2.5,0.078400073,0.039304111
noneq,16,0.02,2.55,0.078802063,0.03942765
noneq,16,0.02,2.6,0.076444844,0.035861561
noneq,16,0.02,2.65,0.076286267,0.036165984
noneq,16,0.02,2.7,0.074616163,0.035236715
noneq,16,0.02,2.75,0.074302828,0.033603982
noneq,16,0.02,2.8,0.073469126,0.032794555
noneq,16,0.02,2.85,0.074066756,0.031862443
noneq,16,0.02,2.9,0.069230649,0.031608066
noneq,16,0.02,2.95,0.067568278,0.029376196
noneq,16,0.02,3,0.065251766,0.028962665
noneq,16,0.02,3.05,0.064988575,0.028678906
noneq,16,0.02,3.1,0.061466838,0.028478879
noneq,16,0.02,3.15,0.064228778,0.026959881
noneq,16,0.02,3.2,0.064050084,0.026497763
noneq,16,0.02,3.25,0.058226934,0.024467934
noneq,16,0.02,3.3,0.059197248,0.024731504
noneq,16,0.02,3.35,0.06250019,0.024718504
noneq,16,0.02,3.4,0.065142069,0.024519759
noneq,16,0.02,3.45,0.061274076,0.02346286
noneq,16,0.02,3.5,0.060672879,0.023546406
noneq,16,0.02,3.55,0.061679806,0.024286072
noneq,16,0.02,3.6,0.062891129,0.023218668
noneq,16,0.02,3.65,0.065542043,0.022565707
noneq,16,0.02,3.7,0.063789873,0.022090445
noneq,16,0.02,3.75,0.061800204,0.023039309
noneq,16,0.02,3.8,0.058215605,0.0206479
noneq,16,0.02,3.85,0.061775755,0.021024594
noneq,16,0.02,3.9,0.057079362,0.019871745
noneq,16,0.02,3.95,0.05621351,0.021522016
noneq,16,0.02,4,0.057628951,0.020701944
noneq,16,0.02,4.05,0.05763442,0.020162686
noneq,16,0.02,4.1,0.055869873,0.018844831
noneq,16,0.02,4.15,0.052205548,0.020533562
noneq,16,0.02,4.2,0.059983167,0.019644979
noneq,16,0.02,4.25,0.051373266,0.019190878
noneq,16,0.02,4.3,0.05928605,0.019131807
noneq,16,0.02,4.35,0.054496407,0.018221026
noneq,16,0.02,4.4,0.055878949,0.017654843
noneq,16,0.02,4.45,0.05496289,0.018328275
noneq,16,0.02,4.5,0.057018977,0.017041022
noneq,16,0.02,4.55,0.058448023,0.020336036
noneq,16,0.02,4.6,0.055149266,0.017905387
noneq,16,0.02,4.65,0.054877298,0.017379147
noneq,16,0.02,4.7,0.055790258,0.01980462
noneq,16,0.02,4.75,0.056250279,0.017357008
noneq,16,0.02,4.8,0.059580271,0.018066194
noneq,16,0.02,4.85,0.052373132,0.018129937
noneq,16,0.02,4.9,0.057385391,0.017097739
noneq,16,0.02,4.95,0.056102777,0.017656538
noneq,16,0.02,5,0.055816458,0.017425374
noneq,16,0.02,5.05,0.05037802,0.015823007
noneq,16,0.02,5.1,0.0559589,0.016611952
noneq,16,0.02,5.15,0.053527903,0.015660356
noneq,16,0.02,5.2,0.055106256,0.016861097
noneq,16,0.02,5.25,0.056205811,0.016477983
noneq,16,0.02,5.3,0.052423527,0.016444603
noneq,16,0.02,5.35,0.053188205,0.015440792
noneq,16,0.02,5.4,0.054183448,0.015498329
noneq,16,0.02,5.45,0.052183619,0.014755053
noneq,16,0.02,5.5,0.05618734,0.016854361
noneq,16,0.02,5.55,0.053458017,0.015751491
noneq,16,0.02,5.6,0.051464062,0.015773343
noneq,16,0.02,5.65,0.055866226,0.015681545
noneq,16,0.02,5.7,0.054432871,0.01619946
noneq,16,0.02,5.75,0.058493983,0.015729596
noneq,16,0.02,5.8,0.055122294,0.015572184
noneq,16,0.02,5.85,0.05904735,0.016975117
noneq,16,0.02,5.9,0.051189402,0.014898645
noneq,16,0.02,5.95,0.052100933,0.015251479
noneq,16,0.02,6,0.053301753,0.015877056
noneq,16,0.02,6.05,0.055612421,0.015491513
noneq,16,0.02,6.1,0.055615425,0.015970332
noneq,16,0.02,6.15,0.055057797,0.015356921
noneq,16,0.02,6.2,0.054133268,0.014249355
noneq,16,0.02,6.25,0.052564788,0.014371541
noneq,16,0.02,6.3,0.051266491,0.013823811
noneq,16,0.02,6.35,0.048206438,0.014054552
noneq,16,0.02,6.4,0.049573167,0.013889554
noneq,16,0.02,6.45,0.052215809,0.015474806
noneq,16,0.02,6.5,0.052843336,0.014093933
noneq,16,0.02,6.55,0.053723802,0.014146445
noneq,16,0.02,6.6,0.052944568,0.012045233
noneq,16,0.02,6.65,0.05093624,0.014019102
noneq,16,0.02,6.7,0.055681517,0.013852923
noneq,16,0.02,6.75,0.053514688,0.015412272
noneq,16,0.02,6.8,0.052072385,0.01490772
noneq,16,0.02,6.85,0.054639467,0.015609087
noneq,16,0.02,6.9,0.055545145,0.012189386
noneq,16,0.02,6.95,0.053015152,0.014555617
noneq,16,0.02,7,0.055780685,0.014350186
noneq,16,0.02,7.05,0.05382531,0.013353138
noneq,16,0.02,7.1,0.053612318,0.015622105
noneq,16,0.02,7.15,0.052033194,0.013947917
noneq,16,0.02,7.2,0.049764768,0.013915745
noneq,16,0.02,7.25,0.054248766,0.014683444
noneq,16,0.02,7.3,0.049396749,0.012184705
noneq,16,0.02,7.35,0.051091849,0.014470797
noneq,16,0.02,7.4,0.054408972,0.014016458
noneq,16,0.02,7.45,0.055044998,0.012751643
noneq,16,0.02,7.5,0.050847903,0.013745744
noneq,16,0.02,7.55,0.052769104,0.014511625
noneq,16,0.02,7.6,0.052179669,0.013166441
noneq,16,0.02,7.65,0.050334383,0.012940689
noneq,16,0.02,7.7,0.048102385,0.01357085
noneq,16,0.02,7.75,0.053116684,0.013945057
noneq,16,0.02,7.8,0.050360313,0.013764358
noneq,16,0.02,7.85,0.049412383,0.014406155
noneq,16,0.02,7.9,0.054068024,0.014096293
noneq,16,0.02,7.95,0.049736787,0.013530564
noneq,16,0.02,8,0.04893506,0.0131958
noneq,16,0.02,8.05,0.053125156,0.013739432
noneq,16,0.02,8.1,0.052490526,0.013862678
noneq,16,0.02,8.15,0.054775887,0.015528643
noneq,16,0.02,8.2,0.051456344,0.012581699
noneq,16,0.02,8.25,0.052915698,0.012795785
noneq,16,0.02,8.3,0.049182578,0.012095405
noneq,16,0.02,8.35,0.052658635,0.013473396
noneq,16,0.02,8.4,0.051876013,0.012420965
noneq,16,0.02,8.45,0.051826488,0.010974146
noneq,16,0.02,8.5,0.049500857,0.011808081
noneq,16,0.02,8.55,0.050907766,0.013020826
noneq,16,0.02,8.6,0.049753372,0.012426856
noneq,16,0.02,8.65,0.051992289,0.014315754
noneq,16,0.02,8.7,0.051495679,0.015911296
noneq,16,0.02,8.75,0.05332443,0.013579572
noneq,16,0.02,8.8,0.050526438,0.013013598
noneq,16,0.02,8.85,0.054115684,0.013996473
noneq,16,0.02,8.9,0.05347239,0.015120763
noneq,16,0.02,8.95,0.053684508,0.01388862
noneq,16,0.02,9,0.055297569,0.013540201
noneq,16,0.02,9.05,0.052927075,0.013284712
noneq,16,0.02,9.1,0.052284202,0.01306391
noneq,16,0.02,9.15,0.050852448,0.013932029
noneq,16,0.02,9.2,0.053019803,0.014630748
noneq,16,0.02,9.25,0.05239248,0.014517348
noneq,16,0.02,9.3,0.050653676,0.013304055
noneq,16,0.02,9.35,0.048011453,0.011913852
noneq,16,0.02,9.4,0.050098667,0.013294366
noneq,16,0.02,9.45,0.052962336,0.012854329
noneq,16,0.02,9.5,0.049904347,0.011444213
noneq,16,0.02,9.55,0.052428551,0.013462068
noneq,16,0.02,9.6,0.051705411,0.011131791
noneq,16,0.02,9.65,0.051791481,0.012651924
noneq,16,0.02,9.7,0.052514332,0.011684803
noneq,16,0.02,9.75,0.051243247,0.012909443
noneq,16,0.02,9.8,0.053274268,0.012394025
noneq,16,0.02,9.85,0.049697671,0.012238631
noneq,16,0.02,9.9,0.05107651,0.013661534
noneq,16,0.02,9.95,0.052609773,0.013618833
noneq,16,0.02,10,0.054798779,0.015300323
noneq,16,0.02,10.05,0.053363176,0.012281609
noneq,16,0.02,10.1,0.053195882,0.014707665
noneq,16,0.02,10.15,0.050469064,0.011791711
noneq,16,0.02,10.2,0.051705235,0.012009137
noneq,16,0.02,10.25,0.052239209,0.01321307
noneq,16,0.02,10.3,0.052197428,0.011607103
noneq,16,0.02,10.35,0.051099295,0.013122518
noneq,16,0.02,10.4,0.050107614,0.012637032
noneq,16,0.02,10.45,0.052378094,0.01042363
noneq,16,0.02,10.5,0.05066941,0.010896063
noneq,16,0.02,10.55,0.053957624,0.014178272
noneq,16,0.02,10.6,0.050772822,0.013497978
noneq,16,0.02,10.65,0.052931459,0.013380239
noneq,16,0.02,10.7,0.051614542,0.012135512
noneq,16,0.02,10.75,0.052488469,0.012890061
noneq,16,0.02,10.8,0.05343428,0.011999624
noneq,16,0.02,10.85,0.047545929,0.012303261
noneq,16,0.02,10.9,0.052624936,0.014086143
noneq,16,0.02,10.95,0.053851253,0.012847859
noneq,16,0.02,11,0.053326866,0.013015917
noneq,16,0.02,11.05,0.051780441,0.013246977
noneq,16,0.02,11.1,0.049837613,0.012150791
noneq,16,0.02,11.15,0.049912058,0.01167821
noneq,16,0.02,11.2,0.050512204,0.012874322
noneq,16,0.02,11.25,0.051978605,0.011552262
noneq,16,0.02,11.3,0.051114019,0.012550868
noneq,16,0.02,11.35,0.048865377,0.01252157
noneq,16,0.02,11.4,0.049292878,0.013362157
noneq,16,0.02,11.45,0.047684017,0.011856591
noneq,16,0.02,11.5,0.047584982,0.012912349
noneq,16,0.02,11.55,0.047854023,0.011730755
noneq,16,0.02,11.6,0.047763378,0.012552017
noneq,16,0.02,11.65,0.049762886,0.014454251
noneq,16,0.02,11.7,0.053736278,0.016070464
noneq,16,0.02,11.75,0.051398402,0.011385142
noneq,16,0.02,11.8,0.053954615,0.016151375
noneq,16,0.02,11.85,0.054127824,0.014729297
noneq,16,0.02,11.9,0.050524336,0.014899296
noneq,16,0.02,11.95,0.051964355,0.012481263
noneq,16,0.02,12,0.049438993,0.013136053
noneq,16,0.02,12.05,0.048799028,0.012430919
noneq,16,0.02,12.1,0.051209964,0.012397995
noneq,16,0.02,12.15,0.051483851,0.012588477
noneq,16,0.02,12.2,0.049612859,0.014644849
noneq,16,0.02,12.25,0.052726171,0.014124391
noneq,16,0.02,12.3,0.049452931,0.012802753
noneq,16,0.02,12.35,0.048415512,0.012355107
noneq,16,0.02,12.4,0.051112146,0.013099044
noneq,16,0.02,12.45,0.052516218,0.011756252
noneq,16,0.02,12.5,0.051349323,0.01364983
noneq,16,0.02,12.55,0.050323519,0.011576868
noneq,16,0.02,12.5664,0.049772458,0.012851861
noneq,16,0.05,0,0.56777678,0.47366038
noneq,16,0.05,0.05,0.4411665,0.38085985
noneq,16,0.05,0.1,0.3809026,0.32526956
noneq,16,0.05,0.15,0.33596313,0.28040493
noneq,16,0.05,0.2,0.29849905,0.2500559
noneq,16,0.05,0.25,0.2702803,0.21904954
noneq,16,0.05,0.3,0.24514018,0.19151971
noneq,16,0.05,0.35,0.21428851,0.16998136
noneq,16,0.05,0.4,0.19268173,0.14768927
noneq,16,0.05,0.45,0.177934,0.13520232
noneq,16,0.05,0.5,0.1676675,0.12494247
noneq,16,0.05,0.55,0.15913008,0.11933022
noneq,16,0.05,0.6,0.15519125,0.11411146
noneq,16,0.05,0.65,0.14800436,0.10893923
noneq,16,0.05,0.7,0.14058336,0.10213748
noneq,16,0.05,0.75,0.13418214,0.097007977
noneq,16,0.05,0.8,0.12965401,0.090847956
noneq,16,0.05,0.85,0.12605077,0.086152705
noneq,16,0.05,0.9,0.1166417,0.081478929
noneq,16,0.05,0.95,0.11515423,0.077772581
noneq,16,0.05,1,0.11658381,0.073429902
noneq,16,0.05,1.05,0.11006951,0.071770676
noneq,16,0.05,1.1,0.10777448,0.066742495
noneq,16,0.05,1.15,0.10619965,0.065105328
noneq,16,0.05,1.2,0.099838018,0.057958373
noneq,16,0.05,1.25,0.097375983,0.056061201
noneq,16,0.05,1.3,0.092461558,0.055113079
noneq,16,0.05,1.35,0.087925022,0.0496808
noneq,16,0.05,1.4,0.084866779,0.044712664
noneq,16,0.05,1.45,0.081806569,0.042913546
noneq,16,0.05,1.5,0.076642247,0.037802754
noneq,16,0.05,1.55,0.074387876,0.035442314
noneq,16,0.05,1.6,0.073711588,0.034140488
noneq,16,0.05,1.65,0.072641649,0.03390543
noneq,16,0.05,1.7,0.06984275,0.029475194
noneq,16,0.05,1.75,0.069359145,0.028988747
noneq,16,0.05,1.8,0.06521418,0.026764106
noneq,16,0.05,1.85,0.064919979,0.026562464
noneq,16,0.05,1.9,0.064466827,0.026284019
noneq,16,0.05,1.95,0.065409638,0.024789909
noneq,16,0.05,2,0.060214057,0.024555904
noneq,16,0.05,2.05,0.062033001,0.02508375
noneq,16,0.05,2.1,0.062654676,0.025091698
noneq,16,0.05,2.15,0.055908014,0.020816003
noneq,16,0.05,2.2,0.061605406,0.02174305
noneq,16,0.05,2.25,0.062911762,0.021169882
noneq,16,0.05,2.3,0.060366985,0.022656582
noneq,16,0.05,2.35,0.057639753,0.020984427
noneq,16,0.05,2.4,0.057166822,0.019451001
noneq,16,0.05,2.45,0.058268481,0.020500618
noneq,16,0.05,2.5,0.057145549,0.018307408
noneq,16,0.05,2.55,0.058754721,0.019693896
noneq,16,0.05,2.6,0.05731954,0.017548386
noneq,16,0.05,2.65,0.054852229,0.019557244
noneq,16,0.05,2.7,0.057020508,0.018265022
noneq,16,0.05,2.75,0.05157073,0.016350301
noneq,16,0.05,2.8,0.053928404,0.016868183
noneq,16,0.05,2.85,0.053212746,0.016610016
noneq,16,0.05,2.9,0.053709005,0.015584004
noneq,16,0.05,2.95,0.051743603,0.014998505
noneq,16,0.05,3,0.051488932,0.016111031
noneq,16,0.05,3.05,0.05486071,0.015813035
noneq,16,0.05,3.1,0.050157167,0.015650956
noneq,16,0.05,3.15,0.050533941,0.015835151
noneq,16,0.05,3.2,0.050723511,0.015573492
noneq,16,0.05,3.25,0.054930496,0.016856363
noneq,16,0.05,3.3,0.051280947,0.015961433
noneq,16,0.05,3.35,0.055502531,0.015448644
noneq,16,0.05,3.4,0.05365392,0.01394409
noneq,16,0.05,3.45,0.048199441,0.013146563
noneq,16,0.05,3.5,0.049946229,0.013602197
noneq,16,0.05,3.55,0.052160584,0.013076295
noneq,16,0.05,3.6,0.054036588,0.013458328
noneq,16,0.05,3.65,0.053401871,0.013600069
noneq,16,0.05,3.7,0.054132927,0.013958773
noneq,16,0.05,3.75,0.051563785,0.013336327
noneq,16,0.05,3.8,0.05274476,0.013945661
noneq,16,0.05,3.85,0.051566143,0.014154868
noneq,16,0.05,3.9,0.054542521,0.017027126
noneq,16,0.05,3.95,0.053132638,0.014123072
noneq,16,0.05,4,0.054321289,0.012650133
noneq,16,0.05,4.05,0.052395726,0.014655583
noneq,16,0.05,4.1,0.053353023,0.01470865
noneq,16,0.05,4.15,0.050721741,0.012712866
noneq,16,0.05,4.2,0.05022744,0.013604761
noneq,16,0.05,4.25,0.052912451,0.015657153
noneq,16,0.05,4.3,0.050071503,0.011930564
noneq,16,0.05,4.35,0.052731187,0.013893205
noneq,16,0.05,4.4,0.052336829,0.015245217
noneq,16,0.05,4.45,0.050059757,0.012023542
noneq,16,0.05,4.5,0.049906007,0.011373477
noneq,16,0.05,4.55,0.04957498,0.012089252
noneq,16,0.05,4.6,0.053275481,0.014329746
noneq,16,0.05,4.65,0.053370797,0.013851884
noneq,16,0.05,4.7,0.047607169,0.010981548
noneq,16,0.05,4.75,0.051976623,0.012170081
noneq,16,0.05,4.8,0.053344257,0.013497286
noneq,16,0.05,4.85,0.054648898,0.013456715
noneq,16,0.05,4.9,0.051108887,0.014345043
noneq,16,0.05,4.95,0.047561997,0.012217071
noneq,16,0.05,5,0.050143445,0.01314878
noneq,16,0.05,5.05,0.051995913,0.014891759
noneq,16,0.05,5.1,0.048748712,0.013308751
noneq,16,0.05,5.15,0.05319308,0.013412349
noneq,16,0.05,5.2,0.054541122,0.013214415
noneq,16,0.05,5.25,0.050068135,0.013926146
noneq,16,0.05,5.3,0.054284498,0.014821909
noneq,16,0.05,5.35,0.054264013,0.013109904
noneq,16,0.05,5.4,0.049756504,0.01332662
noneq,16,0.05,5.45,0.053959629,0.016439727
noneq,16,0.05,5.5,0.051218687,0.013116139
noneq,16,0.05,5.55,0.049004123,0.013696442
noneq,16,0.05,5.6,0.05048619,0.013375891
noneq,16,0.05,5.65,0.052980761,0.01356712
noneq,16,0.05,5.7,0.051468293,0.013454565
noneq,16,0.05,5.75,0.053435345,0.013135298
noneq,16,0.05,5.8,0.053423441,0.015995515
noneq,16,0.05,5.85,0.052524583,0.012595749
noneq,16,0.05,5.9,0.054140605,0.014117645
noneq,16,0.05,5.95,0.054010205,0.01311848
noneq,16,0.05,6,0.050562429,0.013277031
noneq,16,0.05,6.05,0.053989201,0.014388551
noneq,16,0.05,6.1,0.052613732,0.012811716
noneq,16,0.05,6.15,0.049411181,0.011442407
noneq,16,0.05,6.2,0.05516585,0.013458212
noneq,16,0.05,6.25,0.054510393,0.011942951
noneq,16,0.05,6.3,0.04550559,0.011921428
noneq,16,0.05,6.35,0.047554456,0.013319438
noneq,16,0.05,6.4,0.051385356,0.014168135
noneq,16,0.05,6.45,0.050855491,0.01432397
noneq,16,0.05,6.5,0.051549238,0.012770652
noneq,16,0.05,6.55,0.05594704,0.013365691
noneq,16,0.05,6.6,0.051423437,0.013631623
noneq,16,0.05,6.65,0.053552479,0.01412251
noneq,16,0.05,6.7,0.050991299,0.013018668
noneq,16,0.05,6.75,0.051160999,0.012105903
noneq,16,0.05,6.8,0.051029726,0.012416066
noneq,16,0.05,6.85,0.049751656,0.013438928
noneq,16,0.05,6.9,0.047430921,0.012099644
noneq,16,0.05,6.95,0.051894995,0.014677097
noneq,16,0.05,7,0.057091052,0.01352156
noneq,16,0.05,7.05,0.057133735,0.014263104
noneq,16,0.05,7.1,0.052556533,0.012144822
noneq,16,0.05,7.15,0.051233792,0.013009769
noneq,16,0.05,7.2,0.050459396,0.013189849
noneq,16,0.05,7.25,0.05465082,0.01303338
noneq,16,0.05,7.3,0.05311541,0.014409903
noneq,16,0.05,7.35,0.048658589,0.012099609
noneq,16,0.05,7.4,0.0500394,0.012208467
noneq,16,0.05,7.45,0.050920551,0.013680617
noneq,16,0.05,7.5,0.052583012,0.014615875
noneq,16,0.05,7.55,0.054196989,0.015526356
noneq,16,0.05,7.6,0.052747464,0.014470394
noneq,16,0.05,7.65,0.051043149,0.013183928
noneq,16,0.05,7.7,0.054236209,0.013818382
noneq,16,0.05,7.75,0.050970758,0.014888432
noneq,16,0.05,7.8,0.050644662,0.014228149
noneq,16,0.05,7.85,0.053231048,0.015200521
noneq,16,0.05,7.9,0.057267796,0.012128377
noneq,16,0.05,7.95,0.054530603,0.013798006
noneq,16,0.05,8,0.052088782,0.01327358
noneq,16,0.05,8.05,0.051383186,0.013718903
noneq,16,0.05,8.1,0.051757149,0.013847884
noneq,16,0.05,8.15,0.052178286,0.011504929
noneq,16,0.05,8.2,0.049675258,0.011496214
noneq,16,0.05,8.25,0.054448989,0.012152686
noneq,16,0.05,8.3,0.054437367,0.013192485
noneq,16,0.05,8.35,0.049701505,0.014049317
noneq,16,0.05,8.4,0.052657987,0.011888087
noneq,16,0.05,8.45,0.05218258,0.011606892
noneq,16,0.05,8.5,0.048868614,0.014631166
noneq,16,0.05,8.55,0.048222277,0.011732676
noneq,16,0.05,8.6,0.050046738,0.013945161
noneq,16,0.05,8.65,0.053214344,0.015278117
noneq,16,0.05,8.7,0.053904602,0.014457403
noneq,16,0.05,8.75,0.056161338,0.014753096
noneq,16,0.05,8.8,0.052873972,0.011962812
noneq,16,0.05,8.85,0.052854589,0.013226198
noneq,16,0.05,8.9,0.051144247,0.012350624
noneq,16,0.05,8.95,0.052223046,0.012612424
noneq,16,0.05,9,0.048747853,0.012439861
noneq,16,0.05,9.05,0.050591814,0.013886157
noneq,16,0.05,9.1,0.052777963,0.012084018
noneq,16,0.05,9.15,0.051180291,0.011953216
noneq,16,0.05,9.2,0.047119463,0.010860565
noneq,16,0.05,9.25,0.050918791,0.013847164
noneq,16,0.05,9.3,0.051377972,0.014730712
noneq,16,0.05,9.35,0.052262788,0.013449538
noneq,16,0.05,9.4,0.050814249,0.01510126
noneq,16,0.05,9.45,0.052750687,0.013447073
noneq,16,0.05,9.5,0.051002797,0.013627547
noneq,16,0.05,9.55,0.050607708,0.014136269
noneq,16,0.05,9.6,0.049827622,0.011275268
noneq,16,0.05,9.65,0.047412816,0.012837047
noneq,16,0.05,9.7,0.048865907,0.012503686
noneq,16,0.05,9.75,0.047063972,0.011401103
noneq,16,0.05,9.8,0.051339716,0.013508472
noneq,16,0.05,9.85,0.051560404,0.013341982
noneq,16,0.05,9.9,0.052584949,0.012894672
noneq,16,0.05,9.95,0.053958541,0.014140001
noneq,16,0.05,10,0.046957664,0.012310674
noneq,16,0.05,10.05,0.048316828,0.012287262
noneq,16,0.05,10.1,0.053125711,0.012214111
noneq,16,0.05,10.15,0.050450486,0.012997006
noneq,16,0.05,10.2,0.053210283,0.013420714
noneq,16,0.05,10.25,0.048447637,0.011284744
noneq,16,0.05,10.3,0.051465191,0.01202056
noneq,16,0.05,10.35,0.05580735,0.013327281
noneq,16,0.05,10.4,0.050796936,0.011683669
noneq,16,0.05,10.45,0.052410068,0.012584544
noneq,16,0.05,10.5,0.049365862,0.013087922
noneq,16,0.05,10.55,0.050045223,0.012646415
noneq,16,0.05,10.6,0.049655982,0.011775857
noneq,16,0.05,10.65,0.053346493,0.012215137
noneq,16,0.05,10.7,0.048682235,0.011957854
noneq,16,0.05,10.75,0.052428252,0.011719777
noneq,16,0.05,10.8,0.050378164,0.012410344
noneq,16,0.05,10.85,0.053872303,0.012937223
noneq,16,0.05,10.9,0.048804992,0.011359913
noneq,16,0.05,10.95,0.052578643,0.012300403
noneq,16,0.05,11,0.051203791,0.011018381
noneq,16,0.05,11.05,0.049871467,0.012021115
noneq,16,0.05,11.1,0.053060557,0.012355204
noneq,16,0.05,11.15,0.052086525,0.013347463
noneq,16,0.05,11.2,0.05053542,0.013316114
noneq,16,0.05,11.25,0.047815233,0.011792088
noneq,16,0.05,11.3,0.050558846,0.01150065
noneq,16,0.05,11.35,0.055424305,0.014929409
noneq,16,0.05,11.4,0.05413691,0.014308
noneq,16,0.05,11.45,0.049600396,0.013669929
noneq,16,0.05,11.5,0.053503936,0.013679513
noneq,16,0.05,11.55,0.052573364,0.013836396
noneq,16,0.05,11.6,0.049560672,0.012097831
noneq,16,0.05,11.65,0.05426059,0.01218596
noneq,16,0.05,11.7,0.052236213,0.014609066
noneq,16,0.05,11.75,0.054543111,0.013371459
noneq,16,0.05,11.8,0.05387742,0.012135337
noneq,16,0.05,11.85,0.053093725,0.012291033
noneq,16,0.05,11.9,0.050948139,0.012803046
noneq,16,0.05,11.95,0.053401262,0.013641677
noneq,16,0.05,12,0.051452623,0.011820551
noneq,16,0.05,12.05,0.052441289,0.011843043
noneq,16,0.05,12.1,0.054042803,0.01319116
noneq,16,0.05,12.15,0.051826466,0.012396488
noneq,16,0.05,12.2,0.054863263,0.013112614
noneq,16,0.05,12.25,0.050798982,0.014995217
noneq,16,0.05,12.3,0.052870288,0.012502821
noneq,16,0.05,12.35,0.05146808,0.013536916
noneq,16,0.05,12.4,0.049465012,0.013039935
noneq,16,0.05,12.45,0.048673158,0.013040364
noneq,16,0.05,12.5,0.051068828,0.013060907
noneq,16,0.05,12.55,0.049600495,0.013032896
noneq,16,0.05,12.5664,0.048563872,0.01404414
